window_idx,start_sec,end_sec,n_beats,HRV_MeanNN,HRV_SDNN,HRV_RMSSD,HRV_pNN50
0,0.0,60.0,161,370.775,10.988816499073705,4.975411237388531,0.0
1,60.0,120.0,156,384.6709677419355,9.732199653539546,5.296408977028497,0.0
2,120.0,180.0,159,376.43037974683546,8.690991813848234,3.8308170454445865,0.0
3,180.0,240.0,159,378.9873417721519,21.857380027776117,9.018028651780345,0.6329113924050633
4,240.0,300.0,146,408.88275862068963,14.216336186211516,7.623064417352848,0.0
5,300.0,360.0,143,418.98591549295776,47.87083476916142,55.73493499344379,4.225352112676056
6,360.0,420.0,147,409.94520547945206,10.485971463993879,6.302708777266683,0.0
7,420.0,480.0,148,404.2448979591837,12.05671065158701,5.800330647164725,0.0
8,480.0,540.0,152,396.3708609271523,8.057804410664842,4.478094832999111,0.0
9,540.0,600.0,154,387.7647058823529,10.585345322837378,6.0524027416694945,0.0
10,600.0,660.0,154,390.98039215686276,8.91514868978587,3.8661826678330438,0.0
11,660.0,720.0,159,377.7974683544304,57.876736962686806,82.02904565585406,1.2658227848101267
12,720.0,780.0,166,360.2181818181818,10.492780751238913,4.213798471803749,0.0
13,780.0,840.0,155,387.84415584415586,15.24275457159244,7.202033118901331,0.0
14,840.0,900.0,153,390.4736842105263,7.674631270924336,5.084712837099219,0.0
15,900.0,960.0,158,380.50955414012736,9.223449653892159,3.4343662872314296,0.0
16,960.0,1020.0,158,381.04458598726114,10.632765005134729,4.640954808922571,0.0
17,1020.0,1080.0,156,384.9032258064516,5.630130207195839,3.8002050525673536,0.0
18,1080.0,1140.0,156,383.01935483870966,8.31011820109251,3.854496446637726,0.0
19,1140.0,1200.0,160,376.50314465408803,14.08647534044331,6.021060085812301,0.0
20,1200.0,1260.0,156,384.28387096774196,17.865934660183438,7.185844671043456,0.6451612903225806
21,1260.0,1320.0,159,376.17721518987344,9.111845015361686,3.4530518210679797,0.0
22,1320.0,1380.0,164,366.3803680981595,9.382284718038246,4.309048762147848,0.0
23,1380.0,1440.0,156,384.10322580645163,12.828121601088629,5.9783157946247485,0.0
24,1440.0,1500.0,151,396.85333333333335,7.423332223303707,4.793731925317902,0.0
25,1500.0,1560.0,156,386.3225806451613,12.204925279952898,6.174938876610045,0.0
26,1560.0,1620.0,159,375.7974683544304,30.34509781995791,42.06879412926458,1.2658227848101267
27,1620.0,1680.0,159,377.7974683544304,15.273623028899479,6.132299368214282,0.0
28,1680.0,1740.0,152,395.20529801324506,12.106371810356562,5.571355310873647,0.0
29,1740.0,1800.0,153,391.8157894736842,12.900752610435179,5.628687165343089,0.0
30,1800.0,1860.0,152,396.3973509933775,7.3865458505751524,3.973243846867024,0.0
31,1860.0,1920.0,152,393.50993377483445,6.657194153364086,3.3146141052416143,0.0
32,1920.0,1980.0,143,419.1830985915493,232.5830476164537,317.820414075051,3.5211267605633805
33,1980.0,2040.0,153,391.7105263157895,17.62058984472779,12.035268261206532,1.3157894736842104
34,2040.0,2100.0,155,387.42857142857144,7.548412067662351,3.8805700005813275,0.0
35,2100.0,2160.0,161,373.3,17.267703521477905,7.0004492218839856,0.0
36,2160.0,2220.0,158,379.3375796178344,9.112933989614382,4.272752070552451,0.0
37,2220.0,2280.0,156,384.6193548387097,4.46962470858679,3.5161962919661303,0.0
38,2280.0,2340.0,154,390.6666666666667,7.0037583895325355,4.588314677411235,0.0
39,2340.0,2400.0,153,391.44736842105266,22.28318329883754,10.273092223914842,1.3157894736842104
40,2400.0,2460.0,158,378.6496815286624,12.742451884395365,6.176879969195302,0.0
41,2460.0,2520.0,153,392.89473684210526,12.825449604056121,5.5337615196438845,0.0
42,2520.0,2580.0,156,385.9612903225806,8.689360467677895,4.682101870108971,0.0
43,2580.0,2640.0,152,394.5430463576159,8.046311866801874,4.548992562461861,0.0
44,2640.0,2700.0,145,413.1666666666667,38.39543970590505,10.869859527788119,0.6944444444444444
45,2700.0,2760.0,150,401.28859060402687,11.411406871370646,4.532167311622612,0.0
46,2760.0,2820.0,153,390.39473684210526,14.002912608443047,5.105509295414407,0.0
47,2820.0,2880.0,154,389.77777777777777,5.086388210630385,3.797506106852094,0.0
48,2880.0,2940.0,148,405.2517006802721,14.994448076380587,6.359115989222367,0.0
49,2940.0,3000.0,150,401.1275167785235,12.83643915356972,5.040377506239528,0.0
50,3000.0,3060.0,156,385.18709677419355,20.207619463303708,5.325752187591567,0.0
51,3060.0,3120.0,159,376.7088607594937,13.615420162807608,6.526769960298101,0.0
52,3120.0,3180.0,154,390.4575163398693,11.127246625965482,5.581925719394885,0.0
53,3180.0,3240.0,152,393.35099337748346,12.016765330429921,6.740919818541086,0.0
54,3240.0,3300.0,167,359.56626506024094,10.252795948108968,3.6976651109487015,0.0
55,3300.0,3360.0,157,382.0769230769231,20.11821144539908,7.431406761280996,0.0
56,3360.0,3420.0,154,388.83660130718954,17.36695952404263,6.24078267696069,0.0
57,3420.0,3480.0,132,455.08396946564886,128.3980013125018,84.23483657197711,6.870229007633588
58,3480.0,3540.0,152,395.682119205298,30.12338424124513,15.724291186992605,1.9867549668874174
59,3540.0,3600.0,154,390.48366013071893,7.497459723451774,4.316431274486879,0.0
60,3600.0,3660.0,151,397.14666666666665,10.812239315500742,4.948052291206113,0.0
61,3660.0,3720.0,156,384.56774193548387,4.382698206508622,3.5161962919661303,0.0
62,3720.0,3780.0,159,375.8987341772152,6.525979315842107,3.5691530512412486,0.0
63,3780.0,3840.0,160,374.9685534591195,44.12918626947101,42.540821794922365,1.257861635220126
64,3840.0,3900.0,155,387.61038961038963,8.036120815151323,4.641388117808154,0.0
65,3900.0,3960.0,147,408.05479452054794,60.38037827226917,15.9308852060479,1.36986301369863
66,3960.0,4020.0,153,392.57894736842104,16.200125220589328,6.7657101945831295,0.0
67,4020.0,4080.0,153,391.3421052631579,34.53975639314,43.564369668752946,1.3157894736842104
68,4080.0,4140.0,153,394.3421052631579,22.76953502686956,6.9511064439197,0.0
69,4140.0,4200.0,153,390.4736842105263,16.03925126178555,8.267065432239372,0.6578947368421052
70,4200.0,4260.0,154,391.24183006535947,26.60333035735397,8.284417839979369,0.0
71,4260.0,4320.0,144,416.27972027972027,68.75250628921076,46.292395871168274,3.4965034965034967
72,4320.0,4380.0,156,383.8709677419355,43.36596152730001,60.300545968969836,2.5806451612903225
73,4380.0,4440.0,154,389.6732026143791,16.986771193986076,8.391725247622144,0.0
74,4440.0,4500.0,150,401.1275167785235,15.665976471064491,9.51243851420268,0.6711409395973155
75,4500.0,4560.0,156,384.6967741935484,69.61735622837095,91.61353044741242,2.5806451612903225
76,4560.0,4620.0,153,392.44736842105266,71.14063950412182,90.67517165667175,2.631578947368421
77,4620.0,4680.0,152,394.49006622516555,8.845237927584819,5.091168824543142,0.0
78,4680.0,4740.0,147,407.67123287671234,167.35409948675073,170.25255074295586,4.10958904109589
79,4740.0,4800.0,150,399.86577181208054,10.889281686607303,5.835585150955648,0.0
80,4800.0,4860.0,133,449.7878787878788,94.18813642277011,25.83092412635239,3.0303030303030303
81,4860.0,4920.0,145,414.94444444444446,58.63908548521495,66.27089985681626,4.861111111111112
82,4920.0,4980.0,152,394.03973509933775,26.484179125080693,9.622196561423316,0.6622516556291391
83,4980.0,5040.0,158,380.3312101910828,9.596599648213976,3.8430756913220914,0.0
84,5040.0,5100.0,152,393.66887417218544,23.764882173578346,8.775724091682312,0.0
85,5100.0,5160.0,153,394.42105263157896,5.789378623383834,4.498712104150085,0.0
86,5160.0,5220.0,151,396.3466666666667,6.250891658990618,3.918635565855362,0.0
87,5220.0,5280.0,150,399.3020134228188,4.712984791877358,4.06700633642739,0.0
88,5280.0,5340.0,162,370.6583850931677,18.21507122895149,4.312771730569565,0.0
89,5340.0,5400.0,153,393.2105263157895,28.265681711840323,11.100981401636082,0.0
90,5400.0,5460.0,152,394.03973509933775,38.34125381269318,43.57858801445193,1.9867549668874174
91,5460.0,5520.0,148,405.6054421768707,12.741130583116128,7.252774622585993,0.0
92,5520.0,5580.0,146,409.8758620689655,12.499379294933837,7.203394261658103,0.0
93,5580.0,5640.0,148,407.5374149659864,13.26250875503231,6.776268015595169,0.0
94,5640.0,5700.0,156,383.43225806451613,10.458960835147634,5.2570299253821675,0.0
95,5700.0,5760.0,153,391.2105263157895,25.64780087624244,24.65980454636453,1.9736842105263157
96,5760.0,5820.0,150,400.77852348993287,13.554118571032946,7.0672445794627725,0.0
97,5820.0,5880.0,148,405.65986394557825,14.443795937261536,11.453300056829946,1.3605442176870748
98,5880.0,5940.0,151,397.8666666666667,111.91047876437082,142.04451518908434,3.3333333333333335
99,5940.0,6000.0,157,380.53846153846155,25.388182319513025,9.787417861065133,0.0
100,6000.0,6060.0,149,403.7027027027027,17.149784100288937,8.234653836654205,0.0
101,6060.0,6120.0,147,408.5753424657534,17.0677496310473,7.986194985399967,0.0
102,6120.0,6180.0,144,415.86013986013984,27.87664007645348,28.441192106708613,2.797202797202797
103,6180.0,6240.0,146,413.15862068965515,11.58463773355147,7.393691004272944,0.0
104,6240.0,6300.0,145,412.02777777777777,9.905811280510907,4.6469781142593725,0.0
105,6300.0,6360.0,149,403.7837837837838,7.403382698571238,4.99251139888806,0.0
106,6360.0,6420.0,146,411.6413793103448,17.825806769209073,8.103497187428813,0.0
107,6420.0,6480.0,163,367.75308641975306,11.993301302357546,3.3213033436621107,0.0
108,6480.0,6540.0,162,371.03105590062114,71.57622006995832,89.809242286081,3.7267080745341614
109,6540.0,6600.0,155,384.90909090909093,24.063196652878027,10.817560161290404,0.0
110,6600.0,6660.0,153,393.44736842105266,76.21447512247586,92.81470538887596,4.605263157894736
111,6660.0,6720.0,145,412.9166666666667,25.345583469287135,12.644687101233936,0.6944444444444444
112,6720.0,6780.0,159,378.50632911392404,31.536400328421024,39.69309009479969,1.2658227848101267
113,6780.0,6840.0,156,384.3354838709677,132.58818567079098,181.43669068651116,10.32258064516129
114,6840.0,6900.0,145,414.8611111111111,21.68129325198285,12.877040879727835,0.6944444444444444
115,6900.0,6960.0,147,406.05479452054794,8.953350998113391,7.109003519093429,0.0
116,6960.0,7020.0,150,400.53691275167785,8.062696458895266,5.442574907304595,0.0
117,7020.0,7080.0,144,416.1958041958042,71.96920886410223,98.84117292297138,1.3986013986013985
118,7080.0,7140.0,148,406.17687074829934,52.803551753759386,68.6176621697638,2.7210884353741496
119,7140.0,7200.0,152,395.841059602649,88.44599804138355,69.39202643916182,5.960264900662252
120,7200.0,7260.0,153,391.7631578947368,21.356555778726847,12.070433473509167,0.6578947368421052
121,7260.0,7320.0,151,397.8666666666667,40.084921040892496,30.561633183107084,5.333333333333334
122,7320.0,7380.0,149,403.27027027027026,13.989595061848084,9.225814124428446,0.0
123,7380.0,7440.0,143,417.6056338028169,22.887005122911,9.082755853853456,0.0
124,7440.0,7500.0,146,412.9655172413793,9.778387302492568,6.472162612982533,0.0
125,7500.0,7560.0,148,404.10884353741494,8.439250479363317,3.874751428174069,0.0
126,7560.0,7620.0,157,381.56410256410254,32.23005599610391,42.95413908479751,1.9230769230769231
127,7620.0,7680.0,151,397.92,18.012493799746498,8.475784693731704,0.0
128,7680.0,7740.0,139,433.1014492753623,79.32675562802383,59.75815004123174,5.797101449275362
129,7740.0,7800.0,149,402.3243243243243,12.683599253230415,4.571428571428571,0.0
130,7800.0,7860.0,146,410.04137931034484,10.067739913862498,5.94418483337567,0.0
131,7860.0,7920.0,144,415.83216783216784,87.41402101848148,82.7839543546426,2.797202797202797
132,7920.0,7980.0,159,379.36708860759495,74.91280319088096,102.4688860653075,5.69620253164557
133,7980.0,8040.0,159,376.5822784810127,100.50048104520125,114.6155023362729,13.924050632911392
134,8040.0,8100.0,157,382.6923076923077,273.1150440662055,337.26428805908284,7.6923076923076925
135,8100.0,8160.0,126,478.048,275.3731150931932,358.63378751644007,42.4
136,8160.0,8220.0,163,368.44444444444446,57.800685589864635,55.152414451914765,4.320987654320987
137,8220.0,8280.0,129,465.46875,198.1577331438882,215.60798489296795,17.1875
138,8280.0,8340.0,138,433.021897810219,116.84180275013411,128.03170563207703,22.62773722627737
139,8340.0,8400.0,154,390.19607843137254,27.04748719322171,11.410982705963123,0.6535947712418301
140,8400.0,8460.0,137,438.3529411764706,43.93252897792835,41.59202202702215,4.411764705882353
141,8460.0,8520.0,137,439.0882352941176,24.901426580652643,8.950894844568252,0.0
142,8520.0,8580.0,138,433.22627737226276,20.468409195898303,8.663649550242194,0.0
143,8580.0,8640.0,141,426.9142857142857,39.927539713131324,36.47804109343577,3.571428571428571
144,8640.0,8700.0,154,389.0980392156863,5.679794179325924,3.4943563521469123,0.0
145,8700.0,8760.0,155,386.02597402597405,8.752178479101069,10.333017072959153,0.6493506493506493
146,8760.0,8820.0,142,421.7588652482269,18.125712088167482,6.80336051416609,0.0
147,8820.0,8880.0,146,413.35172413793106,16.621409818899718,5.92546294487706,0.0
148,8880.0,8940.0,144,416.2237762237762,27.099300853831505,10.25862742376963,0.6993006993006993
149,8940.0,9000.0,160,374.9937106918239,10.903197101295339,4.087647337955376,0.0
150,9000.0,9060.0,146,409.3241379310345,16.49952977386388,9.422196016735047,0.6896551724137931
151,9060.0,9120.0,147,409.5890410958904,12.705508570682198,6.7261712221995085,0.0
152,9120.0,9180.0,148,404.6530612244898,9.12669804896863,5.149810476629745,0.0
153,9180.0,9240.0,152,395.4701986754967,21.682191754838765,7.525955088890711,0.0
154,9240.0,9300.0,160,375.5974842767296,12.538103694897076,3.6561029262857105,0.0
155,9300.0,9360.0,149,401.5135135135135,17.011595279861396,8.475655413823615,0.0
156,9360.0,9420.0,152,394.78145695364236,10.512147918628935,5.184592558726288,0.0
157,9420.0,9480.0,149,402.13513513513516,11.240505380368981,5.3706179732844515,0.0
158,9480.0,9540.0,157,384.12820512820514,6.6688664691578134,4.405275429857165,0.0
159,9540.0,9600.0,150,398.9261744966443,15.412391451901373,6.3501436459598555,0.0
160,9600.0,9660.0,147,408.1917808219178,8.447252210645209,5.637314107341154,0.0
161,9660.0,9720.0,148,406.25850340136054,9.139023984468306,4.704995887497657,0.0
162,9720.0,9780.0,154,389.62091503267976,10.71583096953909,3.9868203925064476,0.0
163,9780.0,9840.0,149,401.27027027027026,11.314066011932908,5.771145679064045,0.0
164,9840.0,9900.0,147,408.2739726027397,6.503601705522241,5.210069825463656,0.0
165,9900.0,9960.0,146,411.5310344827586,12.458851813299134,8.082903768654761,0.0
166,9960.0,10020.0,156,384.56774193548387,10.772149850447807,4.27617987059879,0.0
167,10020.0,10080.0,151,396.16,10.687809024536621,6.7476070826836,0.0
168,10080.0,10140.0,153,392.1578947368421,5.579177540514497,3.9466642801734926,0.0
169,10140.0,10200.0,149,404.2432432432432,64.98263730654965,91.80043424674611,1.3513513513513513
170,10200.0,10260.0,150,398.496644295302,5.627663526834908,3.986463582160496,0.0
171,10260.0,10320.0,151,399.76,19.14819633330492,5.512645621202804,0.0
172,10320.0,10380.0,156,384.7483870967742,4.7544832545729125,4.336495682598428,0.0
173,10380.0,10440.0,151,397.3066666666667,14.91269747099087,5.384541632358694,0.0
174,10440.0,10500.0,153,390.07894736842104,6.996239591455729,5.600378416731857,0.0
175,10500.0,10560.0,156,385.05806451612904,6.575474610965128,4.051615037930481,0.0
176,10560.0,10620.0,152,394.8079470198675,12.443319616987571,7.317558791473196,0.0
177,10620.0,10680.0,147,408.8767123287671,23.112286749083204,10.69708307001944,0.684931506849315
178,10680.0,10740.0,153,391.3157894736842,8.167469841451164,3.72569385510763,0.0
179,10740.0,10800.0,156,385.4451612903226,4.248975331761812,3.3959486940275663,0.0
180,10800.0,10860.0,158,378.80254777070064,12.522512798978802,4.06359699192975,0.0
181,10860.0,10920.0,160,376.32704402515725,8.431028328458202,4.7414146262721895,0.0
182,10920.0,10980.0,158,379.312101910828,6.045610298967633,3.4194016570604413,0.0
183,10980.0,11040.0,162,370.16149068322983,6.557343804008996,3.5071355833500366,0.0
184,11040.0,11100.0,159,377.34177215189874,6.314246506225834,3.1923475378704884,0.0
185,11100.0,11160.0,162,369.81366459627327,9.131815926298627,3.82099463490856,0.0
186,11160.0,11220.0,160,376.9308176100629,5.515363463762786,3.485957362644761,0.0
187,11220.0,11280.0,159,377.24050632911394,10.382757865254044,4.365469601401931,0.0
188,11280.0,11340.0,152,392.7417218543046,9.889026629659726,5.8423739467217715,0.0
189,11340.0,11400.0,151,399.2,10.025470917323233,4.634275570907938,0.0
190,11400.0,11460.0,151,397.5466666666667,9.729624496411118,6.121806111525755,0.0
191,11460.0,11520.0,150,398.73825503355704,6.851115487349845,4.741991826910553,0.0
192,11520.0,11580.0,154,390.1437908496732,14.966813420229718,4.909711107376353,0.0
193,11580.0,11640.0,157,380.61538461538464,7.24365042392438,3.705270875127015,0.0
194,11640.0,11700.0,152,396.26490066225165,6.656026829628386,4.320493798938574,0.0
195,11700.0,11760.0,154,390.37908496732024,9.25018245620032,3.3086807674740446,0.0
196,11760.0,11820.0,155,386.05194805194805,20.092528513421183,9.792620938063584,0.6493506493506493
197,11820.0,11880.0,147,408.986301369863,10.625270009628714,7.846809147233253,0.684931506849315
198,11880.0,11940.0,154,388.3137254901961,10.911407953578298,4.154895653892748,0.0
199,11940.0,12000.0,151,397.46666666666664,7.704846088264703,4.6573893081623785,0.0
200,12000.0,12060.0,149,403.0,7.211102550927978,4.814942727529348,0.0
201,12060.0,12120.0,150,399.248322147651,6.855561995482066,4.1459847068204665,0.0
202,12120.0,12180.0,150,400.4563758389262,6.810646694575427,4.809899701151276,0.0
203,12180.0,12240.0,152,396.05298013245033,11.865798514762334,4.548992562461861,0.0
204,12240.0,12300.0,150,399.51677852348996,13.532046062331046,3.9592519085902675,0.0
205,12300.0,12360.0,162,368.7701863354037,8.408513875237533,3.4641016151377544,0.0
206,12360.0,12420.0,152,396.4503311258278,8.46064516194193,6.740919818541086,0.0
207,12420.0,12480.0,149,401.56756756756755,14.423224922751302,11.682884743006213,0.6756756756756757
208,12480.0,12540.0,155,386.2857142857143,7.971939583833491,4.302302165302738,0.0
209,12540.0,12600.0,150,401.26174496644296,9.112951855963743,5.301708036860207,0.0
210,12600.0,12660.0,166,360.77575757575755,13.331766352858635,4.6852128566581825,0.0
211,12660.0,12720.0,156,385.0838709677419,13.517163134475437,7.782764841072135,0.0
212,12720.0,12780.0,151,397.06666666666666,12.789816978538788,5.656854249492381,0.0
213,12780.0,12840.0,149,402.27027027027026,5.601985307213807,4.499433070863892,0.0
214,12840.0,12900.0,156,386.27096774193546,19.129194957100125,8.077546239220995,0.0
215,12900.0,12960.0,153,391.5263157894737,9.534147321320859,5.9400983335228155,0.0
216,12960.0,13020.0,149,403.2972972972973,12.698202486462543,9.612916480720413,0.6756756756756757
217,13020.0,13080.0,148,405.38775510204084,4.789327432394103,4.3541823698128495,0.0
218,13080.0,13140.0,126,475.84,84.67227142569813,18.813173147318018,3.2
219,13140.0,13200.0,153,392.57894736842104,32.70549426588779,35.53936349480522,2.631578947368421
220,13200.0,13260.0,148,404.1904761904762,14.171809434521824,5.884737631050459,0.0
221,13260.0,13320.0,149,402.8918918918919,24.35037194959188,24.97781328424458,2.027027027027027
222,13320.0,13380.0,152,396.02649006622516,10.856609059227502,4.811098280711658,0.0
223,13380.0,13440.0,150,399.48993288590606,8.923562379229821,5.372603173961842,0.0
224,13440.0,13500.0,152,394.9139072847682,12.682239758733989,4.48998886412873,0.0
225,13500.0,13560.0,153,391.2105263157895,8.915075095565252,4.342916894475173,0.0
226,13560.0,13620.0,148,405.5238095238095,17.09495372682753,7.350333139407626,0.0
227,13620.0,13680.0,151,397.46666666666664,13.813069711493755,5.675805238084826,0.0
228,13680.0,13740.0,159,378.0506329113924,15.493494615258694,4.07571649751953,0.0
229,13740.0,13800.0,157,380.7435897435897,33.26780324633798,43.950705524815326,1.282051282051282
230,13800.0,13860.0,151,396.53333333333336,43.63525861254228,55.1176898240812,4.0
231,13860.0,13920.0,150,400.93959731543623,94.30873882496608,133.2268944523042,3.3557046979865772
232,13920.0,13980.0,156,384.8774193548387,7.124437078579328,3.5893059054804572,0.0
233,13980.0,14040.0,157,382.7692307692308,5.539123202825462,3.6913150030325106,0.0
234,14040.0,14100.0,161,372.225,36.71339789376162,43.91071558738512,1.25
235,14100.0,14160.0,158,379.05732484076435,26.905876309407493,10.28317021854592,0.6369426751592357
236,14160.0,14220.0,154,389.72549019607845,16.794514805560166,8.95015436503163,0.6535947712418301
237,14220.0,14280.0,150,399.40939597315435,8.716258048177332,5.291502622129181,0.0
238,14280.0,14340.0,163,368.2962962962963,18.653056262621092,4.073852389560214,0.0
239,14340.0,14400.0,170,353.2307692307692,31.664912232101113,7.867957924694432,0.0
240,14400.0,14460.0,148,405.2517006802721,20.11911227153737,13.81680533224092,1.3605442176870748
241,14460.0,14520.0,164,365.15337423312883,16.586318481401847,4.073400617738525,0.0
242,14520.0,14580.0,151,399.6533333333333,22.277983433455045,9.268551141815877,0.0
243,14580.0,14640.0,148,404.95238095238096,20.796908797345676,7.534396013461944,0.0
244,14640.0,14700.0,149,402.7837837837838,90.43346413759522,15.006574522907107,2.027027027027027
245,14700.0,14760.0,150,399.46308724832215,26.694093761651658,14.297987006303805,2.013422818791946
246,14760.0,14820.0,147,407.56164383561645,11.726758438974736,7.797435475847171,0.0
247,14820.0,14880.0,156,384.28387096774196,19.500834094285633,4.65985898008574,0.0
248,14880.0,14940.0,155,388.05194805194805,45.44619633023398,40.195600188451024,1.948051948051948
249,14940.0,15000.0,148,404.3265306122449,20.839952168228614,7.3800916948678585,0.0
250,15000.0,15060.0,150,399.9463087248322,10.572647802357443,6.142453071023801,0.0
251,15060.0,15120.0,159,377.2151898734177,21.12605231152879,6.771991775797204,0.0
252,15120.0,15180.0,156,385.39354838709676,19.045228728665585,9.485463930352905,0.6451612903225806
253,15180.0,15240.0,151,398.26666666666665,14.54761525541856,6.9668438156512345,0.0
254,15240.0,15300.0,151,396.93333333333334,8.30837425577647,4.587698754906627,0.0
255,15300.0,15360.0,154,388.2352941176471,30.82116598128339,6.026258331144144,0.0
256,15360.0,15420.0,155,389.2987012987013,29.20429055015111,9.333333333333334,0.0
257,15420.0,15480.0,147,405.7808219178082,9.910282469745097,7.0152543149516875,0.0
258,15480.0,15540.0,150,401.0738255033557,26.413063403830137,27.841248807033335,2.013422818791946
259,15540.0,15600.0,158,379.05732484076435,33.39012636920523,35.55422006038895,2.547770700636943
260,15600.0,15660.0,156,386.3483870967742,26.36718581194039,10.339685242263949,0.6451612903225806
261,15660.0,15720.0,147,406.8493150684931,13.468401060030857,7.239737088005909,0.0
262,15720.0,15780.0,151,398.8,5.7835684857646665,4.564232111220974,0.0
263,15780.0,15840.0,148,405.5238095238095,8.273851642649038,5.568994400260875,0.0
264,15840.0,15900.0,144,416.4475524475524,11.50240533429172,5.938653520268952,0.0
265,15900.0,15960.0,149,402.2432432432432,33.38899195794388,8.545994009209355,1.3513513513513513
266,15960.0,16020.0,151,396.72,17.395949540128143,6.8815481323599395,0.0
267,16020.0,16080.0,148,403.59183673469386,18.081912214780406,8.3156890833837,0.0
268,16080.0,16140.0,148,405.9047619047619,11.461270897837085,4.921298414259369,0.0
269,16140.0,16200.0,150,400.59060402684565,25.274175855470084,6.177553088574971,0.0
270,16200.0,16260.0,142,423.0070921985816,14.88359425383759,9.338094023943002,0.0
271,16260.0,16320.0,146,409.7655172413793,28.058969103059308,8.37323779138698,0.0
272,16320.0,16380.0,146,411.22758620689655,51.724261557962095,11.020183503211026,0.0
273,16380.0,16440.0,149,403.64864864864865,14.885899306438516,5.818104514019529,0.0
274,16440.0,16500.0,147,408.52054794520546,7.25136769794422,4.674213929856973,0.0
275,16500.0,16560.0,151,397.0933333333333,20.19447285226234,6.337276530616552,0.0
276,16560.0,16620.0,144,414.3776223776224,33.61836440538143,9.37482394200883,0.6993006993006993
277,16620.0,16680.0,145,415.3333333333333,20.1310392493468,10.662003642764416,0.0
278,16680.0,16740.0,152,395.28476821192055,9.028383010221123,4.46616912651846,0.0
279,16740.0,16800.0,144,414.6293706293706,16.663056176776184,9.57696767558265,0.6993006993006993
280,16800.0,16860.0,155,388.64935064935065,22.072824348936102,8.40790166792621,0.6493506493506493
281,16860.0,16920.0,144,417.3986013986014,14.57962105621456,7.836354426914683,0.0
282,16920.0,16980.0,143,417.2676056338028,7.701814737756278,6.082179527226933,0.0
283,16980.0,17040.0,146,411.44827586206895,7.112128758601548,3.9157800414902435,0.0
284,17040.0,17100.0,160,374.8176100628931,23.282757064628985,3.427365671042116,0.0
285,17100.0,17160.0,144,418.32167832167835,45.15616118469381,20.825228470417088,5.594405594405594
286,17160.0,17220.0,148,404.16326530612247,21.923291178882383,8.600732686214938,0.0
287,17220.0,17280.0,146,410.5931034482759,28.46257204932181,11.185307823708346,0.0
288,17280.0,17340.0,145,415.52777777777777,15.4049962127197,7.649672052936813,0.0
289,17340.0,17400.0,145,414.30555555555554,21.009913669895752,6.9362733590803725,0.0
290,17400.0,17460.0,160,373.55974842767296,15.047011223886084,4.293061814932956,0.0
291,17460.0,17520.0,144,416.1958041958042,14.251888306446231,9.075582470734238,0.0
292,17520.0,17580.0,145,414.55555555555554,7.910140237082941,5.414303770078413,0.0
293,17580.0,17640.0,152,395.3907284768212,22.58848482743181,4.430199393556307,0.0
294,17640.0,17700.0,168,357.1976047904192,22.325154520157135,7.993973633796356,0.5988023952095809
295,17700.0,17760.0,146,408.6896551724138,25.070322550715915,12.449899597988733,0.0
296,17760.0,17820.0,145,416.3888888888889,11.127431681198308,7.598306767580902,0.0
297,17820.0,17880.0,140,426.56115107913666,18.184288132816736,9.168313422570847,0.0
298,17880.0,17940.0,144,416.6713286713287,78.47272570268039,48.07505868541019,6.293706293706294
299,17940.0,18000.0,151,398.58666666666664,182.88376719722982,250.86288669203958,10.666666666666668
300,18000.0,18060.0,164,366.2822085889571,60.828793255490325,67.956413045967,3.6809815950920246
301,18060.0,18120.0,170,352.5443786982249,36.23977008032449,51.4984974353159,2.366863905325444
302,18120.0,18180.0,165,363.1219512195122,96.4784079272113,128.554397547631,14.634146341463413
303,18180.0,18240.0,149,404.3783783783784,182.61968977618787,208.71827837516088,22.2972972972973
304,18240.0,18300.0,151,397.25333333333333,336.4002527085427,455.8048563959076,10.666666666666668
305,18300.0,18360.0,166,359.7090909090909,78.52365017218467,113.04952508503173,10.909090909090908
306,18360.0,18420.0,157,380.0769230769231,97.60007525522867,110.95456786014832,10.256410256410255
307,18420.0,18480.0,155,385.7142857142857,59.17225483532734,51.68228732873006,5.844155844155844
308,18480.0,18540.0,152,396.6887417218543,33.309094940263904,7.339391437078872,0.0
309,18540.0,18600.0,143,419.63380281690144,25.60986037753013,8.667212203233893,0.0
310,18600.0,18660.0,150,396.6979865771812,24.515771178147304,20.85730152793086,2.013422818791946
311,18660.0,18720.0,152,394.4370860927152,32.93297762809399,31.78427284051029,0.6622516556291391
312,18720.0,18780.0,138,434.33576642335765,106.90693295711921,133.8040709835269,10.218978102189782
313,18780.0,18840.0,146,410.84137931034485,23.962550603339878,7.1492035298424055,0.0
314,18840.0,18900.0,142,423.34751773049646,92.28356809434113,116.24211186755242,10.638297872340425
315,18900.0,18960.0,153,391.7631578947368,11.17455532226678,4.25666598384384,0.0
316,18960.0,19020.0,145,414.69444444444446,42.587183760706935,10.364004410100732,0.0
317,19020.0,19080.0,148,406.421768707483,12.168297665783971,5.296677687055155,0.0
318,19080.0,19140.0,154,389.4901960784314,7.523749806147918,3.9735970711951314,0.0
319,19140.0,19200.0,147,407.3424657534247,43.651351972768765,16.137341574852044,2.73972602739726
320,19200.0,19260.0,147,408.1917808219178,14.482005513855938,5.92365218192407,0.0
321,19260.0,19320.0,151,396.64,13.67763078506718,4.726052313485184,0.0
322,19320.0,19380.0,148,406.01360544217687,18.24265151155459,6.2548611232570845,0.0
323,19380.0,19440.0,140,428.0863309352518,15.688767335211008,8.38217570593801,0.0
324,19440.0,19500.0,141,426.8857142857143,11.918841691033133,6.578797423508976,0.0
325,19500.0,19560.0,147,408.0,8.109594147759758,4.674213929856973,0.0
326,19560.0,19620.0,144,416.02797202797206,15.480994279649353,5.775128801685408,0.0
327,19620.0,19680.0,146,412.0551724137931,10.509109349052604,4.618802153517006,0.0
328,19680.0,19740.0,141,425.45714285714286,15.174463321704236,7.661921167124015,0.7142857142857143
329,19740.0,19800.0,145,413.6111111111111,77.44640475803645,102.52204265800223,3.4722222222222223
330,19800.0,19860.0,137,438.5,31.488269420708264,18.079659124941323,2.941176470588235
331,19860.0,19920.0,143,419.49295774647885,10.924464366098013,6.470884052857995,0.0
332,19920.0,19980.0,149,402.3243243243243,20.262299100706198,8.174957612904736,0.6756756756756757
333,19980.0,20040.0,152,394.11920529801324,13.313114913406695,5.435684562837202,0.0
334,20040.0,20100.0,161,372.275,8.59570610956497,3.766786328594047,0.0
335,20100.0,20160.0,166,361.0181818181818,2.6743422425252925,3.6021673692511236,0.0
336,20160.0,20220.0,166,362.7151515151515,28.759686822094434,39.74798660340408,1.2121212121212122
337,20220.0,20280.0,159,375.8987341772152,14.877499735758255,6.432402053536761,0.0
338,20280.0,20340.0,149,404.64864864864865,31.09976592095666,12.510675713274686,0.6756756756756757
339,20340.0,20400.0,148,404.5442176870748,33.739175086447084,25.772449982145503,1.3605442176870748
340,20400.0,20460.0,151,396.85333333333335,12.679522499989522,7.141898305730486,0.0
341,20460.0,20520.0,149,402.4054054054054,24.898115612612497,9.278751968623695,0.0
342,20520.0,20580.0,141,426.1142857142857,21.46540992450721,10.893863363968071,0.0
343,20580.0,20640.0,146,411.7241379310345,12.654864435059423,8.31330927555995,0.0
344,20640.0,20700.0,151,396.74666666666667,13.418502035175496,9.687742203077484,0.6666666666666667
345,20700.0,20760.0,140,429.64028776978415,11.842570712307728,11.57708881831898,0.7194244604316548
346,20760.0,20820.0,144,417.1188811188811,26.17990023289007,7.676560262564786,0.0
347,20820.0,20880.0,158,377.9108280254777,8.134585703426392,4.888500373062878,0.0
348,20880.0,20940.0,149,403.7837837837838,15.529011927225948,9.590244476323129,0.0
349,20940.0,21000.0,153,390.8421052631579,16.60850546607553,6.24446775021248,0.0
350,21000.0,21060.0,146,412.8551724137931,15.174439084610908,7.505553499465135,0.0
351,21060.0,21120.0,159,376.2278481012658,14.90004861881403,4.210995615817371,0.0
352,21120.0,21180.0,148,405.00680272108843,13.107300380667015,8.980953971966192,0.0
353,21180.0,21240.0,145,414.75,21.21073089016748,10.112652187519071,1.3888888888888888
354,21240.0,21300.0,153,392.3421052631579,15.70552914962247,4.25666598384384,0.0
355,21300.0,21360.0,153,391.3421052631579,16.54978652276552,7.500993311705567,0.0
356,21360.0,21420.0,146,412.8551724137931,15.3056722012647,6.968181653455624,0.0
357,21420.0,21480.0,146,409.90344827586205,6.651361742291568,4.666666666666667,0.0
358,21480.0,21540.0,163,367.25925925925924,8.027557780542274,3.3510914139420716,0.0
359,21540.0,21600.0,163,368.69135802469134,19.765483419088863,5.906097491376158,0.0
360,21600.0,21660.0,151,398.50666666666666,11.011127176643804,6.723693456075698,0.0
361,21660.0,21720.0,148,402.8843537414966,8.978297277936177,4.8653091244762985,0.0
362,21720.0,21780.0,149,405.13513513513516,13.139051544606193,5.7522548078253335,0.0
363,21780.0,21840.0,153,391.0263157894737,12.865039318549654,5.6941936268099145,0.0
364,21840.0,21900.0,144,416.27972027972027,12.099590025882902,7.128597436273892,0.0
365,21900.0,21960.0,146,411.11724137931037,13.270426314153852,5.217491947499509,0.0
366,21960.0,22020.0,145,413.5,8.565665728396677,5.812934696881584,0.0
367,22020.0,22080.0,145,414.8333333333333,9.518476695427614,5.51666261734089,0.0
368,22080.0,22140.0,141,425.8285714285714,10.559828084184096,6.578797423508976,0.0
369,22140.0,22200.0,141,423.57142857142856,12.591616976718536,5.310502692676171,0.0
370,22200.0,22260.0,149,402.81081081081084,19.14333736119458,8.430588943364087,0.6756756756756757
371,22260.0,22320.0,154,389.90849673202615,36.600503210001335,19.087058167084948,2.6143790849673203
372,22320.0,22380.0,159,377.56962025316454,11.047879058987187,5.235839258309359,0.0
373,22380.0,22440.0,149,402.6756756756757,12.03521828352911,6.936053888012618,0.0
374,22440.0,22500.0,146,410.8965517241379,50.23607105705065,57.84173810205453,2.0689655172413794
375,22500.0,22560.0,144,417.65034965034965,15.811058147260054,7.821962579273139,0.0
376,22560.0,22620.0,142,421.3049645390071,12.165491747686126,8.007139671211295,0.7092198581560284
377,22620.0,22680.0,160,375.7987421383648,10.571504494088321,3.7382728022850067,0.0
378,22680.0,22740.0,155,387.14285714285717,13.77286741207873,7.047921864945658,0.0
379,22740.0,22800.0,148,405.9047619047619,16.219949383116692,7.79884079900463,0.0
380,22800.0,22860.0,160,374.9182389937107,16.842896017203156,4.269408401788921,0.0
381,22860.0,22920.0,155,386.7012987012987,19.1472211230174,7.416639127510009,0.0
382,22920.0,22980.0,151,397.73333333333335,12.946283790420436,6.487985799271113,0.0
383,22980.0,23040.0,146,410.48275862068965,12.789483227482402,5.9907335852038095,0.0
384,23040.0,23100.0,147,409.4246575342466,5.97446937933964,4.993789246101877,0.0
385,23100.0,23160.0,144,414.54545454545456,7.5737940263718055,5.243372745330897,0.0
386,23160.0,23220.0,145,415.9166666666667,6.4074912450930475,4.3996185467200855,0.0
387,23220.0,23280.0,141,423.1714285714286,10.615546395858814,5.564533114015804,0.0
388,23280.0,23340.0,143,419.9154929577465,10.066088676572987,6.862375578585034,0.0
389,23340.0,23400.0,162,371.2049689440994,9.589784937905517,3.847076812334269,0.0
390,23400.0,23460.0,155,387.1948051948052,14.608654397141999,8.155354309995897,0.6493506493506493
391,23460.0,23520.0,149,402.2972972972973,20.343131171060808,11.98184567795547,0.6756756756756757
392,23520.0,23580.0,151,397.6,14.99530127748971,4.575980475858287,0.0
393,23580.0,23640.0,157,380.97435897435895,14.823672749355453,6.230000258892968,0.0
394,23640.0,23700.0,148,406.44897959183675,14.157230435687966,6.4447068649662,0.0
395,23700.0,23760.0,144,414.8531468531468,12.529378457633895,6.1621287706372625,0.0
396,23760.0,23820.0,152,394.9668874172185,11.439940103889265,4.811098280711658,0.0
397,23820.0,23880.0,150,400.2147651006711,9.981444784109826,4.544078415768004,0.0
398,23880.0,23940.0,147,409.9178082191781,37.45627461809856,51.88634794864903,3.4246575342465753
399,23940.0,24000.0,152,393.72185430463577,26.402060258092824,23.339808625322245,1.9867549668874174
400,24000.0,24060.0,158,380.1783439490446,25.392686001447746,23.133946640802282,1.910828025477707
401,24060.0,24120.0,149,402.4594594594595,11.945669740795967,7.029577937998451,0.0
402,24120.0,24180.0,147,408.8493150684931,25.987621049328382,7.9237747883538265,0.0
403,24180.0,24240.0,142,420.2269503546099,14.66403218487147,8.86082872615681,0.0
404,24240.0,24300.0,146,412.9103448275862,10.73669541118171,5.82141639885766,0.0
405,24300.0,24360.0,160,373.58490566037733,10.706854474784285,3.778687736854982,0.0
406,24360.0,24420.0,155,388.5194805194805,11.320188905338956,12.710964851299856,1.948051948051948
407,24420.0,24480.0,148,405.2244897959184,7.381758262509552,4.316264239629146,0.0
408,24480.0,24540.0,152,394.3841059602649,49.24427018136593,24.973586046060746,2.6490066225165565
409,24540.0,24600.0,147,407.45205479452056,23.641600445206116,20.49592053606497,2.054794520547945
410,24600.0,24660.0,150,400.4563758389262,7.91208724765769,5.07244810024999,0.0
411,24660.0,24720.0,151,398.0,16.816418950202355,5.806730646876013,0.0
412,24720.0,24780.0,147,408.2191780821918,9.474825556166834,5.4684045457392845,0.0
413,24780.0,24840.0,141,424.25714285714287,12.568872953354827,5.93489861604508,0.0
414,24840.0,24900.0,137,438.3529411764706,39.80238768415128,17.88854381999832,2.2058823529411766
415,24900.0,24960.0,152,394.78145695364236,18.21350928651042,10.491901638883201,1.3245033112582782
416,24960.0,25020.0,147,408.3835616438356,27.041031472362096,24.780414958536134,1.36986301369863
417,25020.0,25080.0,146,412.63448275862066,14.18665932071368,12.927146286443545,2.0689655172413794
418,25080.0,25140.0,151,396.85333333333335,95.95702244546538,136.1988282085023,2.666666666666667
419,25140.0,25200.0,155,385.68831168831167,12.269585906111265,5.980360012771216,0.0
420,25200.0,25260.0,149,403.7837837837838,8.862164890023573,5.0682417888190745,0.0
421,25260.0,25320.0,146,410.62068965517244,10.56597590113166,4.69041575982343,0.0
422,25320.0,25380.0,145,414.44444444444446,5.639245321945818,4.9613893835683385,0.0
423,25380.0,25440.0,142,420.6241134751773,5.436042424795291,5.776800894217194,0.0
424,25440.0,25500.0,147,410.6575342465753,70.83389392833449,95.46459896303139,1.36986301369863
425,25500.0,25560.0,142,422.9503546099291,78.47495744695836,22.44994432064365,2.8368794326241136
426,25560.0,25620.0,140,427.10791366906477,16.597839324844742,9.938944043290121,0.0
427,25620.0,25680.0,142,423.97163120567376,7.099238653758532,4.852098220652293,0.0
428,25680.0,25740.0,150,398.28187919463085,12.971945058738457,5.322060157901667,0.0
429,25740.0,25800.0,147,409.94520547945206,9.32758668712132,4.993789246101877,0.0
430,25800.0,25860.0,145,412.77777777777777,9.858044490721332,3.9578195593452294,0.0
431,25860.0,25920.0,142,420.8510638297872,11.301666230006447,4.36871998252512,0.0
432,25920.0,25980.0,145,414.5,8.565665728396677,4.335574102377077,0.0
433,25980.0,26040.0,147,409.4246575342466,8.81052318806469,4.25400419888579,0.0
434,26040.0,26100.0,147,408.6849315068493,5.911710674476941,3.638870609178736,0.0
435,26100.0,26160.0,141,424.37142857142857,9.013453459592641,5.5954760760801765,0.0
436,26160.0,26220.0,140,428.23021582733816,6.218621575631299,4.333890711087691,0.0
437,26220.0,26280.0,139,432.2028985507246,7.631245242150019,4.820879163846441,0.0
438,26280.0,26340.0,140,428.8345323741007,8.898458686193152,5.405311397537409,0.0
439,26340.0,26400.0,136,439.14074074074074,9.186429773558485,5.364337741323254,0.0
440,26400.0,26460.0,138,434.6861313868613,9.739060095380564,4.563280553698699,0.0
441,26460.0,26520.0,147,408.6027397260274,20.365447226073805,4.444291185097016,0.0
442,26520.0,26580.0,151,397.2,11.263768606531142,4.70327602519005,0.0
443,26580.0,26640.0,154,390.03921568627453,22.257429969663818,8.497677701336377,0.0
444,26640.0,26700.0,145,415.6111111111111,18.637923258029137,8.027923296068073,0.0
445,26700.0,26760.0,138,433.51824817518246,37.73009841386992,13.398858599325015,2.18978102189781
446,26760.0,26820.0,144,416.7832167832168,41.14216846739065,14.716092561603782,2.797202797202797
447,26820.0,26880.0,156,383.61290322580646,11.13575445270026,4.202658404193429,0.0
448,26880.0,26940.0,148,405.03401360544217,9.01856150330277,4.20045659618551,0.0
449,26940.0,27000.0,145,414.52777777777777,13.12444175006965,5.331001821382208,0.0
450,27000.0,27060.0,142,423.290780141844,13.423081936453553,5.534308577281486,0.0
451,27060.0,27120.0,144,414.993006993007,4.805361594016263,3.3398996358370994,0.0
452,27120.0,27180.0,159,377.49367088607596,13.592685760510605,4.830898427604786,0.0
453,27180.0,27240.0,143,421.09859154929575,18.543531249297878,11.532255104766735,0.0
454,27240.0,27300.0,146,409.35172413793106,18.72740528776639,5.354126134736337,0.0
455,27300.0,27360.0,148,407.51020408163265,20.95734982295951,7.903527910032174,0.0
456,27360.0,27420.0,141,423.0285714285714,7.130785276806897,4.92826234936541,0.0
457,27420.0,27480.0,141,428.0571428571429,13.62169842703174,5.245073056393635,0.0
458,27480.0,27540.0,143,419.6901408450704,8.49629297436612,4.0423292211192905,0.0
459,27540.0,27600.0,151,396.24,31.653255608294497,9.063534134470473,0.0
460,27600.0,27660.0,146,410.04137931034484,13.29258140116183,6.324555320336759,0.0
461,27660.0,27720.0,149,402.9189189189189,9.349970725345065,4.1338160788972775,0.0
462,27720.0,27780.0,161,373.05,11.56431292093626,6.272631979455317,0.0
463,27780.0,27840.0,151,396.08,19.848932823408617,7.436532352032013,0.0
464,27840.0,27900.0,150,400.8590604026846,13.041006082804051,4.696174406264534,0.0
465,27900.0,27960.0,148,403.89115646258506,15.979065607679626,7.394926065002227,0.0
466,27960.0,28020.0,144,417.53846153846155,28.33968233413294,11.188525309063268,0.0
467,28020.0,28080.0,148,406.61224489795916,7.337694927136437,4.7972594916407205,0.0
468,28080.0,28140.0,158,378.36942675159236,16.159178793635043,3.312757005027531,0.0
469,28140.0,28200.0,169,356.04761904761904,28.92729054041693,37.14996312890555,1.1904761904761905
470,28200.0,28260.0,147,407.17808219178085,22.743755469323233,11.702048155535968,0.0
471,28260.0,28320.0,142,423.7730496453901,18.02076928527836,8.106434833777776,0.0
472,28320.0,28380.0,155,385.24675324675326,118.72395134671277,148.55962030213232,1.948051948051948
473,28380.0,28440.0,146,411.6413793103448,23.631040045665504,9.910712498212337,0.0
474,28440.0,28500.0,145,414.94444444444446,16.79151374816857,6.639571980475555,0.0
475,28500.0,28560.0,142,421.07801418439715,13.428153219468104,6.06630035524124,0.0
476,28560.0,28620.0,143,419.5774647887324,13.497214813120422,5.229485417371049,0.0
477,28620.0,28680.0,143,420.53521126760563,68.06793248090142,95.40298997648816,1.4084507042253522
478,28680.0,28740.0,153,392.86842105263156,14.987272397412939,4.694649624768365,0.0
479,28740.0,28800.0,147,408.7671232876712,10.349106971895198,5.743962347393641,0.0
480,28800.0,28860.0,146,409.1034482758621,8.825251127943293,4.955356249106169,0.0
481,28860.0,28920.0,148,405.9591836734694,19.259538661817242,6.402054464768557,0.0
482,28920.0,28980.0,158,379.4649681528662,23.89762585097277,5.5377492419453835,0.0
483,28980.0,29040.0,150,400.61744966442956,10.18451216536343,5.16746579114973,0.0
484,29040.0,29100.0,148,404.2448979591837,9.35421071162402,4.7513516461901055,0.0
485,29100.0,29160.0,143,420.84507042253523,12.218632309997727,5.854016018606312,0.0
486,29160.0,29220.0,144,416.95104895104896,12.808078805768254,8.836543840340154,0.6993006993006993
487,29220.0,29280.0,143,418.98591549295776,11.308056448625031,5.636758789001892,0.0
488,29280.0,29340.0,144,417.31468531468533,10.697123201807203,5.264818122134413,0.0
489,29340.0,29400.0,145,414.25,11.83304605843225,5.267660937100237,0.0
490,29400.0,29460.0,158,379.4649681528662,41.028059295050866,49.558046773455466,3.1847133757961785
491,29460.0,29520.0,160,374.7672955974843,124.02119025599347,172.6156189304264,8.80503144654088
492,29520.0,29580.0,161,373.675,108.53997032076573,139.69526583101336,8.125
493,29580.0,29640.0,159,374.9113924050633,90.7038563177724,124.14169015954629,13.924050632911392
494,29640.0,29700.0,169,354.5952380952381,56.36177390773646,75.58981650514464,1.1904761904761905
495,29700.0,29760.0,159,377.69620253164555,90.31386946274927,105.29473344721352,13.291139240506327
496,29760.0,29820.0,159,376.65822784810126,48.08667494917381,52.92176655966974,5.69620253164557
497,29820.0,29880.0,65,414.4375,132.50718758582406,121.67821210712829,17.1875
500,30000.0,30060.0,23,557.8181818181819,336.40729797355783,388.51021926867054,45.45454545454545
501,30060.0,30120.0,152,396.7682119205298,94.47874143309413,103.67899176464503,9.271523178807946
502,30120.0,30180.0,151,396.16,97.56760382133119,137.08646171878965,2.666666666666667
503,30180.0,30240.0,154,388.62745098039215,100.78546015337815,143.7116997031868,3.9215686274509802
504,30240.0,30300.0,152,396.87417218543044,67.49600527791864,95.6175716068966,7.28476821192053
505,30300.0,30360.0,138,433.2846715328467,83.39972394730636,50.28389989087257,5.109489051094891
506,30360.0,30420.0,151,397.5466666666667,45.57353916513171,57.57982495293589,4.666666666666667
507,30420.0,30480.0,151,397.46666666666664,12.796112385018443,3.604620450283778,0.0
508,30480.0,30540.0,146,411.97241379310344,15.029574930960754,4.96655480858378,0.0
509,30540.0,30600.0,142,423.3758865248227,7.533296572163761,5.355904618802905,0.0
510,30600.0,30660.0,141,423.9428571428571,8.885985594150208,5.032269965651112,0.0
511,30660.0,30720.0,147,407.75342465753425,38.36153994317127,49.26606162041174,1.36986301369863
512,30720.0,30780.0,146,412.2758620689655,9.759954148501054,4.123105625617661,0.0
513,30780.0,30840.0,139,430.7826086956522,8.585966423321581,5.034189675948917,0.0
514,30840.0,30900.0,139,430.5217391304348,12.769270475880557,6.122830317336135,0.0
515,30900.0,30960.0,143,421.23943661971833,6.447749156403165,3.7054684526926835,0.0
516,30960.0,31020.0,145,412.0833333333333,10.550908886047605,4.204559629535735,0.0
517,31020.0,31080.0,148,406.5850340136054,6.347088144164538,3.9586908033732984,0.0
518,31080.0,31140.0,151,397.8933333333333,7.778085431222229,3.3257183712039957,0.0
519,31140.0,31200.0,156,382.96774193548384,5.194176752938088,3.0064864940593097,0.0
520,31200.0,31260.0,155,388.961038961039,5.545867114415897,3.7712361663282534,0.0
521,31260.0,31320.0,156,384.59354838709675,8.074890352834881,3.6892261533266852,0.0
522,31320.0,31380.0,157,380.5897435897436,9.26517711814533,3.3389200494732116,0.0
523,31380.0,31440.0,151,398.16,6.930217851055423,4.760012407631452,0.0
524,31440.0,31500.0,156,383.71612903225804,9.946450674597628,3.3959486940275663,0.0
525,31500.0,31560.0,153,392.7894736842105,14.565054603920885,5.407867704796668,0.0
526,31560.0,31620.0,152,395.28476821192055,6.005972009529303,3.723797345005051,0.0
527,31620.0,31680.0,158,380.2547770700637,11.02613704735993,3.4343662872314296,0.0
528,31680.0,31740.0,160,374.188679245283,10.150244625923333,3.6699256709611636,0.0
529,31740.0,31800.0,152,395.52317880794703,8.025654230516947,6.075085733277076,0.0
530,31800.0,31860.0,149,403.0810810810811,28.788110148082716,27.39482050454411,0.6756756756756757
531,31860.0,31920.0,149,401.81081081081084,9.923072373237444,5.864687359367868,0.0
532,31920.0,31980.0,150,398.36241610738256,11.927831844109825,3.734427124198027,0.0
533,31980.0,32040.0,162,371.77639751552795,10.356142594663023,3.8078865529319543,0.0
534,32040.0,32100.0,148,405.2244897959184,12.962430390226615,7.556182264275981,0.0
535,32100.0,32160.0,147,407.3150684931507,9.016271440286806,6.070846103616291,0.0
536,32160.0,32220.0,148,405.74149659863946,8.41483396280424,4.808667972654472,0.0
537,32220.0,32280.0,148,406.8299319727891,5.132990462803434,4.478257978337999,0.0
538,32280.0,32340.0,148,403.2925170068027,5.079115018850113,3.7453167102761777,0.0
539,32340.0,32400.0,144,417.1188811188811,7.095415610304365,5.200216680209274,0.0
540,32400.0,32460.0,147,409.8904109589041,7.621316102898033,4.444291185097016,0.0
541,32460.0,32520.0,159,375.8987341772152,13.811833693606491,3.0285267907504125,0.0
542,32520.0,32580.0,154,389.2287581699346,16.11329000840861,5.902720157957507,0.0
543,32580.0,32640.0,146,410.951724137931,11.508650752611874,7.724420150837645,0.0
544,32640.0,32700.0,154,390.6666666666667,10.321158645688655,5.563035899673184,0.0
545,32700.0,32760.0,151,397.46666666666664,6.91139188641523,3.8634407587853983,0.0
546,32760.0,32820.0,151,396.26666666666665,12.47529998115022,19.669756705639763,2.0
547,32820.0,32880.0,151,397.49333333333334,5.908413596763945,4.040067778021393,0.0
548,32880.0,32940.0,152,396.3973509933775,4.424295755934761,3.695041722813605,0.0
549,32940.0,33000.0,151,395.28,4.8176409610441295,3.4212129408408916,0.0
550,33000.0,33060.0,161,374.6,8.58490704264278,4.41837216388755,0.0
551,33060.0,33120.0,153,390.55263157894734,5.399030417840874,4.4632420729022195,0.0
552,33120.0,33180.0,152,395.44370860927154,9.477436897944791,5.977736472389306,0.0
553,33180.0,33240.0,154,389.3333333333333,7.033753209384468,4.4248104330492,0.0
554,33240.0,33300.0,152,394.8344370860927,4.146372653418341,3.878143885933063,0.0
555,33300.0,33360.0,160,375.82389937106916,12.691836602487447,3.150246122592867,0.0
556,33360.0,33420.0,157,381.94871794871796,18.453706637646565,5.756342925066899,0.0
557,33420.0,33480.0,157,381.56410256410254,11.382601033427594,4.5550397470026756,0.0
558,33480.0,33540.0,154,390.6928104575163,4.895326780328941,3.8525452967042315,0.0
559,33540.0,33600.0,151,396.9066666666667,8.794710633275121,5.512645621202804,0.0
560,33600.0,33660.0,163,366.22222222222223,16.746558003630003,3.676347093285747,0.0
561,33660.0,33720.0,151,398.16,5.004803062186879,5.294038688712417,0.0
562,33720.0,33780.0,149,403.2432432432432,10.446899498784754,4.712120714991612,0.0
563,33780.0,33840.0,161,373.35,9.41977045748452,4.302990038384966,0.0
564,33840.0,33900.0,155,386.4415584415584,6.710626645380179,3.743403784715835,0.0
565,33900.0,33960.0,153,391.6842105263158,6.989510639183026,3.8377697717804873,0.0
566,33960.0,34020.0,152,395.5496688741722,5.834025187606301,3.5175749222061117,0.0
567,34020.0,34080.0,148,403.51020408163265,13.78423128614165,6.393489839576437,0.0
568,34080.0,34140.0,166,362.6909090909091,15.884728892033142,3.0443870783668143,0.0
569,34140.0,34200.0,166,360.7030303030303,19.400535648383478,5.391954259051844,0.0
570,34200.0,34260.0,155,388.05194805194805,12.52437738412688,5.174093334108437,0.0
571,34260.0,34320.0,153,393.10526315789474,5.508762309443467,3.8515499589246813,0.0
572,34320.0,34380.0,151,396.26666666666665,10.655475113205567,4.285138983438291,0.0
573,34380.0,34440.0,151,396.4533333333333,8.539357493290131,4.322564488632791,0.0
574,34440.0,34500.0,150,400.3758389261745,10.052212685064509,4.67309724249751,0.0
575,34500.0,34560.0,148,405.82312925170066,8.138948032284066,5.489716413565446,0.0
576,34560.0,34620.0,147,408.2739726027397,6.753308816547486,4.135631544983434,0.0
577,34620.0,34680.0,146,412.24827586206897,7.486590822637088,4.459696053419884,0.0
578,34680.0,34740.0,151,394.6933333333333,14.665828733436058,3.779137361175282,0.0
579,34740.0,34800.0,155,388.4935064935065,15.916960474958636,6.361649804515658,0.0
580,34800.0,34860.0,149,402.02702702702703,13.026370922118911,12.722041508187845,2.027027027027027
581,34860.0,34920.0,148,406.3945578231293,35.15495207095808,46.687536103303415,2.0408163265306123
582,34920.0,34980.0,145,413.6666666666667,9.995803315196028,6.230985060580295,0.0
583,34980.0,35040.0,144,417.31468531468533,8.462360390942429,5.391699410687809,0.0
584,35040.0,35100.0,143,418.4507042253521,9.738115116662572,5.462963630778231,0.0
585,35100.0,35160.0,144,417.09090909090907,9.268232196108011,5.656854249492381,0.0
586,35160.0,35220.0,145,414.3611111111111,10.422280538535299,4.322651349035067,0.0
587,35220.0,35280.0,144,415.38461538461536,8.998374717819704,5.3074489243427525,0.0
588,35280.0,35340.0,143,421.5492957746479,13.805938420504496,5.863700088118786,0.0
589,35340.0,35400.0,135,443.04477611940297,59.01075034869849,23.704953322672356,5.223880597014925
590,35400.0,35460.0,156,385.39354838709676,9.557411467053491,4.288310901696656,0.0
591,35460.0,35520.0,151,395.12,8.314231350703452,4.622675363550692,0.0
592,35520.0,35580.0,147,409.1506849315069,9.864840013560821,4.960533897850526,0.0
593,35580.0,35640.0,148,406.17687074829934,8.20599570333665,5.213260226746869,0.0
594,35640.0,35700.0,150,399.91946308724835,4.543359839226452,3.556493870182915,0.0
595,35700.0,35760.0,155,387.68831168831167,12.858465068909245,3.5571891671995504,0.0
596,35760.0,35820.0,153,390.1842105263158,15.535228521023381,5.466332838566158,0.0
597,35820.0,35880.0,155,386.83116883116884,28.64404150355854,34.44271553746556,1.948051948051948
598,35880.0,35940.0,147,410.027397260274,9.29215108571296,4.77926556181437,0.0
599,35940.0,36000.0,151,396.4533333333333,17.4850220338931,5.861946443578494,0.0
600,36000.0,36060.0,151,398.02666666666664,15.775244673824103,5.097703127998732,0.0
601,36060.0,36120.0,150,400.4026845637584,10.590612533064522,3.8764709501074592,0.0
602,36120.0,36180.0,162,369.2670807453416,28.4584692499384,6.1400325732035,0.0
603,36180.0,36240.0,155,387.6623376623377,9.20302648373905,5.072030184854821,0.0
604,36240.0,36300.0,153,391.7631578947368,10.296104093203553,4.850069979695862,0.0
605,36300.0,36360.0,147,409.7260273972603,5.51677135456551,4.356525030896481,0.0
606,36360.0,36420.0,147,407.9178082191781,6.205122299292203,4.175461981460337,0.0
607,36420.0,36480.0,159,376.65822784810126,15.864783799104877,4.353781576140316,0.0
608,36480.0,36540.0,147,408.32876712328766,11.569346888871886,5.262751345459704,0.0
609,36540.0,36600.0,142,422.2411347517731,7.42765172391061,4.585692033768887,0.0
610,36600.0,36660.0,144,417.3706293706294,10.815793304809903,5.123818998243455,0.0
611,36660.0,36720.0,148,405.6326530612245,31.025416366606184,9.38667081776579,1.3605442176870748
612,36720.0,36780.0,144,415.04895104895104,4.5274260811328695,3.928946387813132,0.0
613,36780.0,36840.0,145,413.6388888888889,6.047147060224976,3.9578195593452294,0.0
614,36840.0,36900.0,143,420.53521126760563,3.376308723050563,3.5490484190626455,0.0
615,36900.0,36960.0,154,389.4901960784314,14.916485778748829,3.713418059444765,0.0
616,36960.0,37020.0,153,393.3157894736842,7.575160744152958,3.782146977787802,0.0
617,37020.0,37080.0,147,406.82191780821915,6.745302254424389,3.2716124886456326,0.0
618,37080.0,37140.0,147,407.09589041095893,11.94719921997204,4.266954013312557,0.0
619,37140.0,37200.0,147,409.1232876712329,10.720197123096845,3.515482995216329,0.0
620,37200.0,37260.0,151,397.8933333333333,29.08057463374963,7.349382478738737,0.0
621,37260.0,37320.0,150,400.18791946308727,4.95025132793136,3.1878146373592933,0.0
622,37320.0,37380.0,149,401.7567567567568,8.016667689157972,3.972695926593183,0.0
623,37380.0,37440.0,145,412.8888888888889,6.829707947263239,4.204559629535735,0.0
624,37440.0,37500.0,148,407.83673469387753,14.796353130993996,4.121444087921492,0.0
625,37500.0,37560.0,149,401.27027027027026,12.238333105671238,4.376809635457546,0.0
626,37560.0,37620.0,151,398.4266666666667,9.22088864871688,4.247383718994063,0.0
627,37620.0,37680.0,158,378.11464968152865,13.393917559879531,5.163977794943222,0.0
628,37680.0,37740.0,153,393.89473684210526,10.000766788308303,4.219161587722287,0.0
629,37740.0,37800.0,147,408.13698630136986,10.285999951045815,5.37683408964664,0.0
630,37800.0,37860.0,148,405.7959183673469,9.550829251460355,4.265182390228794,0.0
631,37860.0,37920.0,145,411.52777777777777,7.70790570854434,5.235703144047361,0.0
632,37920.0,37980.0,164,366.30674846625766,17.61534519320715,3.0469576001782417,0.0
633,37980.0,38040.0,154,389.62091503267976,33.66534344332769,7.725555677510569,0.0
634,38040.0,38100.0,151,397.44,10.437721986547464,4.469133513603739,0.0
635,38100.0,38160.0,153,391.94736842105266,8.67346526201878,4.231699985610029,0.0
636,38160.0,38220.0,160,376.3522012578616,15.481364201156794,4.136897877713796,0.0
637,38220.0,38280.0,155,387.6363636363636,19.946928992527077,4.398454868332534,0.0
638,38280.0,38340.0,152,393.66887417218544,18.174605673596567,19.25547541177141,1.9867549668874174
639,38340.0,38400.0,148,404.0,23.631880023067517,8.491736515053672,0.6802721088435374
640,38400.0,38460.0,146,412.3862068965517,9.502328813168024,6.0553007081949835,0.0
641,38460.0,38520.0,155,387.61038961038963,27.297516391686646,3.757345746510897,0.0
642,38520.0,38580.0,153,391.6578947368421,18.476799579224565,10.677698489520697,0.6578947368421052
643,38580.0,38640.0,147,408.32876712328766,12.146297627497,5.325281277984776,0.0
644,38640.0,38700.0,147,407.64383561643837,14.10049631116109,5.210069825463656,0.0
645,38700.0,38760.0,159,376.55696202531647,19.267970740179376,4.377126416816152,0.0
646,38760.0,38820.0,159,377.44303797468353,20.372172124772348,6.957560155119172,0.0
647,38820.0,38880.0,150,399.7315436241611,13.083221601195534,6.107151324250718,0.0
648,38880.0,38940.0,145,413.5833333333333,16.42252418781293,9.860566374745886,1.3888888888888888
649,38940.0,39000.0,147,409.36986301369865,10.981497730041129,6.475417707203036,0.0
650,39000.0,39060.0,145,415.0833333333333,14.601226119603934,4.938786125315449,0.0
651,39060.0,39120.0,141,424.54285714285714,14.727926504302488,6.665707365033286,0.0
652,39120.0,39180.0,150,400.80536912751677,35.02888342040596,44.224244298617286,1.342281879194631
653,39180.0,39240.0,159,376.37974683544303,45.19351280809558,58.934920384813715,2.5316455696202533
654,39240.0,39300.0,169,355.54761904761904,67.38279329784774,90.39262330138112,2.976190476190476
655,39300.0,39360.0,179,335.39325842696627,4.856396510045457,3.3344630853852033,0.0
656,39360.0,39420.0,172,348.233918128655,51.15826902712875,73.93733435663411,4.678362573099415
657,39420.0,39480.0,167,359.9759036144578,77.84428526988049,99.41794240843689,4.216867469879518
658,39480.0,39540.0,165,362.1707317073171,82.22471153607886,95.49046783764734,5.487804878048781
659,39540.0,39600.0,180,334.92737430167597,2.6669595805064215,3.2705701664210087,0.0
660,39600.0,39660.0,160,373.8616352201258,48.252038454666874,54.77410457182819,3.1446540880503147
661,39660.0,39720.0,149,403.64864864864865,45.49693341910397,11.52813771533258,0.0
662,39720.0,39780.0,162,369.639751552795,26.87553552839251,22.543291685111114,2.484472049689441
663,39780.0,39840.0,134,448.57142857142856,94.43566719251385,26.285149626910837,4.511278195488721
664,39840.0,39900.0,152,394.70198675496687,23.671303217746377,7.035149844412223,0.0
665,39900.0,39960.0,155,387.1948051948052,8.848823208993675,4.203950833963105,0.0
666,39960.0,40020.0,148,405.4149659863946,54.66471195743417,20.264010881025044,3.4013605442176873
667,40020.0,40080.0,136,439.4074074074074,16.532327578674497,8.271511980754255,0.0
668,40080.0,40140.0,140,429.52517985611513,19.769076618951328,5.687514930701854,0.0
669,40140.0,40200.0,144,416.16783216783216,18.9223714434015,4.540893998967511,0.0
670,40200.0,40260.0,152,395.89403973509934,19.121768508824626,4.560701700396552,0.0
671,40260.0,40320.0,165,363.609756097561,21.887473571123955,21.263177076497836,1.2195121951219512
672,40320.0,40380.0,151,397.14666666666665,14.03609281694858,6.47141365011328,0.0
673,40380.0,40440.0,154,388.44444444444446,10.988563964945369,4.542199791661351,0.0
674,40440.0,40500.0,151,397.28,16.115822397371602,4.915391523114243,0.0
675,40500.0,40560.0,150,400.0,15.153270987533405,5.402702026688978,0.0
676,40560.0,40620.0,156,384.8,9.94948279018602,4.202658404193429,0.0
677,40620.0,40680.0,162,369.46583850931677,29.341743100892245,39.103708264050866,1.2422360248447204
678,40680.0,40740.0,157,383.84615384615387,18.919917426728986,4.393543650227184,0.0
679,40740.0,40800.0,149,402.3243243243243,7.258320317130607,5.288930810253265,0.0
680,40800.0,40860.0,147,408.7945205479452,8.58058579160893,4.279864644975393,0.0
681,40860.0,40920.0,147,407.5890410958904,5.452833787631974,3.593096829698054,0.0
682,40920.0,40980.0,144,417.06293706293707,5.947205265319335,3.841947862775039,0.0
683,40980.0,41040.0,144,414.68531468531467,4.905328491706073,3.3059911471128793,0.0
684,41040.0,41100.0,155,387.27272727272725,7.6314388669526565,3.8126037969369833,0.0
685,41100.0,41160.0,149,402.8918918918919,10.688626503552774,4.803626747778473,0.0
686,41160.0,41220.0,148,407.1020408163265,5.936576539725674,4.252316049028097,0.0
687,41220.0,41280.0,148,403.8095238095238,7.012057456388209,4.161137884419439,0.0
688,41280.0,41340.0,159,377.8987341772152,12.766990614193343,2.87311278408344,0.0
689,41340.0,41400.0,158,379.18471337579615,18.177127659489308,6.283882516977819,0.0
690,41400.0,41460.0,152,396.10596026490066,6.8499657594091135,4.811098280711658,0.0
691,41460.0,41520.0,155,385.61038961038963,8.364499905597524,3.1352935045186956,0.0
692,41520.0,41580.0,165,363.8780487804878,8.799595980550398,3.9877111844763213,0.0
693,41580.0,41640.0,160,375.1698113207547,16.92320986818564,6.219609658475158,0.0
694,41640.0,41700.0,154,391.39869281045753,13.264683953463683,5.515528318445926,0.0
695,41700.0,41760.0,155,384.8051948051948,10.331801228656577,3.1849318438034433,0.0
696,41760.0,41820.0,148,407.9183673469388,6.856164313740495,4.6464008755046535,0.0
697,41820.0,41880.0,148,403.8095238095238,13.069536540678397,4.634592976173261,0.0
698,41880.0,41940.0,156,384.18064516129033,11.326025063406325,4.0,0.0
699,41940.0,42000.0,151,398.1333333333333,7.581916552757316,4.816080447052688,0.0
700,42000.0,42060.0,150,400.4026845637584,9.481076075806643,4.832323597540975,0.0
701,42060.0,42120.0,151,398.16,8.14143433432551,4.564232111220974,0.0
702,42120.0,42180.0,159,376.60759493670884,11.004825486473871,4.1867245455585165,0.0
703,42180.0,42240.0,157,382.35897435897436,8.351896611296736,4.089325206578867,0.0
704,42240.0,42300.0,160,375.29559748427675,8.847908613016832,4.43233230029667,0.0
705,42300.0,42360.0,155,385.35064935064935,10.430932172189433,4.95733430370525,0.0
706,42360.0,42420.0,151,399.52,6.42010265656285,4.937189375158147,0.0
707,42420.0,42480.0,154,389.6470588235294,31.55122622277921,42.772347190802215,1.3071895424836601
708,42480.0,42540.0,153,391.07894736842104,8.63039931069891,4.091664924490352,0.0
709,42540.0,42600.0,150,399.81208053691273,6.532009673281904,3.4641016151377544,0.0
710,42600.0,42660.0,155,387.42857142857144,30.731146437198493,9.819282084429329,0.0
711,42660.0,42720.0,152,394.887417218543,5.062993905266746,4.393935214209089,0.0
712,42720.0,42780.0,151,396.9866666666667,9.642597513164949,5.129203138131182,0.0
713,42780.0,42840.0,153,393.60526315789474,6.878470004235206,4.244201342197679,0.0
714,42840.0,42900.0,152,393.0066225165563,4.577476289749948,3.946306289852998,0.0
715,42900.0,42960.0,151,397.97333333333336,5.196729310415068,4.445040974135668,0.0
716,42960.0,43020.0,150,398.9261744966443,4.14939585268966,3.495170413043721,0.0
717,43020.0,43080.0,152,394.9933774834437,5.021947416081696,3.2822756333576457,0.0
718,43080.0,43140.0,150,400.48322147651004,39.11704612646609,45.420557317441926,2.684563758389262
719,43140.0,43200.0,151,398.26666666666665,6.137864292737551,3.108766560905039,0.0
720,43200.0,43260.0,150,400.3758389261745,8.826768646035573,4.249006243117801,0.0
721,43260.0,43320.0,153,390.05263157894734,12.881420201453466,4.839134069546571,0.0
722,43320.0,43380.0,151,397.52,4.1880622932105585,4.0,0.0
723,43380.0,43440.0,154,390.8235294117647,9.323229087563764,3.4641016151377544,0.0
724,43440.0,43500.0,151,397.6533333333333,5.5065387204749126,3.544539235113888,0.0
725,43500.0,43560.0,149,401.4054054054054,6.134366044939275,4.0,0.0
726,43560.0,43620.0,147,407.67123287671234,5.627652893544697,4.041167465319721,0.0
727,43620.0,43680.0,157,383.0769230769231,14.560015270081704,11.235887205304376,1.9230769230769231
728,43680.0,43740.0,153,391.07894736842104,7.443852804831181,3.1391566758863103,0.0
729,43740.0,43800.0,150,402.36241610738256,4.765039866967836,3.945575695328575,0.0
730,43800.0,43860.0,155,386.2597402597403,14.410782634584574,3.217598666159375,0.0
731,43860.0,43920.0,159,378.253164556962,15.655094898825107,4.862438904696986,0.0
732,43920.0,43980.0,151,396.4533333333333,8.463571101738523,3.8911360291456574,0.0
733,43980.0,44040.0,152,394.86092715231786,7.279230485977978,3.409789827345179,0.0
734,44040.0,44100.0,156,384.6709677419355,16.440806722322687,5.890780822717707,0.0
735,44100.0,44160.0,150,398.5771812080537,12.743403809397794,5.018883261163701,0.0
736,44160.0,44220.0,151,397.04,14.767495595885466,4.371966829669633,0.0
737,44220.0,44280.0,149,405.13513513513516,8.926493966806756,4.4016076222062255,0.0
738,44280.0,44340.0,153,391.57894736842104,11.692826983161032,3.7540265358396283,0.0
739,44340.0,44400.0,150,399.6241610738255,8.058465843922384,4.71913872123614,0.0
740,44400.0,44460.0,148,404.5986394557823,12.960244725379233,4.379278729628981,0.0
741,44460.0,44520.0,157,381.84615384615387,13.777098269394966,3.460374769932745,0.0
742,44520.0,44580.0,162,372.3726708074534,17.440190608109905,5.186520991955976,0.0
743,44580.0,44640.0,157,381.79487179487177,9.822106697824934,4.1890795047091425,0.0
744,44640.0,44700.0,150,398.496644295302,11.573282466160505,5.694947974514994,0.0
745,44700.0,44760.0,153,393.0,7.194552759134755,3.782146977787802,0.0
746,44760.0,44820.0,165,364.2682926829268,83.00980040897792,116.37131179371038,1.2195121951219512
747,44820.0,44880.0,154,388.1830065359477,16.513725514703125,6.0524027416694945,0.0
748,44880.0,44940.0,150,400.0536912751678,9.664497047147112,6.133646682164015,0.0
749,44940.0,45000.0,150,399.83892617449663,9.448342564571098,4.447896557226099,0.0
750,45000.0,45060.0,149,402.02702702702703,8.907648586815903,4.301558015480463,0.0
751,45060.0,45120.0,155,387.8181818181818,21.142978730864414,3.6586364830401887,0.0
752,45120.0,45180.0,162,371.1055900621118,18.198764547515324,4.636809247747852,0.0
753,45180.0,45240.0,151,397.81333333333333,12.611588719204704,5.522376689008277,0.0
754,45240.0,45300.0,156,384.7483870967742,19.758474607373465,4.7152694762618,0.0
755,45300.0,45360.0,161,372.3,15.050773606812443,4.14819806299209,0.0
756,45360.0,45420.0,158,378.0636942675159,16.65705422623316,4.618802153517006,0.0
757,45420.0,45480.0,161,374.5,30.93429840177506,10.525799391504128,1.25
758,45480.0,45540.0,153,392.07894736842104,10.174325768565389,5.105509295414407,0.0
759,45540.0,45600.0,136,439.1703703703704,59.95838615871282,25.698597441256616,5.9259259259259265
760,45600.0,45660.0,151,398.18666666666667,22.072907462495163,9.776015026515545,0.6666666666666667
761,45660.0,45720.0,152,394.11920529801324,14.316855870997134,4.525483399593904,0.0
762,45720.0,45780.0,150,402.0402684563758,36.75666499492393,11.900488293411394,1.342281879194631
763,45780.0,45840.0,149,400.1621621621622,5.337652231803249,4.487321519767523,0.0
764,45840.0,45900.0,160,375.29559748427675,18.607387079138896,3.9103886303673616,0.0
765,45900.0,45960.0,154,389.5686274509804,17.90757143085247,6.095727580596274,0.0
766,45960.0,46020.0,150,402.4161073825503,11.273684181110365,5.372603173961842,0.0
767,46020.0,46080.0,143,416.8169014084507,74.36088155222646,105.65191073111149,2.8169014084507045
768,46080.0,46140.0,144,417.2027972027972,12.940034743493118,5.735974934630051,0.0
769,46140.0,46200.0,155,387.06493506493507,22.524547342894415,3.4978985287808246,0.0
770,46200.0,46260.0,166,362.7151515151515,21.21659671928687,6.757110076457676,0.0
771,46260.0,46320.0,150,400.08053691275165,16.73623548137858,9.501066796432402,0.6711409395973155
772,46320.0,46380.0,150,399.5973154362416,9.526576951880354,4.776066457955837,0.0
773,46380.0,46440.0,149,401.18918918918916,11.58426762816583,4.094130525753272,0.0
774,46440.0,46500.0,158,381.3503184713376,21.524245792807886,3.6232865092627065,0.0
775,46500.0,46560.0,158,380.1528662420382,24.61971421991847,5.922577401513895,0.0
776,46560.0,46620.0,148,404.5170068027211,19.00120895270448,6.324555320336759,0.0
777,46620.0,46680.0,158,378.7261146496815,29.830420599458826,6.4767829937954495,0.0
778,46680.0,46740.0,155,387.7922077922078,13.92260367650429,5.293972401783908,0.0
779,46740.0,46800.0,148,406.61224489795916,8.25156604446632,6.5626590000307745,0.0
780,46800.0,46860.0,144,414.68531468531467,13.764835571693864,10.897732029201384,0.6993006993006993
781,46860.0,46920.0,149,403.6216216216216,14.443606219284733,6.745116651286009,0.0
782,46920.0,46980.0,157,382.7435897435897,11.4750061043609,7.090202235616096,0.0
783,46980.0,47040.0,149,401.1081081081081,10.262629607679681,9.029053633898156,0.6756756756756757
784,47040.0,47100.0,151,398.82666666666665,6.627932215903613,7.058718251616557,0.0
785,47100.0,47160.0,155,387.4025974025974,21.629234476954522,6.287241983947006,0.0
786,47160.0,47220.0,156,383.81935483870967,18.450872279996744,6.038835356882357,0.0
787,47220.0,47280.0,149,402.5135135135135,12.907038888814396,7.258117669812438,0.0
788,47280.0,47340.0,146,411.28275862068966,12.144216415115663,6.027713773341708,0.0
789,47340.0,47400.0,143,418.90140845070425,12.405849603520764,7.066051090544449,0.0
790,47400.0,47460.0,145,414.05555555555554,8.152204024583195,6.622698835077725,0.0
791,47460.0,47520.0,156,385.6,12.662245753912199,4.300407712474073,0.0
792,47520.0,47580.0,151,398.18666666666667,9.170558864548177,4.092881363092387,0.0
793,47580.0,47640.0,145,413.52777777777777,7.758545430364328,4.586389106362982,0.0
794,47640.0,47700.0,144,416.3916083916084,7.219920569414977,4.990131105562681,0.0
795,47700.0,47760.0,144,415.5244755244755,10.80938049053624,4.11113225896519,0.0
796,47760.0,47820.0,150,400.4026845637584,12.934303574628148,4.626597605736359,0.0
797,47820.0,47880.0,145,414.6666666666667,9.38977274314092,4.055558216516247,0.0
798,47880.0,47940.0,147,407.3150684931507,13.50440716040127,5.1782036560421485,0.0
799,47940.0,48000.0,144,416.05594405594405,8.701445746619079,3.9432595368106176,0.0
800,48000.0,48060.0,145,412.75,4.282832864198339,3.4761927570139264,0.0
801,48060.0,48120.0,144,418.5174825174825,8.487648977599493,4.735243944219516,0.0
802,48120.0,48180.0,154,388.8627450980392,24.670208654294754,3.656285143780717,0.0
803,48180.0,48240.0,147,408.16438356164383,19.86368281901985,6.052642626045312,0.0
804,48240.0,48300.0,149,402.6756756756757,25.278372949937637,9.441549509633317,0.6756756756756757
805,48300.0,48360.0,147,409.17808219178085,9.502583990870207,4.709491516589407,0.0
806,48360.0,48420.0,140,428.28776978417267,33.067836425440056,19.921585409233657,2.158273381294964
807,48420.0,48480.0,153,392.3421052631579,22.439058090500282,3.9867329651105723,0.0
808,48480.0,48540.0,146,410.78620689655173,12.80038313602834,5.830951894845301,0.0
809,48540.0,48600.0,146,410.9793103448276,17.97392747747462,4.772607021092118,0.0
810,48600.0,48660.0,144,416.4755244755245,14.52721204112396,6.482913620748352,0.0
811,48660.0,48720.0,142,422.8085106382979,22.580622189838863,9.014274394378221,0.0
812,48720.0,48780.0,141,423.8285714285714,8.267073335928735,5.4390011778772065,0.0
813,48780.0,48840.0,145,415.8888888888889,5.137427604663874,3.539981430949678,0.0
814,48840.0,48900.0,152,392.55629139072846,14.540351101487383,3.3466401061363023,0.0
815,48900.0,48960.0,147,408.4109589041096,8.254295628067903,3.6990213057901755,0.0
816,48960.0,49020.0,149,403.7027027027027,14.799089629777797,3.629058834906219,0.0
817,49020.0,49080.0,148,404.5986394557823,10.720393997018453,3.175246727550777,0.0
818,49080.0,49140.0,150,400.61744966442956,9.296611788664642,4.27437366993929,0.0
819,49140.0,49200.0,142,421.84397163120565,37.424263269386245,11.35907440897239,1.4184397163120568
820,49200.0,49260.0,148,405.6054421768707,15.39727685545124,4.379278729628981,0.0
821,49260.0,49320.0,157,382.9230769230769,13.092986776497122,5.049433056645903,0.0
822,49320.0,49380.0,146,410.2344827586207,5.979146391491115,4.409585518440984,0.0
823,49380.0,49440.0,146,412.6896551724138,6.933731199901711,4.055175020198813,0.0
824,49440.0,49500.0,155,386.54545454545456,23.99920775083742,19.196949648759134,3.896103896103896
825,49500.0,49560.0,157,382.1794871794872,21.62122230422847,6.0278921582065275,0.0
826,49560.0,49620.0,148,405.578231292517,14.350278108167583,5.296677687055155,0.0
827,49620.0,49680.0,171,350.77647058823527,10.641413429485594,3.270814096226046,0.0
828,49680.0,49740.0,162,369.3664596273292,42.36532919749854,55.83009940883144,2.484472049689441
829,49740.0,49800.0,168,357.10179640718565,54.31486014801161,71.8774056695366,5.389221556886228
830,49800.0,49860.0,169,354.4761904761905,50.49182685754798,69.14499215503434,5.357142857142857
831,49860.0,49920.0,153,394.4736842105263,228.0378424319935,305.7949795801492,13.157894736842104
832,49920.0,49980.0,170,351.43195266272187,37.95309350083942,38.09011870363681,1.183431952662722
833,49980.0,50040.0,148,406.06802721088434,107.48670894987885,86.12065445227219,12.244897959183673
834,50040.0,50100.0,157,381.6666666666667,16.619977614725553,5.693233108331895,0.0
835,50100.0,50160.0,154,390.2483660130719,28.8766161647848,31.811947441173732,1.9607843137254901
836,50160.0,50220.0,149,403.2432432432432,254.3926372747723,360.2145996807032,1.3513513513513513
837,50220.0,50280.0,157,381.71794871794873,41.999354045999624,59.86565604913679,2.564102564102564
838,50280.0,50340.0,155,387.5844155844156,42.865148221010124,60.900433045242295,2.5974025974025974
839,50340.0,50400.0,154,389.80392156862746,8.789241946482534,4.304220694791763,0.0
840,50400.0,50460.0,150,399.9463087248322,109.55436668581984,134.72334013962978,4.697986577181208
841,50460.0,50520.0,157,380.87179487179486,2.919827543996941,3.0139460791032637,0.0
842,50520.0,50580.0,155,388.961038961039,63.19271107931693,88.77731559754373,1.2987012987012987
843,50580.0,50640.0,154,387.8169934640523,33.817902046046704,45.80163177971076,1.3071895424836601
844,50640.0,50700.0,159,378.1012658227848,41.22382433320571,58.68712247119503,2.5316455696202533
845,50700.0,50760.0,155,385.24675324675326,20.999941390615906,11.451517580738406,0.6493506493506493
846,50760.0,50820.0,152,393.82781456953643,146.98806126527893,189.2584828569999,6.622516556291391
847,50820.0,50880.0,162,372.0496894409938,8.449705055677997,3.420526275297414,0.0
848,50880.0,50940.0,157,380.4102564102564,5.00176974469946,3.3234261373351717,0.0
849,50940.0,51000.0,161,370.975,30.044819769280586,41.67076709383545,1.25
850,51000.0,51060.0,163,369.4567901234568,30.84807467852454,42.48784992564754,1.2345679012345678
851,51060.0,51120.0,169,353.5,4.708254949623978,3.1717314261332024,0.0
852,51120.0,51180.0,157,383.1025641025641,13.605112647720144,4.830013691291621,0.0
853,51180.0,51240.0,141,425.51428571428573,51.043708976766474,29.266328529754304,2.857142857142857
854,51240.0,51300.0,145,412.9166666666667,13.617912925538644,6.51195780127562,0.0
855,51300.0,51360.0,157,383.0,19.740902355425693,3.430414251294422,0.0
856,51360.0,51420.0,168,356.23952095808386,3.531629169153174,3.025991821869996,0.0
857,51420.0,51480.0,171,350.7294117647059,42.37543897181831,56.36063085221076,3.5294117647058822
858,51480.0,51540.0,173,347.72093023255815,5.9876113090352225,3.0281331944409007,0.0
859,51540.0,51600.0,172,348.44444444444446,27.372616439042766,38.30036092596026,1.1695906432748537
860,51600.0,51660.0,170,353.5147928994083,53.7399056422599,75.59226465843233,1.183431952662722
861,51660.0,51720.0,160,375.67295597484275,99.77997927436004,110.35133765169766,6.289308176100629
862,51720.0,51780.0,164,364.95705521472394,57.27617194572444,79.47792612254513,1.2269938650306749
863,51780.0,51840.0,152,395.5496688741722,37.36534735852135,10.881176406988354,0.6622516556291391
864,51840.0,51900.0,163,367.18518518518516,28.094388870205705,39.834439982201985,1.2345679012345678
865,51900.0,51960.0,158,378.80254777070064,70.36529588697915,71.42649081218809,1.910828025477707
866,51960.0,52020.0,165,364.5121951219512,39.943900507961345,55.69416927109647,2.4390243902439024
867,52020.0,52080.0,160,375.34591194968556,19.002327446182612,4.826089435609988,0.0
868,52080.0,52140.0,150,399.1409395973154,30.204935191488204,24.348816498237955,1.342281879194631
869,52140.0,52200.0,165,365.0731707317073,92.76777265770971,111.8996044335843,3.048780487804878
870,52200.0,52260.0,165,362.1951219512195,71.62589226192107,85.77041691153141,6.097560975609756
871,52260.0,52320.0,168,358.4191616766467,90.9896941960758,130.46386195843058,4.790419161676647
872,52320.0,52380.0,159,376.5822784810127,69.70412585819034,46.05397000114368,5.063291139240507
873,52380.0,52440.0,171,350.4,27.405005373592385,38.68366626242862,1.1764705882352942
874,52440.0,52500.0,167,360.8433734939759,48.359883682270016,55.68569807138068,2.4096385542168677
875,52500.0,52560.0,170,353.1834319526627,34.44693240968354,47.26017149274651,2.9585798816568047
876,52560.0,52620.0,155,387.1168831168831,34.17217995726934,41.455858877776464,1.2987012987012987
877,52620.0,52680.0,160,373.58490566037733,29.11354938959975,40.42307900761267,1.257861635220126
878,52680.0,52740.0,161,373.375,29.990512126505326,41.203284963991635,1.25
879,52740.0,52800.0,158,380.81528662420385,47.01715748696957,62.33491016790692,4.45859872611465
880,52800.0,52860.0,156,384.56774193548387,24.09694148691654,27.81572011856399,1.935483870967742
881,52860.0,52920.0,156,384.49032258064517,30.914496188205796,42.764228284621495,1.2903225806451613
882,52920.0,52980.0,149,402.7837837837838,74.7234848694021,62.26911093689028,2.7027027027027026
883,52980.0,53040.0,158,378.4458598726115,49.18755248320382,62.80535662276603,4.45859872611465
884,53040.0,53100.0,161,372.925,167.53888312415887,236.46303579121513,8.125
885,53100.0,53160.0,165,365.219512195122,16.879961903719334,4.923961694916618,0.0
886,53160.0,53220.0,163,366.44444444444446,44.53151581319816,60.959613960075984,4.320987654320987
887,53220.0,53280.0,163,369.7037037037037,58.19958046516831,80.20718513065928,6.790123456790123
888,53280.0,53340.0,157,380.35897435897436,11.578594665379075,4.10192716312868,0.0
889,53340.0,53400.0,160,376.50314465408803,6.73163156049739,3.500452050373212,0.0
890,53400.0,53460.0,154,388.3137254901961,17.31156845802194,5.370484639504883,0.0
891,53460.0,53520.0,150,401.23489932885906,10.673527027780919,4.261708831227464,0.0
892,53520.0,53580.0,160,375.0440251572327,30.686521576750533,42.17504211278502,1.257861635220126
893,53580.0,53640.0,164,365.9141104294479,40.36215663905525,56.538853678763616,3.6809815950920246
894,53640.0,53700.0,163,367.75308641975306,33.19714530277197,39.629338526522105,1.2345679012345678
895,53700.0,53760.0,172,348.46783625730995,56.229496817502294,72.85246977928186,4.678362573099415
896,53760.0,53820.0,160,375.47169811320754,67.33270983843417,82.9823833675985,3.7735849056603774
897,53820.0,53880.0,168,357.94011976047904,54.88890209759662,66.49793909298586,3.592814371257485
898,53880.0,53940.0,170,351.59763313609466,63.933961420641204,90.8510030869487,3.5502958579881656
899,53940.0,54000.0,170,352.5917159763314,56.02831067980843,74.84460091225208,1.183431952662722
900,54000.0,54060.0,157,383.4102564102564,43.557432874809166,56.65606478938821,2.564102564102564
901,54060.0,54120.0,159,376.8354430379747,55.82512056510223,78.16559263903437,5.063291139240507
902,54120.0,54180.0,160,374.6163522012579,51.53637019069282,69.43023089422442,3.7735849056603774
903,54180.0,54240.0,152,394.70198675496687,38.36261977532935,45.88914178030935,3.3112582781456954
904,54240.0,54300.0,163,368.2962962962963,50.369182248264345,58.13157062307529,3.0864197530864197
905,54300.0,54360.0,164,366.8957055214724,40.954749720313124,39.99135709094289,1.2269938650306749
906,54360.0,54420.0,166,361.91515151515154,54.83916684497762,77.59180243349196,1.2121212121212122
907,54420.0,54480.0,166,360.77575757575755,65.70873939676216,94.55673222862609,3.6363636363636362
908,54480.0,54540.0,165,364.2926829268293,101.46660580393551,92.80205201877654,4.2682926829268295
909,54540.0,54600.0,166,361.7939393939394,41.981194536987644,43.69182543401108,1.8181818181818181
910,54600.0,54660.0,170,352.2130177514793,37.741628791232095,53.2022197889918,2.366863905325444
911,54660.0,54720.0,155,386.7012987012987,19.616629556707654,5.313689313240571,0.0
912,54720.0,54780.0,151,397.97333333333336,18.31416610412512,4.782518501948164,0.0
913,54780.0,54840.0,144,415.94405594405595,10.214444497436679,5.296823390313199,0.0
914,54840.0,54900.0,145,415.3611111111111,9.480647281840671,5.039702510922782,0.0
915,54900.0,54960.0,154,388.73202614379085,45.501736018927396,62.24146527838174,2.6143790849673203
916,54960.0,55020.0,147,409.17808219178085,23.000655142545426,5.026824595829994,0.0
917,55020.0,55080.0,153,391.07894736842104,35.099768176398925,43.734297087318716,1.3157894736842104
918,55080.0,55140.0,157,383.35897435897436,24.718270301200473,5.018674802594162,0.0
919,55140.0,55200.0,161,372.35,49.84986263803991,69.10751809031905,3.75
920,55200.0,55260.0,168,356.21556886227546,36.28071939093606,47.30215614434098,2.9940119760479043
921,55260.0,55320.0,175,342.6666666666667,55.43619290339436,79.41811502560138,5.747126436781609
922,55320.0,55380.0,167,359.30120481927713,54.595312250702754,70.12923135832226,4.216867469879518
923,55380.0,55440.0,158,380.35668789808915,10.151425780151117,4.888500373062878,0.0
924,55440.0,55500.0,151,397.52,67.89280140943868,17.588892162861722,3.3333333333333335
925,55500.0,55560.0,150,401.3422818791946,96.6985963600356,121.78137256043185,9.395973154362416
926,55560.0,55620.0,148,404.3265306122449,11.395843549719034,5.2027390046671504,0.0
927,55620.0,55680.0,160,375.67295597484275,71.46916630510076,82.80769242075661,5.031446540880504
928,55680.0,55740.0,159,377.34177215189874,130.6685295447989,182.42024694867422,12.025316455696203
929,55740.0,55800.0,173,345.8837209302326,68.5221471184524,93.8302560961246,8.13953488372093
930,55800.0,55860.0,143,418.59154929577466,88.16772820524207,16.130672074042163,2.112676056338028
931,55860.0,55920.0,149,402.64864864864865,42.06520123123164,9.590244476323129,0.0
932,55920.0,55980.0,158,379.64331210191085,16.382453378638072,4.426030229194509,0.0
933,55980.0,56040.0,153,392.57894736842104,13.233774929498717,4.3550990134804675,0.0
934,56040.0,56100.0,153,392.5263157894737,12.20300004825708,3.8377697717804873,0.0
935,56100.0,56160.0,148,404.68027210884355,10.451444413879285,4.303550620732313,0.0
936,56160.0,56220.0,150,399.38255033557044,14.487458376423307,3.734427124198027,0.0
937,56220.0,56280.0,163,368.4691358024691,93.47017146944809,129.11855979862867,6.172839506172839
938,56280.0,56340.0,170,353.6804733727811,151.96840887175426,161.74112178475355,5.9171597633136095
939,56340.0,56400.0,175,342.48275862068965,55.87514199466574,71.46687659935232,4.597701149425287
940,56400.0,56460.0,173,345.8837209302326,49.80697680165396,65.50282347380863,4.651162790697675
941,56460.0,56520.0,166,360.43636363636364,139.80545240898724,171.21061056701978,12.727272727272727
942,56520.0,56580.0,157,383.15384615384613,94.55144725841086,115.3516922425753,10.897435897435898
943,56580.0,56640.0,153,391.0,64.02855323321832,72.99460199583118,4.605263157894736
944,56640.0,56700.0,155,389.2207792207792,26.98371495164187,5.8833985998712786,0.0
945,56700.0,56760.0,143,417.71830985915494,10.266219616210774,6.311084473689332,0.0
946,56760.0,56820.0,146,412.55172413793105,49.65574978378675,48.60384072615387,1.3793103448275863
947,56820.0,56880.0,144,417.2587412587413,9.136456371270581,5.349740022642143,0.0
948,56880.0,56940.0,143,419.4366197183099,12.455574837036904,6.007088011922143,0.0
949,56940.0,57000.0,152,394.1456953642384,35.220523817984954,43.71422346712033,1.3245033112582782
950,57000.0,57060.0,146,409.7655172413793,47.87686953023689,53.788681171992145,4.137931034482759
951,57060.0,57120.0,152,395.94701986754967,17.965814975287632,3.794733192202055,0.0
952,57120.0,57180.0,157,380.94871794871796,10.579221796975961,4.201382261021461,0.0
953,57180.0,57240.0,147,408.2191780821918,7.289570396201101,4.650546871809438,0.0
954,57240.0,57300.0,147,408.7671232876712,8.47311455653372,4.938239250639009,0.0
955,57300.0,57360.0,147,409.5342465753425,6.697569691557084,3.562254226246885,0.0
956,57360.0,57420.0,154,387.26797385620915,38.14774024761247,45.797035068360394,1.3071895424836601
957,57420.0,57480.0,158,381.8343949044586,17.045883454385304,4.9613893835683385,0.0
958,57480.0,57540.0,157,380.46153846153845,112.72847106470311,146.04639121558867,5.769230769230769
959,57540.0,57600.0,171,351.3176470588235,114.56490491515233,164.59352838370899,5.88235294117647
960,57600.0,57660.0,172,348.42105263157896,83.58446535270302,101.95962291947903,6.432748538011696
961,57660.0,57720.0,169,356.45238095238096,77.3258762124405,88.44687840393915,7.142857142857142
962,57720.0,57780.0,168,356.8622754491018,39.199507645000054,53.47761608081223,2.3952095808383236
963,57780.0,57840.0,161,373.925,148.4192408994952,173.0728570183031,13.750000000000002
964,57840.0,57900.0,153,390.2368421052632,181.98710880923164,226.65666774465865,8.552631578947368
965,57900.0,57960.0,158,381.656050955414,32.51207140231428,40.880062220836784,1.2738853503184715
966,57960.0,58020.0,162,367.1552795031056,62.35929752312512,78.37474082891758,5.590062111801243
967,58020.0,58080.0,152,395.2582781456954,109.0236955024707,123.11815463204442,6.622516556291391
968,58080.0,58140.0,155,386.83116883116884,19.701964068777208,4.504173808740778,0.0
969,58140.0,58200.0,160,375.0188679245283,16.16194612377365,3.9362000566632727,0.0
970,58200.0,58260.0,155,387.6363636363636,15.824948525690708,5.2543166194334825,0.0
971,58260.0,58320.0,155,387.1168831168831,15.368224603917172,3.9340976326225734,0.0
972,58320.0,58380.0,155,386.15584415584414,23.46298151493806,4.796512894563343,0.0
973,58380.0,58440.0,161,372.5,49.60776973025559,57.42482096526798,2.5
974,58440.0,58500.0,146,412.2206896551724,15.156804928222304,7.916228058025278,0.0
975,58500.0,58560.0,154,385.8562091503268,95.79256771937872,115.53035600176577,8.49673202614379
976,58560.0,58620.0,157,383.15384615384613,114.6821781494913,148.17949011358684,8.974358974358974
977,58620.0,58680.0,154,389.3071895424837,14.731491976889274,9.363984756839141,0.0
978,58680.0,58740.0,161,374.225,65.21295063725924,91.86043556744933,2.5
979,58740.0,58800.0,162,369.6149068322981,10.023760591590142,3.40587727318528,0.0
980,58800.0,58860.0,164,366.5766871165644,82.01376696429145,110.33820063114369,7.361963190184049
981,58860.0,58920.0,173,346.4418604651163,42.31754219948245,47.40370355901648,3.488372093023256
982,58920.0,58980.0,152,394.9139072847682,43.244258254300995,26.61528382965948,3.3112582781456954
983,58980.0,59040.0,148,403.4829931972789,17.1457705721747,13.033150566867175,0.6802721088435374
984,59040.0,59100.0,143,416.67605633802816,71.95108161827282,50.2238958695167,2.8169014084507045
985,59100.0,59160.0,147,408.24657534246575,11.633223316972826,5.015836987946795,0.0
986,59160.0,59220.0,147,409.47945205479454,9.217838162353502,4.949399127584876,0.0
987,59220.0,59280.0,146,410.2068965517241,9.602442218088278,4.2295258468165065,0.0
988,59280.0,59340.0,146,410.6758620689655,4.967788965230421,3.972125095937662,0.0
989,59340.0,59400.0,148,406.80272108843536,19.94191546830352,4.20045659618551,0.0
990,59400.0,59460.0,161,372.125,31.024184114977142,42.77894033106777,3.125
991,59460.0,59520.0,148,405.46938775510205,28.400585109361668,10.426520453493739,0.6802721088435374
992,59520.0,59580.0,165,363.780487804878,40.46661106151009,55.4628046476781,2.4390243902439024
993,59580.0,59640.0,159,377.34177215189874,133.62375986098894,152.33653659633202,14.556962025316455
994,59640.0,59700.0,157,380.8205128205128,180.46919090756765,200.1104211308379,18.58974358974359
995,59700.0,59760.0,172,348.0701754385965,46.688905212791624,46.9583044087111,4.093567251461988
996,59760.0,59820.0,158,380.28025477707007,131.4144859124251,161.0774618559304,12.738853503184714
997,59820.0,59880.0,163,367.28395061728395,29.179774569434425,20.553822693824927,1.2345679012345678
998,59880.0,59940.0,150,401.20805369127515,34.39894623774641,43.92868914194606,1.342281879194631
999,59940.0,60000.0,148,404.8707482993197,62.4478162541787,76.00432576009457,4.081632653061225
1000,60000.0,60060.0,160,376.07547169811323,64.3321628686981,70.81586034180032,3.7735849056603774
1001,60060.0,60120.0,146,408.9655172413793,17.60224646060184,6.944222218666553,0.0
1002,60120.0,60180.0,149,401.72972972972974,110.32485085225682,151.5561008362259,18.243243243243242
1003,60180.0,60240.0,166,362.8848484848485,61.637156799288476,82.09869135346324,7.878787878787878
1004,60240.0,60300.0,163,364.8395061728395,52.16015870639543,64.40863334747478,8.641975308641975
1005,60300.0,60360.0,165,365.0731707317073,88.31632778995038,102.83061299693372,2.4390243902439024
1006,60360.0,60420.0,160,374.1132075471698,77.36916118801899,94.58128912826552,13.20754716981132
1007,60420.0,60480.0,167,360.33734939759034,53.3110431696925,73.35889361711553,5.421686746987952
1008,60480.0,60540.0,163,366.2962962962963,45.324624665894476,56.93627253723923,2.4691358024691357
1009,60540.0,60600.0,155,388.72727272727275,96.09957204935371,133.7855077783213,3.2467532467532463
1010,60600.0,60660.0,165,364.0,41.379880117366305,39.10156666090789,1.2195121951219512
1011,60660.0,60720.0,106,568.0761904761905,63.57062929077318,16.186414056238647,1.9047619047619049
1012,60720.0,60780.0,142,420.17021276595744,39.098037482134664,16.174053295324583,3.546099290780142
1013,60780.0,60840.0,144,416.9230769230769,13.006540566504441,6.032774336669912,0.0
1014,60840.0,60900.0,146,412.8551724137931,9.20369740794489,4.853406592853679,0.0
1015,60900.0,60960.0,146,409.57241379310346,10.680163874358005,4.2295258468165065,0.0
1016,60960.0,61020.0,146,412.11034482758623,8.299194439973702,4.654746681256314,0.0
1017,61020.0,61080.0,148,404.5442176870748,24.405880521035954,23.478349105342325,1.3605442176870748
1018,61080.0,61140.0,146,410.2896551724138,12.830041375062818,4.955356249106169,0.0
1019,61140.0,61200.0,153,393.44736842105266,15.910673444350838,3.9867329651105723,0.0
1020,61200.0,61260.0,150,399.1677852348993,12.252083487774728,4.236265566031708,0.0
1021,61260.0,61320.0,138,435.97080291970804,69.92852880807907,46.091979651944804,5.109489051094891
1022,61320.0,61380.0,145,412.3611111111111,43.58459519849804,54.62856139676131,2.7777777777777777
1023,61380.0,61440.0,149,404.5405405405405,11.291064662042587,5.771145679064045,0.0
1024,61440.0,61500.0,149,402.13513513513516,8.167172258664726,4.499433070863892,0.0
1025,61500.0,61560.0,158,380.2547770700637,12.433878687392932,4.540416788730371,0.0
1026,61560.0,61620.0,157,380.1794871794872,11.4618509902378,3.9870758951327208,0.0
1027,61620.0,61680.0,152,394.9933774834437,12.256969004742688,4.710272462041519,0.0
1028,61680.0,61740.0,160,375.8490566037736,17.39423325042508,3.97460291783096,0.0
1029,61740.0,61800.0,156,383.89677419354837,17.02525785740169,4.941212848641962,0.0
1030,61800.0,61860.0,158,379.7452229299363,58.86391350880248,82.50066044801687,1.2738853503184715
1031,61860.0,61920.0,167,360.0,28.743378684173823,38.90999715738718,1.2048192771084338
1032,61920.0,61980.0,111,542.2181818181818,135.4761485367515,23.812724992315204,3.6363636363636362
1033,61980.0,62040.0,144,417.7902097902098,58.12599878249595,20.008448919619283,2.097902097902098
1034,62040.0,62100.0,151,395.14666666666665,44.596533808587544,63.539450304251474,4.0
1035,62100.0,62160.0,162,370.3354037267081,9.545250192752205,4.0743097574926725,0.0
1036,62160.0,62220.0,158,380.81528662420385,34.996670474608656,42.96092440393975,1.2738853503184715
1037,62220.0,62280.0,158,380.38216560509557,30.65033045202862,41.22856863626085,1.2738853503184715
1038,62280.0,62340.0,166,361.1393939393939,64.63979905276369,89.36196604601847,7.878787878787878
1039,62340.0,62400.0,168,356.9101796407186,50.53482949546985,69.82180416853605,5.389221556886228
1040,62400.0,62460.0,171,351.05882352941177,45.87256671809364,36.70963951247812,1.1764705882352942
1041,62460.0,62520.0,164,366.6993865030675,44.54629094165232,61.04845272606762,4.294478527607362
1042,62520.0,62580.0,164,366.23312883435585,48.27104166689131,47.033479013869986,3.067484662576687
1043,62580.0,62640.0,171,348.25882352941176,52.371262941041245,69.1000475256518,5.294117647058823
1044,62640.0,62700.0,158,379.2356687898089,95.7326766900862,109.23369443537099,10.191082802547772
1045,62700.0,62760.0,154,389.5686274509804,130.89186802300242,155.50055000748898,16.99346405228758
1046,62760.0,62820.0,171,350.09411764705885,81.08635524311903,107.0517211721379,10.0
1047,62820.0,62880.0,166,362.3515151515152,144.40659932138962,161.54105420951652,15.757575757575756
1048,62880.0,62940.0,170,351.31360946745565,83.76499079405149,105.64585945056066,11.242603550295858
1049,62940.0,63000.0,156,384.6709677419355,131.90064687165597,143.68074277423486,17.419354838709676
1050,63000.0,63060.0,160,374.3647798742138,53.61695147869711,76.06193345898451,7.547169811320755
1051,63060.0,63120.0,154,392.0,168.48551397984525,206.977242583257,18.954248366013072
1052,63120.0,63180.0,163,367.679012345679,93.1406239514981,113.04789289038749,9.25925925925926
1053,63180.0,63240.0,172,348.8421052631579,72.15827117573707,96.23549546937083,4.678362573099415
1054,63240.0,63300.0,165,360.1463414634146,53.984574472820675,69.20831894391704,6.097560975609756
1055,63300.0,63360.0,161,370.575,61.428441776749445,80.4878208686016,6.875000000000001
1056,63360.0,63420.0,166,361.1393939393939,38.57917057259623,45.6487116800549,1.8181818181818181
1057,63420.0,63480.0,167,358.5301204819277,32.50895908194319,40.1125688758297,1.2048192771084338
1058,63480.0,63540.0,173,347.51162790697674,52.024677946750195,50.84548316118883,2.3255813953488373
1059,63540.0,63600.0,158,379.05732484076435,63.51279318315211,90.55271874325403,2.547770700636943
1060,63600.0,63660.0,166,361.8909090909091,104.68029249273062,125.46809914252715,12.121212121212121
1061,63660.0,63720.0,170,352.7100591715976,14.72501776605935,3.8421224293227256,0.0
1062,63720.0,63780.0,165,364.2439024390244,119.35425036066403,140.28507347715507,3.6585365853658534
1063,63780.0,63840.0,165,363.2439024390244,29.856327124080696,40.1726336054477,1.2195121951219512
1064,63840.0,63900.0,139,434.1449275362319,61.085383670481214,22.299880527322262,4.3478260869565215
1065,63900.0,63960.0,154,386.9542483660131,39.578758901394956,48.65128331730883,3.2679738562091507
1066,63960.0,64020.0,166,363.27272727272725,5.947292514105644,2.9300794961329184,0.0
1067,64020.0,64080.0,164,365.44785276073617,110.88850775787502,124.22122838004346,10.429447852760736
1068,64080.0,64140.0,171,349.08235294117645,33.46293958683031,35.73207333879127,1.1764705882352942
1069,64140.0,64200.0,171,349.8588235294118,19.87960980959364,20.809647284813437,1.7647058823529411
1070,64200.0,64260.0,168,356.74251497005986,20.38011198990722,21.302186097443627,1.7964071856287425
1071,64260.0,64320.0,159,379.49367088607596,33.11661442191782,44.35640253514562,3.1645569620253164
1072,64320.0,64380.0,148,404.9795918367347,97.54419226006169,109.67298839532751,8.16326530612245
1073,64380.0,64440.0,153,392.13157894736844,6.302195781043319,4.475096654400345,0.0
1074,64440.0,64500.0,151,397.84,5.1109567787872034,3.3578516621844536,0.0
1075,64500.0,64560.0,148,403.9183673469388,6.25432475476806,3.972508265291366,0.0
1076,64560.0,64620.0,150,401.5838926174497,6.112791938687949,3.5867624489035883,0.0
1077,64620.0,64680.0,149,400.6756756756757,4.02410460943843,3.1124065977844175,0.0
1078,64680.0,64740.0,150,401.1275167785235,7.219800654772194,3.204726239520354,0.0
1079,64740.0,64800.0,151,397.70666666666665,4.404918950669658,3.1431186154633877,0.0
1080,64800.0,64860.0,148,404.7074829931973,7.940886811138383,3.88886714497074,0.0
1081,64860.0,64920.0,141,427.14285714285717,71.23136600241057,16.69359934204741,2.857142857142857
1082,64920.0,64980.0,149,402.4594594594595,8.672717703170646,3.958973274443148,0.0
1083,64980.0,65040.0,150,399.06040268456377,9.03314331864207,4.27437366993929,0.0
1084,65040.0,65100.0,153,393.2105263157895,5.329701330979869,3.5806692185931017,0.0
1085,65100.0,65160.0,154,389.3071895424837,6.693753024228158,3.6992175559590694,0.0
1086,65160.0,65220.0,152,393.4039735099338,12.2044684756292,6.556421788343598,0.0
1087,65220.0,65280.0,153,393.3421052631579,5.785463930361034,3.47555322195985,0.0
1088,65280.0,65340.0,155,386.54545454545456,6.029438575074807,3.329409455182921,0.0
1089,65340.0,65400.0,152,393.5629139072848,6.692858043158541,3.7380922050336496,0.0
1090,65400.0,65460.0,154,390.87581699346407,8.03227065411924,3.75569742629711,0.0
1091,65460.0,65520.0,150,400.10738255033556,32.92890395078408,9.625416803892112,1.342281879194631
1092,65520.0,65580.0,156,383.7935483870968,10.976182464000546,4.177863742936748,0.0
1093,65580.0,65640.0,155,388.12987012987014,6.176808087755208,3.8535273714629796,0.0
1094,65640.0,65700.0,157,382.43589743589746,7.903596149389122,3.7879264904132173,0.0
1095,65700.0,65760.0,158,379.10828025477707,25.861955926248307,29.453135308268617,1.910828025477707
1096,65760.0,65820.0,162,369.6894409937888,8.119602841922688,3.478505426185217,0.0
1097,65820.0,65880.0,160,375.47169811320754,59.91574372260044,84.67779587308618,1.257861635220126
1098,65880.0,65940.0,158,379.3375796178344,12.117773627772587,4.138623578945677,0.0
1099,65940.0,66000.0,156,384.8258064516129,10.240705882666623,4.5924839782963955,0.0
1100,66000.0,66060.0,162,369.888198757764,8.509548892876074,3.714835124201342,0.0
1101,66060.0,66120.0,156,384.38709677419354,6.19634066368563,3.3959486940275663,0.0
1102,66120.0,66180.0,159,377.46835443037975,7.5995900711403594,3.423411342934111,0.0
1103,66180.0,66240.0,155,388.38961038961037,7.731027114127105,3.407028490819368,0.0
1104,66240.0,66300.0,152,393.9867549668874,7.531256429013587,3.794733192202055,0.0
1105,66300.0,66360.0,152,396.317880794702,8.447777507271486,3.780652501002087,0.0
1106,66360.0,66420.0,157,380.9230769230769,9.354342418597218,4.139502853117478,0.0
1107,66420.0,66480.0,155,387.4805194805195,9.751970324943175,4.064834045443118,0.0
1108,66480.0,66540.0,151,396.2133333333333,10.161505639815832,5.139660239991583,0.0
1109,66540.0,66600.0,152,396.8211920529801,8.240619792802992,4.079215610874228,0.0
1110,66600.0,66660.0,154,387.58169934640523,58.66257373845388,40.83857825248341,2.6143790849673203
1111,66660.0,66720.0,157,384.1025641025641,9.776323926302432,4.1890795047091425,0.0
1112,66720.0,66780.0,155,385.5844155844156,10.442936317783035,4.253410780535294,0.0
1113,66780.0,66840.0,152,396.2913907284768,22.47653277056569,23.598870029445617,1.9867549668874174
1114,66840.0,66900.0,153,391.94736842105266,6.874262849038555,4.231699985610029,0.0
1115,66900.0,66960.0,152,392.6622516556291,6.3402286154560095,3.695041722813605,0.0
1116,66960.0,67020.0,154,391.0065359477124,9.29381283437234,4.667919631292994,0.0
1117,67020.0,67080.0,153,390.6578947368421,7.306991356969916,3.878963471843224,0.0
1118,67080.0,67140.0,152,394.9139072847682,11.793184697019429,4.641838716141123,0.0
1119,67140.0,67200.0,157,384.28205128205127,30.74343252642799,42.09359770489968,1.282051282051282
1120,67200.0,67260.0,153,391.6578947368421,9.51200375347197,4.795141028524991,0.0
1121,67260.0,67320.0,156,384.0774193548387,9.446730681550777,4.0387731196104975,0.0
1122,67320.0,67380.0,163,368.81481481481484,10.322875894617729,4.264543985436979,0.0
1123,67380.0,67440.0,162,368.62111801242236,29.605941992144686,40.10610926031095,1.2422360248447204
1124,67440.0,67500.0,170,354.7692307692308,46.63127909972222,54.49508496841055,2.366863905325444
1125,67500.0,67560.0,160,375.1194968553459,31.926015101349115,41.8810854259497,1.257861635220126
1126,67560.0,67620.0,151,395.8666666666667,119.85352731124998,170.21391988756363,1.3333333333333335
1127,67620.0,67680.0,147,409.45205479452056,183.87394790966619,262.67021410755797,1.36986301369863
1128,67680.0,67740.0,148,405.08843537414964,11.756039060180665,6.157743760435155,0.0
1129,67740.0,67800.0,147,408.4931506849315,96.42765711252981,103.34542013107773,4.10958904109589
1130,67800.0,67860.0,153,392.55263157894734,10.26328212202837,4.915174503245128,0.0
1131,67860.0,67920.0,155,386.2597402597403,12.064535178879492,3.8126037969369833,0.0
1132,67920.0,67980.0,151,397.04,12.737346662472527,5.628308124915807,0.0
1133,67980.0,68040.0,152,395.7880794701987,7.997173893756202,4.664761515876241,0.0
1134,68040.0,68100.0,147,406.54794520547944,9.557147310480165,5.220648658336731,0.0
1135,68100.0,68160.0,151,399.46666666666664,5.855837065739806,3.8634407587853983,0.0
1136,68160.0,68220.0,148,404.48979591836735,16.284443937132977,6.719425937645779,0.0
1137,68220.0,68280.0,149,401.3243243243243,8.783268119560313,4.301558015480463,0.0
1138,68280.0,68340.0,155,388.54545454545456,14.805532841921444,4.752708206288037,0.0
1139,68340.0,68400.0,153,392.07894736842104,9.061618582513828,4.318449562344865,0.0
1140,68400.0,68460.0,154,388.83660130718954,9.837132602876572,4.167543767332454,0.0
1141,68460.0,68520.0,151,396.4,16.765256499778214,5.788208332869333,0.0
1142,68520.0,68580.0,151,398.4533333333333,11.168379781110733,4.611045973143507,0.0
1143,68580.0,68640.0,152,395.07284768211923,6.35725238107192,3.5023801430836525,0.0
1144,68640.0,68700.0,151,396.2133333333333,12.664269171433954,5.243084291321859,0.0
1145,68700.0,68760.0,152,397.2450331125828,9.33164286173106,4.066120181860509,0.0
1146,68760.0,68820.0,148,404.21768707482994,9.051236959893762,4.514815792901812,0.0
1147,68820.0,68880.0,148,404.10884353741494,26.300458158335672,25.143969020069044,2.0408163265306123
1148,68880.0,68940.0,151,399.62666666666667,6.67314226886346,3.6637165272365584,0.0
1149,68940.0,69000.0,155,385.27272727272725,38.25392845429828,47.88875998951459,3.2467532467532463
1150,69000.0,69060.0,156,385.4709677419355,6.792193453851051,3.4415339376731193,0.0
1151,69060.0,69120.0,157,383.2307692307692,13.990709430626042,4.051284145281154,0.0
1152,69120.0,69180.0,166,360.1212121212121,10.485057822739638,3.9509183865983584,0.0
1153,69180.0,69240.0,158,380.687898089172,10.249986556079184,5.124100921762788,0.0
1154,69240.0,69300.0,158,379.54140127388536,8.301598892845323,3.186510027262766,0.0
1155,69300.0,69360.0,156,382.94193548387096,15.698969570651006,6.365491380834674,0.0
1156,69360.0,69420.0,155,388.4155844155844,6.1044302980760845,3.894020890135344,0.0
1157,69420.0,69480.0,154,389.1764705882353,8.483821791983988,4.316431274486879,0.0
1158,69480.0,69540.0,159,377.62025316455697,8.07655062506227,4.050634927033281,0.0
1159,69540.0,69600.0,155,386.3376623376623,5.706573184158245,4.03902531437921,0.0
1160,69600.0,69660.0,160,374.8930817610063,27.370544824444828,33.62940244578781,3.7735849056603774
1161,69660.0,69720.0,155,388.64935064935065,22.982668226106256,9.603920767980496,0.0
1162,69720.0,69780.0,156,384.3354838709677,5.854599057278936,3.471591573320233,0.0
1163,69780.0,69840.0,151,398.05333333333334,41.928636506379696,40.13132803599809,0.6666666666666667
1164,69840.0,69900.0,150,399.0872483221477,5.096279625938641,4.053693677676254,0.0
1165,69900.0,69960.0,148,405.6326530612245,3.965746544193371,3.6263873112929965,0.0
1166,69960.0,70020.0,149,403.8918918918919,3.9574868943365273,3.5685702847990846,0.0
1167,70020.0,70080.0,148,403.70068027210885,5.400932144288695,3.730657880210685,0.0
1168,70080.0,70140.0,134,446.2857142857143,107.38239313303814,12.01009676240888,2.2556390977443606
1169,70140.0,70200.0,137,439.20588235294116,72.8181008884018,44.43555466648884,6.61764705882353
1170,70200.0,70260.0,149,403.27027027027026,12.845812253161101,4.2378277069118075,0.0
1171,70260.0,70320.0,155,387.24675324675326,2.990861218379042,3.1185718199327126,0.0
1172,70320.0,70380.0,153,390.8157894736842,110.60995374850664,140.0166499087006,2.631578947368421
1173,70380.0,70440.0,160,376.37735849056605,41.98563335437659,42.06444723895688,1.257861635220126
1174,70440.0,70500.0,159,377.3164556962025,4.124014813979548,3.6258098151015346,0.0
1175,70500.0,70560.0,156,384.2064516129032,6.078166989361641,3.7032803990902057,0.0
1176,70560.0,70620.0,149,400.8378378378378,76.15987963515666,61.474844144455005,2.7027027027027026
1177,70620.0,70680.0,153,392.6578947368421,9.650244661591818,4.281486404020755,0.0
1178,70680.0,70740.0,151,398.6933333333333,126.24084506200312,179.17634072004458,1.3333333333333335
1179,70740.0,70800.0,156,383.0451612903226,12.67441534576382,5.507963538156579,0.0
1180,70800.0,70860.0,153,394.05263157894734,6.345243276205252,4.219161587722287,0.0
1181,70860.0,70920.0,157,380.84615384615387,29.150588738846086,28.68471549842889,2.564102564102564
1182,70920.0,70980.0,157,383.64102564102564,9.599696714260816,4.064004064006096,0.0
1183,70980.0,71040.0,151,396.0,7.23896985514917,3.764903271572233,0.0
1184,71040.0,71100.0,148,406.2857142857143,11.871457654783386,5.800330647164725,0.0
1185,71100.0,71160.0,149,401.27027027027026,7.6243385747202534,3.861549510993008,0.0
1186,71160.0,71220.0,137,440.44117647058823,51.38132889100539,14.986413600077658,2.2058823529411766
1187,71220.0,71280.0,154,389.2549019607843,15.234798036319038,15.960477502420257,1.9607843137254901
1188,71280.0,71340.0,158,379.18471337579615,9.388906203225218,3.478873970491616,0.0
1189,71340.0,71400.0,154,388.15686274509807,31.768512557135548,44.5078349105082,1.3071895424836601
1190,71400.0,71460.0,151,397.84,25.755192348066554,28.02874842469841,2.666666666666667
1191,71460.0,71520.0,147,407.9178082191781,25.81405841232042,7.986194985399967,0.0
1192,71520.0,71580.0,158,380.6624203821656,9.335316277536245,4.200122098347338,0.0
1193,71580.0,71640.0,158,380.07643312101914,7.824633522403563,7.442084075352508,0.6369426751592357
1194,71640.0,71700.0,157,382.28205128205127,41.964930807765896,52.196156081434,3.8461538461538463
1195,71700.0,71760.0,155,388.1038961038961,45.296289483028424,44.94411926169152,1.2987012987012987
1196,71760.0,71820.0,156,383.6645161290323,5.729029993545675,3.8002050525673536,0.0
1197,71820.0,71880.0,153,391.63157894736844,14.625426562195592,6.378772744176916,0.0
1198,71880.0,71940.0,151,397.70666666666665,29.358589899633373,23.752640262991548,1.3333333333333335
1199,71940.0,72000.0,146,409.3241379310345,33.20995557698455,10.816653826391969,0.0
1200,72000.0,72060.0,153,393.1578947368421,3.896177891348356,3.238837171758649,0.0
1201,72060.0,72120.0,151,398.4533333333333,5.690668998152364,3.3578516621844536,0.0
1202,72120.0,72180.0,151,397.0933333333333,14.425158236795864,6.182894784764098,0.0
1203,72180.0,72240.0,150,398.12080536912754,16.86549041429171,7.569497823323374,0.6711409395973155
1204,72240.0,72300.0,153,393.9736842105263,8.375261085914424,4.925941601587625,0.0
1205,72300.0,72360.0,149,402.4864864864865,12.339024143867512,5.827450872677469,0.0
1206,72360.0,72420.0,154,388.0522875816994,6.407017995991832,2.991215208080594,0.0
1207,72420.0,72480.0,155,388.93506493506493,4.007632138212413,3.08485653949759,0.0
1208,72480.0,72540.0,155,386.4415584415584,26.816487712630455,6.34519013966459,0.0
1209,72540.0,72600.0,159,376.65822784810126,6.493281340890628,4.012718633049853,0.0
1210,72600.0,72660.0,153,393.60526315789474,59.56355144597611,54.44579295832624,5.263157894736842
1211,72660.0,72720.0,153,390.2894736842105,5.7239262898371015,4.168630883600587,0.0
1212,72720.0,72780.0,161,374.55,84.96361041257383,117.01185232661544,1.25
1213,72780.0,72840.0,167,357.5903614457831,51.88309379447939,49.71969916289201,3.0120481927710845
1214,72840.0,72900.0,157,384.0,16.76247729786055,6.521428697614083,0.0
1215,72900.0,72960.0,152,393.6953642384106,11.298963597005079,5.995553908244564,0.0
1216,72960.0,73020.0,120,498.99159663865544,99.28041913539815,37.00114519528702,9.243697478991598
1217,73020.0,73080.0,157,382.2307692307692,95.23484359331502,106.38505837363296,4.487179487179487
1218,73080.0,73140.0,167,358.5301204819277,59.184424107657684,71.551464843231,6.626506024096386
1219,73140.0,73200.0,164,365.49693251533745,62.45525551264472,81.66719576548181,7.361963190184049
1220,73200.0,73260.0,160,374.5157232704403,60.280447461434655,83.90953537341437,1.8867924528301887
1221,73260.0,73320.0,152,395.7086092715232,23.866738194671264,10.75298408194984,0.6622516556291391
1222,73320.0,73380.0,139,432.5217391304348,28.05552820117238,14.519053678116533,0.7246376811594203
1223,73380.0,73440.0,149,401.7567567567568,14.562846035302071,5.2476104053165376,0.0
1224,73440.0,73500.0,157,382.05128205128204,5.288813357723739,3.196772565996786,0.0
1225,73500.0,73560.0,160,374.7672955974843,11.14188980661279,3.485957362644761,0.0
1226,73560.0,73620.0,149,401.94594594594594,8.469058356112273,4.7922840477749045,0.0
1227,73620.0,73680.0,150,398.97986577181206,14.189104022271245,4.9864681754589455,0.0
1228,73680.0,73740.0,152,396.0794701986755,21.759755874490857,19.401718136976083,0.6622516556291391
1229,73740.0,73800.0,158,377.9872611464968,3.9124837365869847,4.025559365495459,0.0
1230,73800.0,73860.0,151,397.3066666666667,14.362491542589744,4.5406441904678605,0.0
1231,73860.0,73920.0,156,384.8258064516129,11.814116796298464,4.348458452036872,0.0
1232,73920.0,73980.0,149,403.0810810810811,14.275002418963311,7.391850633117049,0.0
1233,73980.0,74040.0,148,406.99319727891157,12.708263193923077,7.4979449239236065,0.0
1234,74040.0,74100.0,150,398.1476510067114,10.277485126529223,4.579625855129758,0.0
1235,74100.0,74160.0,160,376.75471698113205,8.786293253030776,3.8713488311119546,0.0
1236,74160.0,74220.0,156,382.47741935483873,12.626675269522085,5.157266969762434,0.0
1237,74220.0,74280.0,154,391.55555555555554,7.657889712825666,5.3113582364391005,0.0
1238,74280.0,74340.0,151,397.17333333333335,8.020733758352248,4.77127872494795,0.0
1239,74340.0,74400.0,154,388.33986928104576,11.552604740862106,4.279695021106551,0.0
1240,74400.0,74460.0,158,381.2738853503185,7.949045632901518,4.06359699192975,0.0
1241,74460.0,74520.0,154,389.1764705882353,10.155448140529522,3.5688712648767758,0.0
1242,74520.0,74580.0,156,383.2,8.24810092270753,3.960847344737195,0.0
1243,74580.0,74640.0,154,391.73856209150324,8.139225394598666,4.834089475033698,0.0
1244,74640.0,74700.0,153,390.4736842105263,3.680892794848318,3.2059547244719844,0.0
1245,74700.0,74760.0,152,396.05298013245033,6.9125856999825075,3.794733192202055,0.0
1246,74760.0,74820.0,154,390.06535947712416,12.149113679289302,6.609403189873938,0.6535947712418301
1247,74820.0,74880.0,154,389.4117647058824,8.996731432614194,4.192725529821986,0.0
1248,74880.0,74940.0,153,391.57894736842104,6.86147351173044,4.130327184256306,0.0
1249,74940.0,75000.0,162,369.5900621118012,10.092368434669734,4.764451699828638,0.0
1250,75000.0,75060.0,155,387.14285714285717,9.248514151235444,5.712044378363333,0.0
1251,75060.0,75120.0,152,394.41059602649005,10.743848797135849,5.4258639865002145,0.0
1252,75120.0,75180.0,153,392.63157894736844,17.930581449936277,5.731289743086219,0.0
1253,75180.0,75240.0,156,386.06451612903226,9.917633135209645,4.9517149069267425,0.0
1254,75240.0,75300.0,153,392.05263157894734,11.086528710860966,6.1933525568983825,0.0
1255,75300.0,75360.0,154,388.52287581699346,7.394063201152329,4.633970674327397,0.0
1256,75360.0,75420.0,158,380.94267515923565,8.713562989795587,4.426030229194509,0.0
1257,75420.0,75480.0,152,394.41059602649005,32.49641447363669,44.54331225522712,1.3245033112582782
1258,75480.0,75540.0,154,388.94117647058823,5.671066100132699,4.192725529821986,0.0
1259,75540.0,75600.0,154,390.5882352941176,6.480262961449605,4.656630812756772,0.0
1260,75600.0,75660.0,153,392.2368421052632,5.047767642590102,4.330700507702792,0.0
1261,75660.0,75720.0,151,395.3333333333333,4.550487350058509,3.904910005064266,0.0
1262,75720.0,75780.0,153,392.8421052631579,4.663661499816724,3.018705481072467,0.0
1263,75780.0,75840.0,155,388.2077922077922,8.853694863776022,4.584714586878583,0.0
1264,75840.0,75900.0,151,395.2,6.4547989535074874,4.371966829669633,0.0
1265,75900.0,75960.0,154,391.63398692810455,12.459276629540215,4.47213595499958,0.0
1266,75960.0,76020.0,153,390.3157894736842,7.696581379776193,3.739887025952444,0.0
1267,76020.0,76080.0,156,386.09032258064514,12.528081569711459,5.034942834893893,0.0
1268,76080.0,76140.0,154,388.67973856209153,6.693136306352283,4.052289801035823,0.0
1269,76140.0,76200.0,157,383.71794871794873,3.8851161344287184,3.3234261373351717,0.0
1270,76200.0,76260.0,154,388.3921568627451,3.6925160693760857,3.387282717832439,0.0
1271,76260.0,76320.0,153,392.3421052631579,3.412298099517701,2.874874025457751,0.0
1272,76320.0,76380.0,153,390.8421052631579,12.306303377671274,4.3793615912618895,0.0
1273,76380.0,76440.0,152,395.73509933774835,11.772681363651452,4.942334131426837,0.0
1274,76440.0,76500.0,150,401.4228187919463,6.222432400090701,4.374372541877879,0.0
1275,76500.0,76560.0,148,403.7278911564626,5.512821696424173,3.472001515055537,0.0
1276,76560.0,76620.0,150,401.5570469798658,3.0388977160903363,3.013483214003536,0.0
1277,76620.0,76680.0,155,386.5974025974026,9.254936489169188,3.7012628122343267,0.0
1278,76680.0,76740.0,148,404.21768707482994,8.755833285961087,5.160439611728963,0.0
1279,76740.0,76800.0,152,395.841059602649,10.054579530563368,4.320493798938574,0.0
1280,76800.0,76860.0,150,400.48322147651004,4.4336002496379505,3.8903901006370987,0.0
1281,76860.0,76920.0,152,394.64900662251654,5.748273567482894,3.9597979746446663,0.0
1282,76920.0,76980.0,140,427.021582733813,76.14150324440267,10.583005244258363,0.7194244604316548
1283,76980.0,77040.0,133,450.1212121212121,59.71420871269809,32.85127253045503,3.0303030303030303
1284,77040.0,77100.0,149,404.02702702702703,3.917423049174463,3.761603363453619,0.0
1285,77100.0,77160.0,153,390.44736842105266,8.807574610094067,4.391442611707516,0.0
1286,77160.0,77220.0,155,388.987012987013,5.319819905776472,4.265686161846948,0.0
1287,77220.0,77280.0,159,377.36708860759495,8.370675558412271,4.13775532242788,0.0
1288,77280.0,77340.0,157,380.56410256410254,3.7038419237143945,3.620728851951612,0.0
1289,77340.0,77400.0,157,383.2564102564103,3.685843528213694,3.504835369563303,0.0
1290,77400.0,77460.0,153,391.8157894736842,10.631342549542662,5.032345706651946,0.0
1291,77460.0,77520.0,153,391.42105263157896,14.117072617294982,4.915174503245128,0.0
1292,77520.0,77580.0,154,390.06535947712416,6.8380448908395275,3.8933141071383006,0.0
1293,77580.0,77640.0,153,392.6578947368421,7.153108214470066,3.8515499589246813,0.0
1294,77640.0,77700.0,155,385.61038961038963,6.744944064664058,3.715362912102592,0.0
1295,77700.0,77760.0,153,392.3421052631579,11.152824762107434,4.318449562344865,0.0
1296,77760.0,77820.0,153,394.1842105263158,5.838240064841708,4.155902209966922,0.0
1297,77820.0,77880.0,158,378.5987261146497,10.024239770785526,3.4935838626156097,0.0
1298,77880.0,77940.0,145,414.30555555555554,75.04602576356713,28.972135154051305,4.166666666666666
1299,77940.0,78000.0,155,387.8961038961039,6.336086946456513,3.233808333817773,0.0
1300,78000.0,78060.0,154,387.9738562091503,7.504338843574973,4.622598950009786,0.0
1301,78060.0,78120.0,154,389.72549019607845,7.494063698159651,3.8388594797495723,0.0
1302,78120.0,78180.0,150,400.2147651006711,8.868836846242031,4.9864681754589455,0.0
1303,78180.0,78240.0,150,400.10738255033556,6.306518442010867,3.8764709501074592,0.0
1304,78240.0,78300.0,155,388.4935064935065,5.644416239343454,4.026058907517051,0.0
1305,78300.0,78360.0,147,406.7945205479452,9.936292105359179,5.607876234553413,0.0
1306,78360.0,78420.0,146,411.2,10.57880480541687,5.41602560309064,0.0
1307,78420.0,78480.0,148,406.3673469387755,5.55431663879676,4.379278729628981,0.0
1308,78480.0,78540.0,147,406.5753424657534,5.533391572598261,4.227985580505865,0.0
1309,78540.0,78600.0,156,384.6193548387097,8.875964164010822,4.0,0.0
1310,78600.0,78660.0,155,387.8181818181818,8.596590405925419,3.9869066751808107,0.0
1311,78660.0,78720.0,149,402.27027027027026,14.509951825118973,6.704653678780206,0.0
1312,78720.0,78780.0,156,384.8774193548387,42.97089553903776,59.76577659453655,2.5806451612903225
1313,78780.0,78840.0,153,391.5,9.1644287856302,4.5572153691184925,0.0
1314,78840.0,78900.0,151,396.29333333333335,7.195773057020571,5.002013017594808,0.0
1315,78900.0,78960.0,148,406.61224489795916,7.140899927546292,4.328940520196283,0.0
1316,78960.0,79020.0,150,400.3489932885906,4.830821896520364,3.9180800593340805,0.0
1317,79020.0,79080.0,150,399.5436241610738,6.873847049738309,3.556493870182915,0.0
1318,79080.0,79140.0,150,400.80536912751677,3.5406478494627667,3.748873704735071,0.0
1319,79140.0,79200.0,152,393.88079470198676,33.89964152265092,46.38505506446374,1.3245033112582782
1320,79200.0,79260.0,162,371.5776397515528,8.894970314419824,4.347413023856832,0.0
1321,79260.0,79320.0,159,376.5822784810127,10.614984715388978,4.72424293803564,0.0
1322,79320.0,79380.0,152,394.41059602649005,7.562425998032473,4.1182520563948,0.0
1323,79380.0,79440.0,150,400.0,6.203747777471815,4.040337154783536,0.0
1324,79440.0,79500.0,151,397.76,2.98470373334422,3.4834219078256172,0.0
1325,79500.0,79560.0,162,369.1925465838509,9.548242984935964,3.9115214431215892,0.0
1326,79560.0,79620.0,156,385.2903225806452,9.150237909003783,4.152921049906108,0.0
1327,79620.0,79680.0,153,393.5263157894737,6.001045569407606,3.878963471843224,0.0
1328,79680.0,79740.0,152,393.7748344370861,9.439048105559841,4.233202097703345,0.0
1329,79740.0,79800.0,127,471.42857142857144,89.0306399906395,65.41437150963081,6.349206349206349
1330,79800.0,79860.0,149,403.0,8.092996888635,4.160062793874582,0.0
1331,79860.0,79920.0,155,388.7012987012987,10.278558093053999,4.290131554879166,0.0
1332,79920.0,79980.0,151,395.52,6.198852459292811,4.2092898219734325,0.0
1333,79980.0,80040.0,148,405.7687074829932,8.921321257274148,3.9029318098486896,0.0
1334,80040.0,80100.0,147,409.28767123287673,35.48889265848752,9.758462287004882,0.684931506849315
1335,80100.0,80160.0,147,407.4246575342466,7.108844046327913,4.848035506868949,0.0
1336,80160.0,80220.0,146,410.64827586206894,5.461393588029675,4.109609335312651,0.0
1337,80220.0,80280.0,148,405.2517006802721,3.7976985413752784,3.8463645885361943,0.0
1338,80280.0,80340.0,147,408.4657534246575,27.972440718915895,10.026172646181317,0.684931506849315
1339,80340.0,80400.0,145,413.77777777777777,8.010870625222216,5.105872116488041,0.0
1340,80400.0,80460.0,146,411.2,4.48701831212369,3.872983346207417,0.0
1341,80460.0,80520.0,146,410.53793103448277,23.23222758298121,7.505553499465135,0.0
1342,80520.0,80580.0,147,408.73972602739724,5.417792901580989,3.9163670709578233,0.0
1343,80580.0,80640.0,146,411.39310344827584,5.564391440874706,3.929942040850532,0.0
1344,80640.0,80700.0,148,406.17687074829934,6.440136006681026,3.9586908033732984,0.0
1345,80700.0,80760.0,144,415.02097902097904,6.372772774670767,4.165586714504493,0.0
1346,80760.0,80820.0,146,411.3379310344828,12.552235684915066,4.932882862316247,0.0
1347,80820.0,80880.0,150,400.93959731543623,12.558096445052332,5.432634122919885,0.0
1348,80880.0,80940.0,149,400.7567567567568,18.02402841470718,6.5569198011651455,0.0
1349,80940.0,81000.0,153,392.8157894736842,12.718772199391768,4.155902209966922,0.0
1350,81000.0,81060.0,140,429.294964028777,70.17364107691328,15.155235379903864,2.158273381294964
1351,81060.0,81120.0,147,407.3424657534247,9.500953386762813,5.448188563246472,0.0
1352,81120.0,81180.0,156,386.5548387096774,12.145301018273111,3.3185820786876756,0.0
1353,81180.0,81240.0,151,395.76,12.701889094822912,4.87150322017353,0.0
1354,81240.0,81300.0,147,408.8767123287671,13.562570405834812,5.791789670404727,0.0
1355,81300.0,81360.0,149,403.02702702702703,7.415690247684616,5.057492589467334,0.0
1356,81360.0,81420.0,156,384.9548387096774,10.23448584252426,4.312470590902922,0.0
1357,81420.0,81480.0,153,391.3157894736842,9.476650323788393,4.580407454619198,0.0
1358,81480.0,81540.0,150,399.91946308724835,17.80658729406419,6.035928464820672,0.0
1359,81540.0,81600.0,149,403.56756756756755,7.46708164738654,5.637580414075711,0.0
1360,81600.0,81660.0,146,410.48275862068965,17.44240659693267,6.765927710061479,0.0
1361,81660.0,81720.0,146,411.2,9.111653100410606,5.517648452415616,0.0
1362,81720.0,81780.0,153,391.57894736842104,19.32452935122142,4.318449562344865,0.0
1363,81780.0,81840.0,155,386.6753246753247,10.861506724449859,4.88294350314459,0.0
1364,81840.0,81900.0,149,401.8378378378378,10.895954472403096,4.426266681379905,0.0
1365,81900.0,81960.0,149,403.6216216216216,7.003794312186822,5.3706179732844515,0.0
1366,81960.0,82020.0,149,401.7837837837838,24.213489392873196,7.212989039528186,0.6756756756756757
1367,82020.0,82080.0,151,399.52,16.026287130668504,6.6109528803779245,0.0
1368,82080.0,82140.0,149,402.8378378378378,16.278216341664756,7.4942154563451435,0.0
1369,82140.0,82200.0,151,396.1333333333333,10.083321777869763,4.552453428072066,0.0
1370,82200.0,82260.0,144,417.1748251748252,14.326826351788151,7.971781217184017,0.0
1371,82260.0,82320.0,145,413.75,8.71900103343147,8.124899138696184,0.0
1372,82320.0,82380.0,151,396.6933333333333,13.097438996895725,5.532090639680227,0.0
1373,82380.0,82440.0,157,381.4871794871795,15.747805655427834,8.153368589413747,0.0
1374,82440.0,82500.0,158,380.6624203821656,7.07247657284406,5.023023913019848,0.0
1375,82500.0,82560.0,157,382.35897435897436,15.620478171173652,8.365829114570387,0.0
1376,82560.0,82620.0,155,386.1818181818182,15.95477863771512,6.34519013966459,0.0
1377,82620.0,82680.0,150,399.89261744966444,17.335770291976644,10.134234194190634,0.0
1378,82680.0,82740.0,149,403.6756756756757,10.385898482820767,7.137140569598169,0.0
1379,82740.0,82800.0,158,379.92356687898086,28.952556550079695,38.27833289513494,1.2738853503184715
1380,82800.0,82860.0,150,399.1677852348993,14.431760528555216,8.926123216473973,0.0
1381,82860.0,82920.0,149,402.6756756756757,12.50535461705024,6.189743546389303,0.0
1382,82920.0,82980.0,134,449.3533834586466,89.07319049512392,24.26620046172216,2.2556390977443606
1383,82980.0,83040.0,153,391.07894736842104,11.839727889631707,4.330700507702792,0.0
1384,83040.0,83100.0,153,391.5263157894737,13.197906400508007,4.817187770187606,0.0
1385,83100.0,83160.0,149,404.5945945945946,12.025957095059649,5.490870592533171,0.0
1386,83160.0,83220.0,148,405.4965986394558,82.59518163577943,118.75380311141474,10.204081632653061
1387,83220.0,83280.0,169,354.7857142857143,47.76741841215819,66.96142423313098,3.571428571428571
1388,83280.0,83340.0,173,346.6279069767442,59.71375119805607,82.26387438748412,4.069767441860465
1389,83340.0,83400.0,160,375.44654088050316,86.41434244227584,100.1421774089346,6.289308176100629
1390,83400.0,83460.0,163,368.39506172839504,107.19340841563039,144.8257895430582,7.4074074074074066
1391,83460.0,83520.0,158,378.47133757961785,26.907381626979703,6.801206529463008,0.0
1392,83520.0,83580.0,148,405.98639455782313,24.3957065598762,23.84883903437799,1.3605442176870748
1393,83580.0,83640.0,150,399.86577181208054,36.21084235831762,48.20115508316529,1.342281879194631
1394,83640.0,83700.0,144,416.05594405594405,35.61606225392865,9.14977102768998,0.0
1395,83700.0,83760.0,143,419.3521126760563,31.781656956634595,9.2314602396386,0.0
1396,83760.0,83820.0,153,392.7894736842105,9.264781694870502,3.9197242773690126,0.0
1397,83820.0,83880.0,153,393.0,14.1533699448118,4.330700507702792,0.0
1398,83880.0,83940.0,149,400.4594594594595,34.57189656872891,47.10850118984621,1.3513513513513513
1399,83940.0,84000.0,151,399.06666666666666,6.25913203094172,3.918635565855362,0.0
1400,84000.0,84060.0,146,410.151724137931,9.684130083746666,5.32290647422377,0.0
1401,84060.0,84120.0,148,405.2517006802721,93.27620227834879,113.57744325542092,3.4013605442176873
1402,84120.0,84180.0,152,395.841059602649,13.12000646099017,4.877157642179168,0.0
1403,84180.0,84240.0,151,396.9066666666667,5.367496844094521,3.3738035413418,0.0
1404,84240.0,84300.0,156,384.59354838709675,8.765855226198381,2.8467342875470663,0.0
1405,84300.0,84360.0,157,382.15384615384613,10.51337326312193,4.4518933992976155,0.0
1406,84360.0,84420.0,150,399.7852348993289,6.094485498526252,4.696174406264534,0.0
1407,84420.0,84480.0,152,394.5165562913907,3.625565343751254,3.5023801430836525,0.0
1408,84480.0,84540.0,154,389.0718954248366,40.71209967809961,37.75544575568571,1.9607843137254901
1409,84540.0,84600.0,159,379.0379746835443,38.85345422772738,41.424322834453115,4.430379746835443
1410,84600.0,84660.0,154,388.57516339869284,7.08472486786808,4.1422089199896845,0.0
1411,84660.0,84720.0,151,397.84,5.173603627709056,3.8634407587853983,0.0
1412,84720.0,84780.0,152,395.8675496688742,97.89400223348305,138.36685537608588,2.6490066225165565
1413,84780.0,84840.0,149,401.4594594594595,8.718093140426294,5.132264222974278,0.0
1414,84840.0,84900.0,146,411.39310344827584,109.2197896541981,136.97039420578773,2.0689655172413794
1415,84900.0,84960.0,142,422.43971631205676,80.28345931709063,71.03801799036907,5.673758865248227
1416,84960.0,85020.0,147,409.28767123287673,11.753185278664462,6.7261712221995085,0.0
1417,85020.0,85080.0,147,406.4657534246575,8.51138335817485,4.43185957701108,0.0
1418,85080.0,85140.0,152,395.5496688741722,12.198736951953594,6.44153190889662,0.0
1419,85140.0,85200.0,146,410.4,65.57336857800327,32.7566787083184,3.4482758620689653
1420,85200.0,85260.0,151,397.84,10.275454561378444,5.570777059529475,0.0
1421,85260.0,85320.0,156,383.63870967741934,12.046384310141901,5.775002108280944,0.0
1422,85320.0,85380.0,125,482.61290322580646,95.73546799464219,48.79290898767642,14.516129032258066
1423,85380.0,85440.0,145,411.0,41.058716270947656,10.941676275611508,0.6944444444444444
1424,85440.0,85500.0,152,394.56953642384104,70.40052177209813,74.20332427414107,1.9867549668874174
1425,85500.0,85560.0,157,382.35897435897436,10.239675346383706,4.5436946739765185,0.0
1426,85560.0,85620.0,157,382.8974358974359,6.778694790325087,3.2607143488070416,0.0
1427,85620.0,85680.0,160,374.9433962264151,10.663581274967326,4.245623211696512,0.0
1428,85680.0,85740.0,156,384.2064516129032,7.679198394138518,4.288310901696656,0.0
1429,85740.0,85800.0,155,387.9220779220779,37.82441934679226,49.08043285148256,2.5974025974025974
1430,85800.0,85860.0,154,390.3267973856209,20.34758166975529,6.488856845230502,0.0
1431,85860.0,85920.0,156,382.2193548387097,4.080792779710118,3.302891295379082,0.0
1432,85920.0,85980.0,151,398.08,129.130677269503,163.30150810796442,3.3333333333333335
1433,85980.0,86040.0,154,389.98692810457516,77.63087310845037,100.00052631440444,3.2679738562091507
1434,86040.0,86100.0,152,394.4635761589404,9.18968612771012,4.182503237695499,0.0
1435,86100.0,86160.0,146,412.24827586206897,241.7791557460169,330.79819292802136,3.4482758620689653
1436,86160.0,86220.0,156,385.26451612903224,10.668607559768452,4.177863742936748,0.0
1437,86220.0,86280.0,149,401.7027027027027,7.766542108247165,5.350313106738339,0.0
1438,86280.0,86340.0,153,392.63157894736844,10.086831104406645,4.3061637634460554,0.0
1439,86340.0,86400.0,153,392.3421052631579,6.2604670108662255,3.739887025952444,0.0
1440,86400.0,86460.0,153,390.7894736842105,74.6318675235471,97.20327577397818,3.289473684210526
1441,86460.0,86520.0,152,396.0794701986755,11.74366392503234,6.44980619863884,0.0
1442,86520.0,86580.0,152,393.66887417218544,3.4053327870750723,3.946306289852998,0.0
1443,86580.0,86640.0,154,389.3856209150327,69.60235970204022,75.49695009524697,5.228758169934641
1444,86640.0,86700.0,152,396.10596026490066,15.387940004163779,5.296539750944321,0.0
1445,86700.0,86760.0,133,449.3333333333333,83.32578082824146,30.160891719459773,5.303030303030303
1446,86760.0,86820.0,151,398.24,8.96801175842945,4.8825122810389985,0.0
1447,86820.0,86880.0,145,399.72222222222223,83.03427925075,113.68364890331426,4.166666666666666
1448,86880.0,86940.0,153,393.10526315789474,66.10158326291484,75.59389582560695,7.236842105263158
1449,86940.0,87000.0,155,387.76623376623377,6.662540103048892,3.757345746510897,0.0
1450,87000.0,87060.0,155,386.05194805194805,10.570517766575719,14.125488018638714,1.948051948051948
1451,87060.0,87120.0,159,377.873417721519,16.35074714481953,5.566048124095337,0.0
1452,87120.0,87180.0,152,396.2384105960265,6.885451918619454,4.548992562461861,0.0
1453,87180.0,87240.0,149,400.81081081081084,31.97944734355705,45.148884468029586,1.3513513513513513
1454,87240.0,87300.0,151,397.8666666666667,66.91461720375995,90.77207979218421,2.0
1455,87300.0,87360.0,149,402.02702702702703,109.31026465272254,114.84956146502033,2.027027027027027
1456,87360.0,87420.0,151,396.8,5.561130685089526,3.7362724129303206,0.0
1457,87420.0,87480.0,144,416.3076923076923,56.405127972006774,53.17205662407467,2.797202797202797
1458,87480.0,87540.0,152,394.9139072847682,6.880833667854491,3.766519171153476,0.0
1459,87540.0,87600.0,150,400.53691275167785,6.891557202459306,3.8484816240708244,0.0
1460,87600.0,87660.0,150,399.81208053691273,4.772343080705375,6.770364675395103,0.6711409395973155
1461,87660.0,87720.0,148,405.2244897959184,5.39126121718114,4.3541823698128495,0.0
1462,87720.0,87780.0,152,396.02649006622516,24.359514778929828,28.558244577237822,1.9867549668874174
1463,87780.0,87840.0,149,400.7567567567568,5.387844244249657,3.215608193549359,0.0
1464,87840.0,87900.0,151,398.24,64.86409954201147,91.16221989163311,1.3333333333333335
1465,87900.0,87960.0,138,436.6715328467153,71.54524581248148,16.949752731147992,3.64963503649635
1466,87960.0,88020.0,150,397.93288590604027,3.737437389026686,3.448462250321423,0.0
1467,88020.0,88080.0,150,402.12080536912754,4.754674444872933,3.791883223199045,0.0
1468,88080.0,88140.0,150,398.81879194630875,7.1054353873819025,2.9591817714964312,0.0
1469,88140.0,88200.0,147,406.82191780821915,7.721608668831723,4.356525030896481,0.0
1470,88200.0,88260.0,151,398.4266666666667,57.21575165228948,76.83539452849183,2.0
1471,88260.0,88320.0,152,395.8675496688742,11.851680891580312,5.445487428443236,0.0
1472,88320.0,88380.0,147,408.4931506849315,7.245685113455066,4.63866806091041,0.0
1473,88380.0,88440.0,145,412.0833333333333,8.968866117885774,4.7186581001100585,0.0
1474,88440.0,88500.0,148,405.19727891156464,8.087398836599037,4.622754916032066,0.0
1475,88500.0,88560.0,147,408.8493150684931,5.814776024688192,4.08191976470842,0.0
1476,88560.0,88620.0,147,407.3150684931507,7.536351833665515,3.436116492746446,0.0
1477,88620.0,88680.0,149,404.05405405405406,27.535452418934863,32.806171644359594,2.027027027027027
1478,88680.0,88740.0,142,419.2340425531915,61.491769286381775,68.96624433114259,2.8368794326241136
1479,88740.0,88800.0,147,409.45205479452056,42.92448576869992,40.53300060359502,2.73972602739726
1480,88800.0,88860.0,147,406.4109589041096,7.405190381847245,4.343842252803545,0.0
1481,88860.0,88920.0,149,402.05405405405406,9.418308833117008,4.82623217497902,0.0
1482,88920.0,88980.0,153,393.5263157894737,47.62977356006493,46.25641176246892,1.3157894736842104
1483,88980.0,89040.0,156,383.40645161290325,33.45644518385323,43.58124224164194,1.2903225806451613
1484,89040.0,89100.0,149,404.3783783783784,26.497440617108975,24.122138193377637,1.3513513513513513
1485,89100.0,89160.0,151,395.81333333333333,8.346028808242215,7.2315490742594575,0.6666666666666667
1486,89160.0,89220.0,147,409.3150684931507,79.43262192919859,105.09818069884415,3.4246575342465753
1487,89220.0,89280.0,146,409.6,14.570899461293086,5.527707983925667,0.0
1488,89280.0,89340.0,142,425.4751773049645,49.03971882351863,35.3933004152723,4.964539007092199
1489,89340.0,89400.0,148,405.14285714285717,10.394940813710674,6.246094670282943,0.0
1490,89400.0,89460.0,143,418.6478873239437,14.744248636175739,7.033859346401841,0.0
1491,89460.0,89520.0,145,415.1111111111111,21.22115025952218,5.870395085642742,0.0
1492,89520.0,89580.0,143,417.80281690140845,16.08895459916202,5.997635467888471,0.0
1493,89580.0,89640.0,146,410.2896551724138,14.069232211430625,5.656854249492381,0.0
1494,89640.0,89700.0,150,401.69127516778525,12.391638052865753,5.281277486734805,0.0
1495,89700.0,89760.0,147,407.8082191780822,15.181347479376155,6.302708777266683,0.0
1496,89760.0,89820.0,148,404.13605442176873,44.555435603975766,46.23229020429603,2.0408163265306123
1497,89820.0,89880.0,148,406.25850340136054,23.83536236591998,8.925874348023969,0.6802721088435374
1498,89880.0,89940.0,150,399.7046979865772,10.41925410757275,4.508250694484982,0.0
1499,89940.0,90000.0,145,411.6388888888889,65.44336270267384,24.770837805661834,2.7777777777777777
1500,90000.0,90060.0,144,417.9020979020979,31.702249150519513,8.021098937740021,0.0
1501,90060.0,90120.0,147,408.8493150684931,7.504796136130203,4.75612128263908,0.0
1502,90120.0,90180.0,143,417.0422535211268,10.584930569886312,5.452567877055793,0.0
1503,90180.0,90240.0,147,409.06849315068496,11.306792303589223,4.848035506868949,0.0
1504,90240.0,90300.0,148,406.3945578231293,26.839593994624643,9.594518983281441,0.6802721088435374
1505,90300.0,90360.0,145,414.27777777777777,12.359670738391891,6.4775027563129575,0.0
1506,90360.0,90420.0,143,418.056338028169,10.975003609354856,5.494032868769586,0.0
1507,90420.0,90480.0,145,415.8888888888889,8.328156900431052,4.634923676018569,0.0
1508,90480.0,90540.0,143,418.14084507042253,6.241694111383696,4.506889918512393,0.0
1509,90540.0,90600.0,146,411.88965517241377,6.072612975687683,4.0276819911981905,0.0
1510,90600.0,90660.0,144,416.27972027972027,7.575354400119028,3.692397976505432,0.0
1511,90660.0,90720.0,146,409.848275862069,8.666931914597031,4.570436400267363,0.0
1512,90720.0,90780.0,144,418.6293706293706,10.487872487755226,5.101780964926317,0.0
1513,90780.0,90840.0,144,415.02097902097904,10.478326747584,5.1676131194307375,0.0
1514,90840.0,90900.0,157,381.4871794871795,14.398694913747894,3.5777087639996634,0.0
1515,90900.0,90960.0,145,416.1666666666667,103.94282990236454,23.359758596319477,2.083333333333333
1516,90960.0,91020.0,132,449.587786259542,95.33058837774091,46.03276425129589,4.580152671755725
1517,91020.0,91080.0,159,379.0886075949367,7.883207781597541,4.100644659587541,0.0
1518,91080.0,91140.0,153,391.07894736842104,17.319562233807225,8.163884285223336,0.0
1519,91140.0,91200.0,149,402.2432432432432,9.722420698558047,4.618802153517006,0.0
1520,91200.0,91260.0,150,400.6442953020134,21.500808855150567,10.588111640330778,0.6711409395973155
1521,91260.0,91320.0,151,396.9866666666667,57.010888712309495,41.22291667337966,1.3333333333333335
1522,91320.0,91380.0,158,379.2611464968153,30.29029346447966,28.721474142583226,0.6369426751592357
1523,91380.0,91440.0,147,409.06849315068496,44.51557767394219,59.9521648396913,2.73972602739726
1524,91440.0,91500.0,147,407.8082191780822,8.407972463366725,4.626758752271847,0.0
1525,91500.0,91560.0,156,384.3354838709677,14.833831733160693,3.091672938465768,0.0
1526,91560.0,91620.0,163,368.0,10.302264118276764,4.402145157486022,0.0
1527,91620.0,91680.0,152,395.73509933774835,17.525106556691732,8.97403662424738,0.0
1528,91680.0,91740.0,156,384.541935483871,11.082476345287752,4.46632420991266,0.0
1529,91740.0,91800.0,152,395.8675496688742,11.336475346825539,7.035149844412223,0.0
1530,91800.0,91860.0,148,405.7687074829932,5.401760275260462,4.1479488246668135,0.0
1531,91860.0,91920.0,147,406.6575342465753,74.1521677183237,79.7700142435351,2.054794520547945
1532,91920.0,91980.0,152,395.28476821192055,24.18632602207115,8.908422980528035,0.0
1533,91980.0,92040.0,148,404.13605442176873,12.058441853831011,5.705080648464091,0.0
1534,92040.0,92100.0,143,420.0281690140845,15.47725105339489,7.592456129008714,0.0
1535,92100.0,92160.0,144,416.4755244755245,9.0256537103439,5.012660028705346,0.0
1536,92160.0,92220.0,146,410.951724137931,6.815353413110275,3.8873012632302,0.0
1537,92220.0,92280.0,148,406.85714285714283,36.05171323803156,12.359899808965736,1.3605442176870748
1538,92280.0,92340.0,147,406.4109589041096,19.383487901100064,7.442654328146368,0.0
1539,92340.0,92400.0,144,418.7692307692308,42.43896898889907,28.466931643278638,3.4965034965034967
1540,92400.0,92460.0,147,406.6027397260274,7.071535415437744,3.816479692252968,0.0
1541,92460.0,92520.0,145,413.55555555555554,8.889199683766307,5.182002205050366,0.0
1542,92520.0,92580.0,150,400.8590604026846,17.488614108485443,5.040377506239528,0.0
1543,92580.0,92640.0,159,378.27848101265823,31.031086410124782,41.53488289155619,1.2658227848101267
1544,92640.0,92700.0,146,408.41379310344826,11.062691433934695,6.928203230275509,0.0
1545,92700.0,92760.0,144,416.72727272727275,10.342161635670534,5.525867467430397,0.0
1546,92760.0,92820.0,151,397.44,64.12450975779738,78.29868813561559,3.3333333333333335
1547,92820.0,92880.0,150,400.13422818791946,26.47350989046506,22.698970092126277,1.342281879194631
1548,92880.0,92940.0,153,392.05263157894734,15.037167847370378,5.722038260471931,0.0
1549,92940.0,93000.0,148,405.4965986394558,13.309474506500106,6.645628906404859,0.0
1550,93000.0,93060.0,144,417.3706293706294,18.30018791625149,7.565674895190667,0.0
1551,93060.0,93120.0,144,416.5034965034965,11.232419205562742,5.676737805524935,0.0
1552,93120.0,93180.0,142,422.6099290780142,15.602093746694653,6.718843437888484,0.0
1553,93180.0,93240.0,122,491.20661157024796,74.97843216056334,25.129000510698127,3.3057851239669422
1554,93240.0,93300.0,147,409.3150684931507,8.029045053929824,5.252257314388902,0.0
1555,93300.0,93360.0,148,406.72108843537416,12.252918194725947,5.063974290657325,0.0
1556,93360.0,93420.0,150,397.69127516778525,128.79666036299335,182.67945638134515,2.684563758389262
1557,93420.0,93480.0,151,398.50666666666666,17.156502931575634,5.979831875708962,0.0
1558,93480.0,93540.0,147,408.8767123287671,14.513675078665925,5.904994963354446,0.0
1559,93540.0,93600.0,145,412.05555555555554,15.682058599780895,5.656854249492381,0.0
1560,93600.0,93660.0,143,421.2957746478873,16.298974745807143,6.100807992063704,0.0
1561,93660.0,93720.0,144,413.2587412587413,45.452143736411365,63.12786041490223,4.195804195804196
1562,93720.0,93780.0,155,386.2857142857143,104.49540842936496,145.94295599729628,5.844155844155844
1563,93780.0,93840.0,163,368.320987654321,30.648407762840836,40.62860113040645,1.2345679012345678
1564,93840.0,93900.0,150,402.4429530201342,33.655524937048874,12.231991727499722,1.342281879194631
1565,93900.0,93960.0,145,411.3333333333333,17.528398536225584,7.305520472261327,0.0
1566,93960.0,94020.0,144,419.4125874125874,18.336190901582505,8.538232161911752,0.0
1567,94020.0,94080.0,145,412.3333333333333,16.492422502470642,5.383216601533045,0.0
1568,94080.0,94140.0,135,445.5820895522388,126.55197740483798,150.23750620493104,10.44776119402985
1569,94140.0,94200.0,143,420.22535211267603,57.902387212537256,34.90046637498544,3.5211267605633805
1570,94200.0,94260.0,149,402.97297297297297,13.081609850143575,8.91990055159474,0.6756756756756757
1571,94260.0,94320.0,149,400.1081081081081,20.865339268532257,5.993193418115151,0.0
1572,94320.0,94380.0,152,395.44370860927154,9.180149426227153,4.777726097911711,0.0
1573,94380.0,94440.0,143,419.943661971831,13.150398234612448,6.025948617237676,0.0
1574,94440.0,94500.0,149,402.72972972972974,14.6879535973817,4.199125273342591,0.0
1575,94500.0,94560.0,153,391.10526315789474,10.68957398511603,9.501481236910603,0.6578947368421052
1576,94560.0,94620.0,147,409.7260273972603,10.514043513612675,4.859402545935897,0.0
1577,94620.0,94680.0,146,410.0137931034483,4.271979450924217,3.366501646120693,0.0
1578,94680.0,94740.0,158,380.86624203821657,15.401088681715574,3.4935838626156097,0.0
1579,94740.0,94800.0,152,394.4370860927152,14.671321757742392,6.06630035524124,0.0
1580,94800.0,94860.0,151,397.5466666666667,7.737806312672764,3.8074459018221143,0.0
1581,94860.0,94920.0,150,398.30872483221475,3.055564991456462,3.4011126955112156,0.0
1582,94920.0,94980.0,150,400.0536912751678,14.828654344235076,6.080540516514381,0.0
1583,94980.0,95040.0,158,381.96178343949043,9.47458499890728,4.846357342084825,0.0
1584,95040.0,95100.0,154,388.078431372549,4.7566150776475515,2.449489742783178,0.0
1585,95100.0,95160.0,151,398.82666666666665,60.881306755885674,87.20014777402662,1.3333333333333335
1586,95160.0,95220.0,156,384.7741935483871,53.87257071234954,69.08605587875977,1.935483870967742
1587,95220.0,95280.0,150,399.6241610738255,11.364642008170778,5.392687741848315,0.0
1588,95280.0,95340.0,151,397.41333333333336,14.633870185277459,6.850268206183192,0.0
1589,95340.0,95400.0,150,397.8255033557047,14.153469416911939,7.439848879604434,0.0
1590,95400.0,95460.0,151,399.17333333333335,7.8413348633047635,4.322564488632791,0.0
1591,95460.0,95520.0,153,391.92105263157896,9.36070857947166,3.711446407680716,0.0
1592,95520.0,95580.0,156,384.30967741935484,13.77017657411404,5.765999761251577,0.0
1593,95580.0,95640.0,139,431.18840579710144,62.9200107104642,15.668090218494738,2.1739130434782608
1594,95640.0,95700.0,151,398.08,26.499466880796735,29.028104872402906,2.0
1595,95700.0,95760.0,150,400.8590604026846,6.779360703165466,3.571660224147414,0.0
1596,95760.0,95820.0,152,394.4370860927152,4.61819035112297,3.5925849560819945,0.0
1597,95820.0,95880.0,156,383.50967741935483,15.386521231569912,5.917177284228267,0.0
1598,95880.0,95940.0,153,392.39473684210526,7.128116044291459,4.427487888930078,0.0
1599,95940.0,96000.0,156,383.9483870967742,13.219325457959979,3.894718368358766,0.0
1600,96000.0,96060.0,156,384.1290322580645,9.631327184926722,4.972652484064488,0.0
1601,96060.0,96120.0,153,392.7105263157895,6.212177294719199,4.40349048787677,0.0
1602,96120.0,96180.0,154,390.2483660130719,34.42713148348178,46.38738485498197,1.3071895424836601
1603,96180.0,96240.0,156,384.2064516129032,10.25182706186608,5.076045091036304,0.0
1604,96240.0,96300.0,152,394.5960264900662,9.112027807937533,5.194869263674176,0.0
1605,96300.0,96360.0,149,403.2432432432432,10.905669512004117,6.038425708246613,0.0
1606,96360.0,96420.0,147,407.013698630137,7.597627852455785,4.721192134664061,0.0
1607,96420.0,96480.0,157,384.1025641025641,14.077747018784525,4.405275429857165,0.0
1608,96480.0,96540.0,154,389.5947712418301,53.319967365412374,15.085719981771538,3.2679738562091507
1609,96540.0,96600.0,154,388.8888888888889,9.9601545350749,5.448321808255804,0.0
1610,96600.0,96660.0,155,387.42857142857144,6.393273776386549,3.8399346399666343,0.0
1611,96660.0,96720.0,155,386.46753246753246,3.2723216981715892,3.1684721375253577,0.0
1612,96720.0,96780.0,164,366.9447852760736,11.545536005363282,3.4426518632954815,0.0
1613,96780.0,96840.0,157,380.28205128205127,11.726889350105221,6.708684790098818,0.0
1614,96840.0,96900.0,152,394.3576158940397,10.206105604562351,7.694153624668538,0.0
1615,96900.0,96960.0,156,386.83870967741933,6.413747279743117,3.960847344737195,0.0
1616,96960.0,97020.0,153,391.36842105263156,9.469144181506051,5.47601634099894,0.0
1617,97020.0,97080.0,159,378.253164556962,13.327303858558704,6.048635156888412,0.0
1618,97080.0,97140.0,162,370.0869565217391,8.84405966196225,4.183300132670378,0.0
1619,97140.0,97200.0,158,379.28662420382165,6.381112911748807,4.187894642712677,0.0
1620,97200.0,97260.0,161,372.3,10.64037640607197,5.173711974731902,0.0
1621,97260.0,97320.0,157,381.53846153846155,9.40513560148827,4.946161757265148,0.0
1622,97320.0,97380.0,148,407.23809523809524,33.59169281956505,8.919733394873214,0.0
1623,97380.0,97440.0,143,417.15492957746477,55.59239906392734,9.907372425057732,0.0
1624,97440.0,97500.0,155,387.2987012987013,12.09230829374519,5.113099925649136,0.0
1625,97500.0,97560.0,154,389.2287581699346,15.323054840074253,5.803810000880093,0.0
1626,97560.0,97620.0,160,375.52201257861634,6.800815734753343,3.2917234145618437,0.0
1627,97620.0,97680.0,156,384.0,126.39990136441985,178.66576209630804,9.032258064516128
1628,97680.0,97740.0,159,376.65822784810126,119.73291786208759,170.24792711777167,3.79746835443038
1629,97740.0,97800.0,152,394.25165562913907,50.458328489034244,13.752090750136867,1.9867549668874174
1630,97800.0,97860.0,152,395.682119205298,23.5627872886966,22.95502849776783,1.3245033112582782
1631,97860.0,97920.0,157,383.0769230769231,6.008100404575811,3.7191743794175784,0.0
1632,97920.0,97980.0,150,398.33557046979865,91.9154731215893,131.65187509570922,1.342281879194631
1633,97980.0,98040.0,158,380.0509554140127,71.83883281152582,102.04724898614869,3.821656050955414
1634,98040.0,98100.0,142,423.7163120567376,75.54245034048591,17.36663467687393,2.8368794326241136
1635,98100.0,98160.0,149,403.1621621621622,10.445878693906524,4.904530738889041,0.0
1636,98160.0,98220.0,153,391.89473684210526,8.64851393638079,3.367157309121577,0.0
1637,98220.0,98280.0,157,381.8974358974359,16.156963738708114,5.9155344971605714,0.0
1638,98280.0,98340.0,159,377.0632911392405,3.9979031833878422,2.977623555491285,0.0
1639,98340.0,98400.0,165,363.780487804878,4.797812359979093,3.02139609383282,0.0
1640,98400.0,98460.0,155,386.2597402597403,13.047327222251779,6.658818910365842,0.0
1641,98460.0,98520.0,153,394.1842105263158,5.265684301273973,3.960065555681877,0.0
1642,98520.0,98580.0,162,368.57142857142856,8.412575620547404,3.22490309931942,0.0
1643,98580.0,98640.0,153,393.10526315789474,9.691368382346337,4.568826127730236,0.0
1644,98640.0,98700.0,154,390.7450980392157,5.360097961306189,3.6992175559590694,0.0
1645,98700.0,98760.0,158,378.5987261146497,4.172344653222597,2.935197542821371,0.0
1646,98760.0,98820.0,161,372.275,10.426110184767165,4.279540326811401,0.0
1647,98820.0,98880.0,153,393.8421052631579,9.861360318262113,5.886340681825726,0.0
1648,98880.0,98940.0,151,396.50666666666666,6.18804505203344,4.505030745003059,0.0
1649,98940.0,99000.0,148,404.16326530612247,13.478567876613338,6.520778170219064,0.0
1650,99000.0,99060.0,152,395.89403973509934,12.487408227426963,5.656854249492381,0.0
1651,99060.0,99120.0,133,451.3939393939394,88.93807413976849,25.84510525513206,6.8181818181818175
1652,99120.0,99180.0,151,397.8666666666667,11.215202210678067,5.444041136198132,0.0
1653,99180.0,99240.0,151,395.28,5.365962825717288,3.7362724129303206,0.0
1654,99240.0,99300.0,154,391.2156862745098,11.10769125217119,3.3086807674740446,0.0
1655,99300.0,99360.0,162,371.00621118012424,19.08942668547498,8.432081593533118,0.0
1656,99360.0,99420.0,160,373.0817610062893,12.056286008645753,4.589476129063153,0.0
1657,99420.0,99480.0,162,372.4472049689441,180.64107716066124,242.5188652455722,4.3478260869565215
1658,99480.0,99540.0,161,371.25,18.611891782494073,6.840500919537156,0.0
1659,99540.0,99600.0,156,384.51612903225805,7.7050791468074635,4.770036347162017,0.0
1660,99600.0,99660.0,152,394.5165562913907,14.059802893182518,5.731782736054581,0.0
1661,99660.0,99720.0,151,397.36,60.5617195858459,54.20715918937784,2.666666666666667
1662,99720.0,99780.0,166,363.0060606060606,9.841733543570763,4.705989955728192,0.0
1663,99780.0,99840.0,156,383.1483870967742,92.33478003723465,129.17560784582227,2.5806451612903225
1664,99840.0,99900.0,153,394.2105263157895,16.856476963327683,6.874465662558463,0.0
1665,99900.0,99960.0,154,388.73202614379085,17.286672131087958,6.649099662043687,0.0
1666,99960.0,100020.0,150,399.2751677852349,14.445077278194438,7.725003279978312,0.6711409395973155
1667,100020.0,100080.0,147,408.13698630136986,127.92361029479657,182.08296706872866,1.36986301369863
1668,100080.0,100140.0,158,380.5859872611465,17.280878934343196,13.992672074870896,1.910828025477707
1669,100140.0,100200.0,155,387.5584415584416,17.69789582152732,7.556324451456956,0.6493506493506493
1670,100200.0,100260.0,150,398.5234899328859,10.26512324843892,6.0716443295753795,0.0
1671,100260.0,100320.0,148,406.80272108843536,24.703901154898404,23.613323381004427,1.3605442176870748
1672,100320.0,100380.0,155,387.76623376623377,18.639964167190517,5.936482971032552,0.0
1673,100380.0,100440.0,148,403.265306122449,38.25515034366753,44.593752249906345,3.4013605442176873
1674,100440.0,100500.0,148,406.5578231292517,14.406585847338073,10.224868957863443,0.6802721088435374
1675,100500.0,100560.0,150,400.2684563758389,47.90229792948819,46.198163061644244,1.342281879194631
1676,100560.0,100620.0,154,388.3921568627451,16.819566962836394,6.206957047497081,0.0
1677,100620.0,100680.0,151,397.81333333333333,16.661407671407638,6.683647278215489,0.0
1678,100680.0,100740.0,147,407.972602739726,11.607337278474693,5.705411828950741,0.0
1679,100740.0,100800.0,147,407.56164383561645,70.32240753427814,93.55920124675625,2.054794520547945
1680,100800.0,100860.0,153,393.2894736842105,19.620786240650236,8.279872667543172,0.0
1681,100860.0,100920.0,150,400.3758389261745,33.20482635671034,45.64374383583528,1.342281879194631
1682,100920.0,100980.0,156,382.7096774193548,31.804387458078445,42.356557013972726,1.2903225806451613
1683,100980.0,101040.0,146,412.88275862068963,18.150414537765254,7.944250191875324,0.0
1684,101040.0,101100.0,145,413.3333333333333,11.013024711073399,5.149512842734011,0.0
1685,101100.0,101160.0,154,390.11764705882354,21.861086906717013,9.963089776506926,0.6535947712418301
1686,101160.0,101220.0,144,415.3286713286713,15.071555254839003,9.895225765880559,0.6993006993006993
1687,101220.0,101280.0,146,410.4,9.561496860963885,6.385748020222672,0.0
1688,101280.0,101340.0,147,409.1506849315069,14.23320181864896,4.75612128263908,0.0
1689,101340.0,101400.0,157,382.84615384615387,22.881505095474886,7.119260563270735,0.0
1690,101400.0,101460.0,145,414.5,35.030855529958714,50.60639280769766,3.4722222222222223
1691,101460.0,101520.0,143,418.6478873239437,28.698035908551145,25.894494061383696,2.112676056338028
1692,101520.0,101580.0,147,408.52054794520546,10.746110236496124,6.107090282952917,0.0
1693,101580.0,101640.0,142,421.3333333333333,15.592427954741673,5.776800894217194,0.0
1694,101640.0,101700.0,143,419.15492957746477,10.07017629956027,5.052911526399114,0.0
1695,101700.0,101760.0,145,414.22222222222223,13.107647073766207,6.103993877678881,0.0
1696,101760.0,101820.0,142,424.59574468085106,15.834401393080942,6.333583954940972,0.0
1697,101820.0,101880.0,146,408.71724137931034,7.7698700906806435,4.096068575814836,0.0
1698,101880.0,101940.0,144,416.05594405594405,10.081202856757805,5.068544253044499,0.0
1699,101940.0,102000.0,160,377.1823899371069,16.703238276920867,4.149119168379925,0.0
1700,102000.0,102060.0,159,376.1518987341772,22.935572242236557,9.947633588584717,0.6329113924050633
1701,102060.0,102120.0,154,389.62091503267976,73.9607832193546,105.64090116995405,5.88235294117647
1702,102120.0,102180.0,161,373.025,45.48825959526578,54.97992772667302,5.625
1703,102180.0,102240.0,145,414.6111111111111,19.46023778633896,10.200781541428286,0.0
1704,102240.0,102300.0,163,368.04938271604937,14.44621744175124,3.975077638993337,0.0
1705,102300.0,102360.0,156,382.9935483870968,52.63467534824833,43.12711504318428,3.225806451612903
1706,102360.0,102420.0,147,408.0821917808219,12.661920565393931,7.163123957295881,0.0
1707,102420.0,102480.0,147,408.82191780821915,15.27977474626659,7.368151408081528,0.0
1708,102480.0,102540.0,151,398.4266666666667,23.643421170660645,10.893012352917138,0.6666666666666667
1709,102540.0,102600.0,132,454.9312977099237,53.724824635815686,20.202056254824086,2.2900763358778624
1710,102600.0,102660.0,146,411.1448275862069,5.16798277638495,4.189935029992179,0.0
1711,102660.0,102720.0,153,390.8157894736842,11.1232832904985,4.3793615912618895,0.0
1712,102720.0,102780.0,152,395.3377483443709,26.243700810472223,10.15611474268909,0.6622516556291391
1713,102780.0,102840.0,148,405.74149659863946,14.573896929697769,5.875418959121594,0.0
1714,102840.0,102900.0,149,401.86486486486484,9.417488904189154,6.127888739864919,0.0
1715,102900.0,102960.0,149,401.7837837837838,7.51283757595813,3.903600291794133,0.0
1716,102960.0,103020.0,153,393.5263157894737,23.72439640986045,5.446914188068821,0.0
1717,103020.0,103080.0,158,378.7261146496815,14.966891437251208,5.193684527804801,0.0
1718,103080.0,103140.0,151,397.6,7.628980422171708,5.424280486105628,0.0
1719,103140.0,103200.0,161,373.525,11.731776983687022,5.374058349576611,0.0
1720,103200.0,103260.0,143,419.0422535211268,68.25389327107044,15.652249288885557,2.112676056338028
1721,103260.0,103320.0,95,628.9787234042553,79.99932509438489,58.650046521629015,11.702127659574469
1722,103320.0,103380.0,142,423.82978723404256,47.83273795914983,18.214593834928863,2.8368794326241136
1723,103380.0,103440.0,150,400.0268456375839,8.542379493747655,4.324662148966403,0.0
1724,103440.0,103500.0,150,399.67785234899327,6.018292449281517,3.8344103461552863,0.0
1725,103500.0,103560.0,160,374.9182389937107,10.229622259046208,3.8053925760987983,0.0
1726,103560.0,103620.0,149,403.1621621621622,5.221689530387252,4.0135823820391385,0.0
1727,103620.0,103680.0,146,408.6620689655172,160.79249138985415,223.09141125955026,4.827586206896552
1728,103680.0,103740.0,154,389.83006535947715,32.78313728317165,43.96290302181219,1.3071895424836601
1729,103740.0,103800.0,154,389.7516339869281,16.888676152408827,5.251566182427967,0.0
1730,103800.0,103860.0,150,400.99328859060404,6.590837871001563,3.8484816240708244,0.0
1731,103860.0,103920.0,146,409.90344827586205,8.882976961215569,4.784233364802441,0.0
1732,103920.0,103980.0,144,416.72727272727275,9.873981900223491,6.6204974069546285,0.0
1733,103980.0,104040.0,150,400.9127516778523,29.176520754247832,23.78280096249434,1.342281879194631
1734,104040.0,104100.0,162,370.6335403726708,86.05359445143722,113.3362254532945,7.453416149068323
1735,104100.0,104160.0,168,356.3353293413174,13.852323878999949,5.101381811386222,0.0
1736,104160.0,104220.0,162,371.27950310559004,71.45612387858407,80.29570349651344,6.211180124223603
1737,104220.0,104280.0,151,398.24,58.16796784503887,33.30558128852344,4.0
1738,104280.0,104340.0,138,432.75912408759126,60.079423602458164,21.257524619324247,5.109489051094891
1739,104340.0,104400.0,146,410.62068965517244,16.927159703629666,8.286535263104035,0.0
1740,104400.0,104460.0,145,413.1388888888889,13.402124406859484,8.632350926455812,0.6944444444444444
1741,104460.0,104520.0,145,413.75,15.708667599839197,7.729699331038158,0.0
1742,104520.0,104580.0,146,412.88275862068963,9.791935066020645,5.507570547286102,0.0
1743,104580.0,104640.0,147,407.1232876712329,12.433486714324957,5.876898079300233,0.0
1744,104640.0,104700.0,145,414.19444444444446,8.860439126103259,5.64695598425487,0.0
1745,104700.0,104760.0,146,410.9793103448276,13.455930624283006,5.228129047119374,0.0
1746,104760.0,104820.0,149,403.3243243243243,67.0487908666757,93.67014058970574,1.3513513513513513
1747,104820.0,104880.0,158,379.61783439490443,18.474006351214314,3.343574012862162,0.0
1748,104880.0,104940.0,152,393.43046357615896,27.2483662956821,9.021455906153212,0.0
1749,104940.0,105000.0,162,371.77639751552795,16.578591298448544,3.794733192202055,0.0
1750,105000.0,105060.0,154,388.83660130718954,20.197204573490346,9.673621212783818,0.6535947712418301
1751,105060.0,105120.0,153,392.13157894736844,10.48157273632343,5.338849244760349,0.0
1752,105120.0,105180.0,147,409.17808219178085,25.031479472306632,18.744010537621953,0.684931506849315
1753,105180.0,105240.0,147,407.7260273972603,9.850272566118687,6.424092583177906,0.0
1754,105240.0,105300.0,136,441.837037037037,70.21801948084303,20.793225073451783,3.7037037037037033
1755,105300.0,105360.0,145,412.1388888888889,14.514333938072724,6.895828271676112,0.0
1756,105360.0,105420.0,148,406.5578231292517,13.356610005731797,6.0500198120359405,0.0
1757,105420.0,105480.0,148,404.6258503401361,12.75007971200102,5.656854249492381,0.0
1758,105480.0,105540.0,154,390.4575163398693,24.636832430568308,5.730803195291031,0.0
1759,105540.0,105600.0,146,410.92413793103447,38.43104986686848,40.61745656460751,3.4482758620689653
1760,105600.0,105660.0,149,402.56756756756755,33.16915257401667,8.372289895556538,0.0
1761,105660.0,105720.0,153,390.2631578947368,9.49781211620717,5.358659514102335,0.0
1762,105720.0,105780.0,155,388.3376623376623,19.397197014413134,5.9100003870696485,0.0
1763,105780.0,105840.0,145,414.27777777777777,27.908553077637954,9.11158487975495,0.0
1764,105840.0,105900.0,151,397.17333333333335,15.099111786253546,3.7362724129303206,0.0
1765,105900.0,105960.0,150,398.1476510067114,11.17452208236543,6.384101875499541,0.0
1766,105960.0,106020.0,156,384.9548387096774,10.583828595246466,4.025890237921572,0.0
1767,106020.0,106080.0,159,378.0253164556962,6.6772256406314305,3.870515691706368,0.0
1768,106080.0,106140.0,154,389.7516339869281,11.067544446519264,4.679181214924815,0.0
1769,106140.0,106200.0,153,392.86842105263156,32.83002264535296,44.95649110768357,1.3157894736842104
1770,106200.0,106260.0,154,389.69934640522877,10.903334211993345,4.4603516500501685,0.0
1771,106260.0,106320.0,152,392.7417218543046,6.8102506817874096,3.9327683210007,0.0
1772,106320.0,106380.0,150,400.80536912751677,9.495146592629675,5.342334746207929,0.0
1773,106380.0,106440.0,153,392.3421052631579,5.730255779640606,3.3355401083736855,0.0
1774,106440.0,106500.0,149,402.2972972972973,10.370982188648844,5.003400204405218,0.0
1775,106500.0,106560.0,149,403.05405405405406,8.389971162399894,4.054056505484335,0.0
1776,106560.0,106620.0,147,407.041095890411,9.137174325403373,4.602847694259688,0.0
1777,106620.0,106680.0,147,409.28767123287673,9.626800882385476,5.508613944197478,0.0
1778,106680.0,106740.0,151,398.24,33.73956313892297,43.459770798433226,1.3333333333333335
1779,106740.0,106800.0,163,367.95061728395063,18.0268269614989,5.752666138571171,0.0
1780,106800.0,106860.0,155,385.4805194805195,9.460769206398716,6.237143639865425,0.0
1781,106860.0,106920.0,157,383.38461538461536,6.2325488375468785,4.883150754412829,0.0
1782,106920.0,106980.0,154,389.3071895424837,8.49557241167393,5.32125826038205,0.0
1783,106980.0,107040.0,152,394.72847682119203,9.05533638236551,5.6,0.0
1784,107040.0,107100.0,152,395.7615894039735,8.581925665235064,5.2051256789181695,0.0
1785,107100.0,107160.0,153,390.5,5.783053571364485,4.717166059101489,0.0
1786,107160.0,107220.0,152,395.52317880794703,6.314886578116921,3.4871191548325386,0.0
1787,107220.0,107280.0,159,377.3164556962025,18.128728865748794,4.088199578809521,0.0
1788,107280.0,107340.0,169,355.73809523809524,15.22141498660582,5.038771830206864,0.0
1789,107340.0,107400.0,157,381.7692307692308,8.430242145411539,5.337632675694831,0.0
1790,107400.0,107460.0,153,392.13157894736844,9.257668530979473,5.5528764695509585,0.0
1791,107460.0,107520.0,165,363.8048780487805,28.116514381527303,39.640098679403955,1.2195121951219512
1792,107520.0,107580.0,157,381.8205128205128,13.350600894770523,6.545128698308335,0.0
1793,107580.0,107640.0,151,395.7866666666667,6.615607604906968,5.283887119086509,0.0
1794,107640.0,107700.0,158,380.9171974522293,17.227721318821242,4.629891730472478,0.0
1795,107700.0,107760.0,158,380.12738853503186,25.243106729705513,7.182600057760671,0.0
1796,107760.0,107820.0,157,382.61538461538464,5.213458437867773,4.588906679823532,0.0
1797,107820.0,107880.0,166,359.7090909090909,29.409020140629114,40.814870556410995,1.2121212121212122
1798,107880.0,107940.0,163,368.0987654320988,7.229348292013938,3.7166738619729998,0.0
1799,107940.0,108000.0,158,379.69426751592357,2.8837796165266214,3.73479824739141,0.0
1800,108000.0,108060.0,162,372.3975155279503,8.357092424331555,3.9370039370059056,0.0
1801,108060.0,108120.0,158,379.515923566879,4.779235395801248,4.332347027793453,0.0
1802,108120.0,108180.0,163,366.9382716049383,12.109588294864288,3.580485410722618,0.0
1803,108180.0,108240.0,148,405.14285714285717,66.78692350067439,16.03421000270855,2.7210884353741496
1804,108240.0,108300.0,157,383.7435897435897,13.928328892594447,6.019323721525212,0.0
1805,108300.0,108360.0,158,379.38853503184714,10.249859086916732,4.391133257150286,0.0
1806,108360.0,108420.0,168,357.05389221556885,6.861150879109342,3.1508270094331574,0.0
1807,108420.0,108480.0,161,372.525,6.377979017855206,4.975411237388531,0.0
1808,108480.0,108540.0,162,369.39130434782606,10.062413920776837,3.492849839314596,0.0
1809,108540.0,108600.0,168,357.94011976047904,8.443790474421572,3.5938367590365607,0.0
1810,108600.0,108660.0,160,375.6477987421384,6.480875824524784,3.5578403348241,0.0
1811,108660.0,108720.0,154,387.66013071895424,5.839028621779314,4.599771161355976,0.0
1812,108720.0,108780.0,169,355.07142857142856,13.555638917069059,3.362348765603724,0.0
1813,108780.0,108840.0,167,360.33734939759034,8.278891901308114,3.8391918341486844,0.0
1814,108840.0,108900.0,161,372.825,4.210723058958554,3.819842270114495,0.0
1815,108900.0,108960.0,167,359.27710843373495,12.720123167892389,3.926599268856171,0.0
1816,108960.0,109020.0,161,372.45,14.228945606817149,6.134755099087996,0.625
1817,109020.0,109080.0,165,364.0731707317073,12.629482002507206,3.824364897753043,0.0
1818,109080.0,109140.0,162,369.7639751552795,15.967746995095423,6.2289646009589745,0.0
1819,109140.0,109200.0,156,383.48387096774195,8.548832105782225,5.52679423766206,0.0
1820,109200.0,109260.0,160,376.9559748427673,6.403466142041706,4.466471436000413,0.0
1821,109260.0,109320.0,162,369.44099378881987,3.2419992298288998,3.0,0.0
1822,109320.0,109380.0,160,374.2138364779874,4.447107977719495,3.117935051815828,0.0
1823,109380.0,109440.0,159,378.40506329113924,4.281552749297069,3.224112972369102,0.0
1824,109440.0,109500.0,164,366.47852760736197,12.767308475944025,3.456966485800899,0.0
1825,109500.0,109560.0,168,356.6706586826347,14.439922534990815,4.947921554637197,0.0
1826,109560.0,109620.0,157,382.61538461538464,9.060699637204223,4.987726872518052,0.0
1827,109620.0,109680.0,157,381.9230769230769,7.133327922201358,5.059644256269407,0.0
1828,109680.0,109740.0,159,377.82278481012656,5.139479994690003,3.317584878605458,0.0
1829,109740.0,109800.0,165,363.6341463414634,9.776034544437515,3.558451445097511,0.0
1830,109800.0,109860.0,176,339.68,5.0821300629766935,3.4441354452920754,0.0
1831,109860.0,109920.0,168,357.38922155688624,15.094421813117044,5.091926044570315,0.0
1832,109920.0,109980.0,159,377.9493670886076,10.062098569500769,5.1869507997209805,0.0
1833,109980.0,110040.0,159,377.62025316455697,5.921576217836965,3.935790372958475,0.0
1834,110040.0,110100.0,151,397.7866666666667,37.99409821118843,31.48750684395832,2.666666666666667
1835,110100.0,110160.0,151,396.88,13.057395240621258,5.02343501290293,0.0
1836,110160.0,110220.0,153,392.0263157894737,3.973333910356988,3.72569385510763,0.0
1837,110220.0,110280.0,157,380.9230769230769,12.954281126474061,3.592106040535498,0.0
1838,110280.0,110340.0,164,366.42944785276075,9.231567771533287,4.343293396820458,0.0
1839,110340.0,110400.0,161,371.925,8.95519946647068,4.629682739038491,0.0
1840,110400.0,110460.0,167,359.73493975903614,12.968104777163875,5.001817851359825,0.0
1841,110460.0,110520.0,159,377.59493670886076,10.124724089774391,5.464418780754726,0.0
1842,110520.0,110580.0,173,346.30232558139534,8.960040945293168,3.7712361663282534,0.0
1843,110580.0,110640.0,173,348.5581395348837,27.642921389592242,35.762700684287225,1.1627906976744187
1844,110640.0,110700.0,158,378.4458598726115,10.666503346781695,6.793662204867575,0.0
1845,110700.0,110760.0,156,383.7935483870968,7.445644394145616,4.748205402618399,0.0
1846,110760.0,110820.0,167,360.72289156626505,7.782362736983483,3.439520755905251,0.0
1847,110820.0,110880.0,158,380.1783439490446,11.004371616580954,4.695879262851852,0.0
1848,110880.0,110940.0,154,388.3137254901961,7.026707123759747,4.4956118955921305,0.0
1849,110940.0,111000.0,159,377.82278481012656,22.280641675439288,4.7778682984890875,0.0
1850,111000.0,111060.0,165,362.7073170731707,13.284510843104671,4.8435650815681734,0.0
1851,111060.0,111120.0,157,384.0769230769231,9.239144256937236,4.79784898039837,0.0
1852,111120.0,111180.0,167,357.51807228915663,22.923515223473107,3.536819320956459,0.0
1853,111180.0,111240.0,155,387.68831168831167,68.94845280016226,31.978751115010994,4.545454545454546
1854,111240.0,111300.0,154,389.77777777777777,11.19105741571686,6.374290466190603,0.0
1855,111300.0,111360.0,152,394.25165562913907,11.951690838843046,6.083858424826579,0.0
1856,111360.0,111420.0,156,384.30967741935484,17.331214892082023,6.004327443764876,0.0
1857,111420.0,111480.0,152,396.0,10.213716267842964,5.950910294512373,0.0
1858,111480.0,111540.0,159,377.1645569620253,20.20684778913247,7.145440842996626,0.0
1859,111540.0,111600.0,169,355.0,12.790340666739782,4.0829717954738225,0.0
1860,111600.0,111660.0,171,350.18823529411765,12.753924206541397,4.3076923076923075,0.0
1861,111660.0,111720.0,156,385.10967741935485,15.82065382838534,7.039775675292613,0.0
1862,111720.0,111780.0,154,389.72549019607845,9.709081000278506,5.005260390723681,0.0
1863,111780.0,111840.0,151,398.08,15.30518182198522,5.637839559559039,0.0
1864,111840.0,111900.0,149,402.6756756756757,6.471513944791867,4.487321519767523,0.0
1865,111900.0,111960.0,150,399.0872483221477,11.672289248302047,4.236265566031708,0.0
1866,111960.0,112020.0,149,403.2162162162162,8.872904976863142,4.438544837230874,0.0
1867,112020.0,112080.0,146,409.8758620689655,9.79858461903547,6.306962642808167,0.0
1868,112080.0,112140.0,149,402.13513513513516,9.052115661037368,5.1110125199995196,0.0
1869,112140.0,112200.0,151,397.97333333333336,6.679575868328814,4.2347238287803695,0.0
1870,112200.0,112260.0,150,400.9127516778523,11.892498706546776,4.798648458371068,0.0
1871,112260.0,112320.0,164,365.4723926380368,36.06566591399905,40.6198880924354,1.2269938650306749
1872,112320.0,112380.0,162,370.3354037267081,28.939796150668304,7.874007874011811,0.0
1873,112380.0,112440.0,153,391.0,10.896259762927462,6.328742381583432,0.0
1874,112440.0,112500.0,152,395.07284768211923,14.543314311737126,11.398245479020005,0.6622516556291391
1875,112500.0,112560.0,139,432.95652173913044,41.22660709225221,13.049037215931822,0.7246376811594203
1876,112560.0,112620.0,148,406.0408163265306,7.81101921946521,5.743370210065081,0.0
1877,112620.0,112680.0,148,405.08843537414964,6.64658236420941,4.027304071235717,0.0
1878,112680.0,112740.0,147,407.64383561643837,11.515949794495608,5.1782036560421485,0.0
1879,112740.0,112800.0,145,413.72222222222223,9.008499828110624,4.62283780492344,0.0
1880,112800.0,112860.0,148,404.1904761904762,10.49287647030139,4.0,0.0
1881,112860.0,112920.0,160,376.8301886792453,20.799588465734644,6.292450771270345,0.0
1882,112920.0,112980.0,150,397.8523489932886,7.447451803393375,5.5018424432430155,0.0
1883,112980.0,113040.0,154,391.1372549019608,33.62937680838174,36.002923857872844,1.9607843137254901
1884,113040.0,113100.0,148,405.4965986394558,14.108859622887824,6.571003134360904,0.0
1885,113100.0,113160.0,148,406.1224489795918,9.73406527809078,5.695468037341932,0.0
1886,113160.0,113220.0,147,406.16438356164383,6.777271750195928,5.356272507295889,0.0
1887,113220.0,113280.0,148,406.53061224489795,6.159196401115998,3.6714373281855868,0.0
1888,113280.0,113340.0,145,414.19444444444446,9.715734320960685,5.455477775799088,0.0
1889,113340.0,113400.0,142,420.87943262411346,15.55886296676728,6.08511063404532,0.0
1890,113400.0,113460.0,146,411.86206896551727,5.895644213286209,4.307615994440028,0.0
1891,113460.0,113520.0,146,410.31724137931036,4.981498335892333,3.2998316455372216,0.0
1892,113520.0,113580.0,161,374.175,5.932057667968225,3.5607927885540978,0.0
1893,113580.0,113640.0,157,380.6666666666667,13.057358984722521,3.705270875127015,0.0
1894,113640.0,113700.0,163,368.962962962963,15.28726538959102,3.5943364698348836,0.0
1895,113700.0,113760.0,147,408.24657534246575,14.435378782859464,7.531085006777599,0.0
1896,113760.0,113820.0,143,418.11267605633805,12.682203195593274,6.488396626296965,0.0
1897,113820.0,113880.0,147,410.13698630136986,6.5459965517087975,4.305569768855541,0.0
1898,113880.0,113940.0,149,401.94594594594594,12.790187450442875,4.199125273342591,0.0
1899,113940.0,114000.0,154,389.62091503267976,22.484792093168135,5.22141340009933,0.0
1900,114000.0,114060.0,146,411.11724137931037,7.37064697171213,4.43471156521669,0.0
1901,114060.0,114120.0,151,397.97333333333336,16.231524000063988,4.611045973143507,0.0
1902,114120.0,114180.0,150,398.5771812080537,13.88815420190389,4.496244679309192,0.0
1903,114180.0,114240.0,140,430.24460431654677,32.364285586819285,10.467340511863762,0.7194244604316548
1904,114240.0,114300.0,143,419.80281690140845,8.018807180905089,4.893185303189275,0.0
1905,114300.0,114360.0,149,400.72972972972974,10.275520474160539,5.299210568854688,0.0
1906,114360.0,114420.0,147,409.75342465753425,8.257545468016106,4.5059347838003685,0.0
1907,114420.0,114480.0,144,416.0,20.47327354326769,5.706433236417486,0.0
1908,114480.0,114540.0,146,410.4551724137931,8.630517003910558,4.58257569495584,0.0
1909,114540.0,114600.0,143,419.83098591549293,9.550145244884067,5.075319226238578,0.0
1910,114600.0,114660.0,140,428.2014388489209,6.933618851543531,4.875255474539666,0.0
1911,114660.0,114720.0,137,438.79411764705884,39.775130448292046,10.722078294946506,0.0
1912,114720.0,114780.0,146,411.6137931034483,7.7074875273771495,4.136557881996952,0.0
1913,114780.0,114840.0,145,413.1388888888889,6.816897055852133,4.598570772191415,0.0
1914,114840.0,114900.0,143,419.6901408450704,4.595994399368767,3.8702355747751738,0.0
1915,114900.0,114960.0,155,387.7402597402597,20.363624237570207,3.960590171906697,0.0
1916,114960.0,115020.0,148,403.83673469387753,7.385695927483079,3.9862778326283417,0.0
1917,115020.0,115080.0,153,392.1578947368421,18.556555851637423,4.143134431068739,0.0
1918,115080.0,115140.0,154,389.0980392156863,15.253888505921482,4.542199791661351,0.0
1919,115140.0,115200.0,154,391.34640522875816,10.243945748226318,4.052289801035823,0.0
1920,115200.0,115260.0,148,404.5442176870748,22.59659063037323,6.579336686389952,0.0
1921,115260.0,115320.0,150,400.8859060402685,21.2518775645386,4.809899701151276,0.0
1922,115320.0,115380.0,153,392.7105263157895,16.425481568412835,4.672024675612964,0.0
1923,115380.0,115440.0,142,420.87943262411346,16.409698864349778,8.049844718999243,0.0
1924,115440.0,115500.0,143,419.5492957746479,33.132781963416555,9.587225543243534,0.0
1925,115500.0,115560.0,136,442.63703703703703,81.99477662717553,22.603658401558107,3.7037037037037033
1926,115560.0,115620.0,151,397.04,7.965428657095309,4.170848013817144,0.0
1927,115620.0,115680.0,148,403.6734693877551,6.546109652269501,4.239410659481578,0.0
1928,115680.0,115740.0,146,412.41379310344826,15.119701187016704,5.3644923131436935,0.0
1929,115740.0,115800.0,156,385.52258064516127,12.267757065857463,4.682101870108971,0.0
1930,115800.0,115860.0,145,412.8333333333333,37.31064078897489,49.6567237118017,1.3888888888888888
1931,115860.0,115920.0,160,374.4654088050315,9.512669682256366,4.500351603704096,0.0
1932,115920.0,115980.0,150,401.4765100671141,11.036538757149982,6.026966428007072,0.0
1933,115980.0,116040.0,146,410.92413793103447,26.353389714139002,25.84784538624276,2.0689655172413794
1934,116040.0,116100.0,144,416.8951048951049,68.64059420672507,96.53489480748895,1.3986013986013985
1935,116100.0,116160.0,144,415.83216783216784,7.856087631451323,5.391699410687809,0.0
1936,116160.0,116220.0,146,411.11724137931037,8.21203676883636,3.972125095937662,0.0
1937,116220.0,116280.0,142,420.5673758865248,14.171049444221032,5.534308577281486,0.0
1938,116280.0,116340.0,152,394.8344370860927,22.766475488775498,3.794733192202055,0.0
1939,116340.0,116400.0,161,374.45,23.576931482133283,6.847852346612497,0.0
1940,116400.0,116460.0,148,404.2721088435374,14.205226620175326,6.571003134360904,0.0
1941,116460.0,116520.0,145,413.19444444444446,9.660877617098578,6.451540716943327,0.0
1942,116520.0,116580.0,146,412.1655172413793,6.942235664058493,4.988876515698588,0.0
1943,116580.0,116640.0,143,420.22535211267603,36.597948701613284,49.535716751073195,1.4084507042253522
1944,116640.0,116700.0,144,415.8881118881119,7.008149074626026,4.67537751733242,0.0
1945,116700.0,116760.0,145,413.44444444444446,6.8651117346886,4.75409282633381,0.0
1946,116760.0,116820.0,143,420.19718309859155,10.516612617423947,6.091500880630602,0.0
1947,116820.0,116880.0,161,371.45,33.93367559847653,40.10552119333047,1.25
1948,116880.0,116940.0,174,346.65895953757223,9.040245485938293,4.783693231200404,0.0
1949,116940.0,117000.0,162,370.2111801242236,18.280594197771652,6.23698645180507,0.0
1950,117000.0,117060.0,163,366.0740740740741,20.142213499645127,8.540731782399092,0.6172839506172839
1951,117060.0,117120.0,150,397.90604026845637,88.82851245760452,111.39459931593073,6.7114093959731544
1952,117120.0,117180.0,54,1007.2452830188679,4421.261292826797,4404.769058820049,11.320754716981133
1959,117540.0,117600.0,30,595.448275862069,428.1411304537406,534.5631059900359,51.724137931034484
1960,117600.0,117660.0,132,457.0381679389313,214.83823626806188,265.5669117480275,33.587786259541986
1961,117660.0,117720.0,116,517.3565217391305,351.99676511931494,395.4523947218275,22.608695652173914
1962,117720.0,117780.0,131,455.96923076923076,171.3497686953847,221.61968960745665,24.615384615384617
1963,117780.0,117840.0,143,421.5211267605634,100.10687326710965,98.43369082464449,14.084507042253522
1964,117840.0,117900.0,145,414.94444444444446,59.77484301135267,55.14938390820468,6.944444444444445
1965,117900.0,117960.0,144,414.57342657342656,105.18973397604235,111.56656574238224,13.986013986013987
1966,117960.0,118020.0,144,419.27272727272725,112.33414577633256,120.18717796203916,12.587412587412588
1967,118020.0,118080.0,147,406.35616438356163,69.97563514154372,64.07237287253565,6.164383561643835
1968,118080.0,118140.0,153,392.0,11.871274249964946,5.084712837099219,0.0
1969,118140.0,118200.0,154,391.26797385620915,22.258944546296476,22.372445458408738,1.3071895424836601
1970,118200.0,118260.0,150,397.9865771812081,25.40748628162765,29.74304370182461,2.013422818791946
1971,118260.0,118320.0,155,389.1168831168831,11.056567593677945,4.445751441809691,0.0
1972,118320.0,118380.0,152,393.5629139072848,60.71217079070065,66.08761860843023,7.9470198675496695
1973,118380.0,118440.0,154,391.29411764705884,62.675635570113265,63.55436959593606,5.88235294117647
1974,118440.0,118500.0,156,384.56774193548387,15.688120807745738,4.5698049064612025,0.0
1975,118500.0,118560.0,155,385.68831168831167,32.43425113678711,44.516281812447325,1.2987012987012987
1976,118560.0,118620.0,161,373.275,8.22784809514186,3.4312657876737522,0.0
1977,118620.0,118680.0,156,384.9290322580645,13.764772313758119,4.7152694762618,0.0
1978,118680.0,118740.0,152,394.64900662251654,45.2828442386292,43.446211956088106,1.3245033112582782
1979,118740.0,118800.0,159,377.1392405063291,8.801757463787695,4.4003474095622,0.0
1980,118800.0,118860.0,156,383.6645161290323,10.911257988917326,4.324499820938683,0.0
1981,118860.0,118920.0,156,385.6258064516129,13.861629927537745,4.177863742936748,0.0
1982,118920.0,118980.0,163,367.58024691358025,34.52062636539424,41.91087852969005,3.0864197530864197
1983,118980.0,119040.0,154,390.3529411764706,11.756560647836334,6.18146635643918,0.0
1984,119040.0,119100.0,150,400.13422818791946,8.704346318907028,5.135988549284196,0.0
1985,119100.0,119160.0,149,403.1081081081081,18.76642505437747,5.350313106738339,0.0
1986,119160.0,119220.0,163,366.0246913580247,8.601567542597264,3.621879680823239,0.0
1987,119220.0,119280.0,155,388.05194805194805,9.157869010186884,5.5448262406693765,0.0
1988,119280.0,119340.0,151,398.74666666666667,7.839143449533972,5.483348802872176,0.0
1989,119340.0,119400.0,147,406.4657534246575,10.089369197712353,4.721192134664061,0.0
1990,119400.0,119460.0,141,425.7142857142857,51.1871001221068,18.418008078582595,2.857142857142857
1991,119460.0,119520.0,145,412.9166666666667,25.02124971025502,10.018165319240662,0.6944444444444444
1992,119520.0,119580.0,162,369.83850931677017,12.42572966726603,3.22490309931942,0.0
1993,119580.0,119640.0,165,363.8536585365854,17.154027555638937,6.328434226141663,0.0
1994,119640.0,119700.0,152,394.72847682119203,14.912157802649684,7.433258594542055,0.0
1995,119700.0,119760.0,140,428.37410071942446,82.16334679314525,51.17064375800538,3.597122302158273
1996,119760.0,119820.0,130,462.6356589147287,89.23773882729074,62.13795136629466,13.178294573643413
1997,119820.0,119880.0,154,389.4117647058824,14.352484385970799,8.41051972860555,0.6535947712418301
1998,119880.0,119940.0,156,382.5806451612903,4.529658350899028,3.3341990217866595,0.0
1999,119940.0,120000.0,157,383.56410256410254,3.231257594347074,3.2128773156099952,0.0
2000,120000.0,120060.0,156,385.6774193548387,3.1539204295996965,3.108430096099583,0.0
2001,120060.0,120120.0,159,376.253164556962,10.981708421648191,4.13775532242788,0.0
2002,120120.0,120180.0,160,374.79245283018867,5.543927538590368,3.2296098443674963,0.0
2003,120180.0,120240.0,157,381.35897435897436,5.190498413445809,3.3389200494732116,0.0
2004,120240.0,120300.0,167,360.50602409638554,7.075991835779766,3.439520755905251,0.0
2005,120300.0,120360.0,159,378.0506329113924,5.2209737095538635,3.348162344152766,0.0
2006,120360.0,120420.0,157,380.05128205128204,6.129563339491407,3.400189748025931,0.0
2007,120420.0,120480.0,156,386.19354838709677,12.233176507230617,5.431987988434208,0.0
2008,120480.0,120540.0,159,376.65822784810126,4.753506452195755,3.4824400260495296,0.0
2009,120540.0,120600.0,156,385.98709677419356,5.826481302955569,3.908033683673578,0.0
2010,120600.0,120660.0,157,379.9230769230769,3.973360423131683,3.2128773156099952,0.0
2011,120660.0,120720.0,161,372.65,13.03994829638243,5.015698625755191,0.0
2012,120720.0,120780.0,159,377.46835443037975,6.179554212763525,3.6538087622832123,0.0
2013,120780.0,120840.0,159,378.9620253164557,4.6520813449594085,3.639836211055671,0.0
2014,120840.0,120900.0,159,375.8987341772152,5.283298855367754,3.224112972369102,0.0
2015,120900.0,120960.0,153,393.3157894736842,62.71858951615368,19.99735081792334,3.289473684210526
2016,120960.0,121020.0,161,373.225,5.308057243296573,3.1563054590681485,0.0
2017,121020.0,121080.0,164,365.74233128834356,12.996005538766312,4.755763235340599,0.0
2018,121080.0,121140.0,158,378.5222929936306,5.570740855831943,4.629891730472478,0.0
2019,121140.0,121200.0,161,372.725,9.093469908046842,3.9238025453753838,0.0
2020,121200.0,121260.0,162,371.0807453416149,7.060431250355307,3.5637059362410923,0.0
2021,121260.0,121320.0,155,385.7402597402597,7.8538989067003655,4.561848037401057,0.0
2022,121320.0,121380.0,158,380.2547770700637,4.017437087406063,3.265986323710904,0.0
2023,121380.0,121440.0,165,365.2926829268293,4.7707899691269855,3.5722172661134453,0.0
2024,121440.0,121500.0,158,379.28662420382165,6.267591607355246,3.4343662872314296,0.0
2025,121500.0,121560.0,157,382.05128205128204,5.897834344795003,3.445427076856436,0.0
2026,121560.0,121620.0,154,388.8627450980392,3.9454484494784947,4.078183290065372,0.0
2027,121620.0,121680.0,156,384.10322580645163,5.1562270933591305,3.0748244591432297,0.0
2028,121680.0,121740.0,154,390.3529411764706,6.936242146029731,3.8525452967042315,0.0
2029,121740.0,121800.0,161,372.55,12.787474217191834,4.883549590592235,0.0
2030,121800.0,121860.0,155,386.4155844155844,9.001598477294031,4.752708206288037,0.0
2031,121860.0,121920.0,163,368.0740740740741,7.6113314965095595,3.5386069477175313,0.0
2032,121920.0,121980.0,156,384.18064516129033,7.91305921085964,5.147184326746663,0.0
2033,121980.0,122040.0,156,385.5483870967742,7.111535852883357,4.51260859854213,0.0
2034,122040.0,122100.0,156,383.5870967741935,8.981067458012946,4.682101870108971,0.0
2035,122100.0,122160.0,153,393.2631578947368,12.50098636749655,5.456632151527725,0.0
2036,122160.0,122220.0,158,379.43949044585986,9.040746494321562,3.5373465355857507,0.0
2037,122220.0,122280.0,157,383.2564102564103,5.391596561522079,3.1805862717835627,0.0
2038,122280.0,122340.0,158,378.5987261146497,6.057269284696403,3.5662233129669145,0.0
2039,122340.0,122400.0,160,375.87421383647796,4.4419492504820415,3.628299458703115,0.0
2040,122400.0,122460.0,158,378.140127388535,22.58898602698355,27.17842281418601,1.910828025477707
2041,122460.0,122520.0,162,370.6583850931677,13.725480679224914,5.718391382198319,0.0
2042,122520.0,122580.0,160,376.4025157232704,6.842828174705885,5.021472878888994,0.0
2043,122580.0,122640.0,156,383.5870967741935,6.945789247435797,4.16541106622736,0.0
2044,122640.0,122700.0,154,390.6143790849673,14.047440384473934,5.140141304631513,0.0
2045,122700.0,122760.0,154,389.5947712418301,6.558880990583775,4.376973239219325,0.0
2046,122760.0,122820.0,156,384.6709677419355,10.109215082135444,4.348458452036872,0.0
2047,122820.0,122880.0,156,383.5870967741935,10.476186413780933,4.615051603037749,0.0
2048,122880.0,122940.0,153,392.1842105263158,6.45044385005171,4.694649624768365,0.0
2049,122940.0,123000.0,158,379.61783439490443,15.0267006085011,4.9613893835683385,0.0
2050,123000.0,123060.0,167,359.73493975903614,10.515309862838116,3.6315119148749586,0.0
2051,123060.0,123120.0,159,377.24050632911394,11.780600689618504,5.7727671669946305,0.0
2052,123120.0,123180.0,161,373.2,13.139215871226556,4.025078615584448,0.0
2053,123180.0,123240.0,162,370.7080745341615,15.379222896310786,5.540758070878027,0.0
2054,123240.0,123300.0,151,395.7866666666667,12.05612527305322,6.446475547139365,0.0
2055,123300.0,123360.0,158,379.4649681528662,11.863285672785068,5.053559294048259,0.0
2056,123360.0,123420.0,155,388.72727272727275,17.181565104537874,6.394442031083626,0.0
2057,123420.0,123480.0,154,387.9738562091503,8.602285278081863,4.518965880771723,0.0
2058,123480.0,123540.0,154,390.5882352941176,7.806482977025457,4.1422089199896845,0.0
2059,123540.0,123600.0,156,383.8451612903226,5.853339523529505,3.5161962919661303,0.0
2060,123600.0,123660.0,159,378.9620253164557,11.894914652828794,4.626151087605151,0.0
2061,123660.0,123720.0,158,378.0636942675159,11.719850314449753,5.193684527804801,0.0
2062,123720.0,123780.0,155,386.7792207792208,4.911300498998288,3.8399346399666343,0.0
2063,123780.0,123840.0,156,385.10967741935485,2.5189354119452405,3.0408474553573464,0.0
2064,123840.0,123900.0,154,389.62091503267976,3.0240408134509806,3.094987458524033,0.0
2065,123900.0,123960.0,167,360.4096385542169,8.304852388928927,3.3102229165987835,0.0
2066,123960.0,124020.0,158,379.61783439490443,10.175722132660518,5.193684527804801,0.0
2067,124020.0,124080.0,156,385.0838709677419,10.487441369406985,5.024614736151743,0.0
2068,124080.0,124140.0,153,391.63157894736844,11.784873125176507,4.694649624768365,0.0
2069,124140.0,124200.0,153,392.2894736842105,6.108978929593455,4.091664924490352,0.0
2070,124200.0,124260.0,160,375.29559748427675,34.92207481821645,36.112342292113716,1.8867924528301887
2071,124260.0,124320.0,158,377.73248407643314,19.74334752147952,5.791240069144219,0.0
2072,124320.0,124380.0,160,376.17610062893084,14.25514989829013,4.197648527992424,0.0
2073,124380.0,124440.0,164,366.7484662576687,43.372680648600216,16.77446619268055,1.2269938650306749
2074,124440.0,124500.0,160,374.38993710691824,8.956937732301327,4.533978608828725,0.0
2075,124500.0,124560.0,156,383.43225806451613,7.2138209293343785,4.780914437337574,0.0
2076,124560.0,124620.0,160,375.5974842767296,37.277461120027084,14.925977694160684,1.8867924528301887
2077,124620.0,124680.0,157,382.3333333333333,10.5288135123809,5.871747555441966,0.0
2078,124680.0,124740.0,160,375.1194968553459,12.638280597221444,3.8713488311119546,0.0
2079,124740.0,124800.0,161,372.225,15.307313169788728,6.684253532221744,0.625
2080,124800.0,124860.0,153,391.60526315789474,20.096508179031797,6.989111683125781,0.0
2081,124860.0,124920.0,152,395.49668874172187,9.558852212956275,5.914952803418355,0.0
2082,124920.0,124980.0,151,397.14666666666665,7.896466516435701,5.1500961090921304,0.0
2083,124980.0,125040.0,150,400.93959731543623,7.474486503125024,4.423524337851841,0.0
2084,125040.0,125100.0,152,394.887417218543,6.147674949504747,3.9327683210007,0.0
2085,125100.0,125160.0,161,372.8,19.36241577526131,3.188027919040016,0.0
2086,125160.0,125220.0,161,372.675,23.164587481920485,8.623501601682106,0.625
2087,125220.0,125280.0,152,393.27152317880797,57.418920664978764,15.157836257197133,1.9867549668874174
2088,125280.0,125340.0,163,369.4567901234568,8.81282152168473,4.158356101374498,0.0
2089,125340.0,125400.0,154,388.9673202614379,11.276674983913052,6.087087282021457,0.0
2090,125400.0,125460.0,156,384.0774193548387,11.001496641910165,11.46876050549786,1.935483870967742
2091,125460.0,125520.0,154,390.4575163398693,5.860199080622935,3.9868203925064476,0.0
2092,125520.0,125580.0,159,375.9240506329114,14.708870889736001,3.4677770555510588,0.0
2093,125580.0,125640.0,160,376.1006289308176,14.512846761436222,4.328299575490342,0.0
2094,125640.0,125700.0,153,390.55263157894734,8.837599891196533,4.603482701187488,0.0
2095,125700.0,125760.0,151,397.5466666666667,67.4247864991199,30.21000323240654,5.333333333333334
2096,125760.0,125820.0,156,386.68387096774194,61.532142887233576,86.04197103286732,1.2903225806451613
2097,125820.0,125880.0,158,379.3375796178344,15.169788692529377,5.931229820154264,0.0
2098,125880.0,125940.0,155,386.1818181818182,8.014247562489562,4.8074017006186525,0.0
2099,125940.0,126000.0,153,392.1578947368421,61.9093660614817,87.56121794160482,1.3157894736842104
2100,126000.0,126060.0,162,371.32919254658384,14.1296569303343,5.049752469181039,0.0
2101,126060.0,126120.0,153,390.55263157894734,15.423723652447732,6.671080216747371,0.0
2102,126120.0,126180.0,155,387.16883116883116,8.29111280625713,4.253410780535294,0.0
2103,126180.0,126240.0,151,398.74666666666667,11.978832934754005,6.200238142211493,0.0
2104,126240.0,126300.0,149,400.97297297297297,19.98977491882755,5.319710492864359,0.0
2105,126300.0,126360.0,153,393.89473684210526,10.57747068173694,4.052633842281171,0.0
2106,126360.0,126420.0,167,359.4457831325301,28.259941886769553,39.159657657834394,1.2048192771084338
2107,126420.0,126480.0,155,386.64935064935065,9.33020428468147,6.1527399709663335,0.0
2108,126480.0,126540.0,152,395.3112582781457,25.225433046950474,7.659416862050705,0.0
2109,126540.0,126600.0,156,383.63870967741934,23.329899402193405,9.224473377429689,0.6451612903225806
2110,126600.0,126660.0,156,385.03225806451616,17.559331464819834,6.950660998184872,0.0
2111,126660.0,126720.0,156,385.13548387096773,19.046108584154755,7.593572127947272,0.0
2112,126720.0,126780.0,140,428.8345323741007,68.58820589051547,34.3873923643999,2.158273381294964
2113,126780.0,126840.0,152,392.158940397351,29.829312812563366,8.866416036558025,0.0
2114,126840.0,126900.0,158,379.64331210191085,14.130351375153461,8.239990042314123,0.0
2115,126900.0,126960.0,164,366.9447852760736,31.726697783860576,41.57278311944362,1.2269938650306749
2116,126960.0,127020.0,152,390.72847682119203,148.6991564098391,196.48402818889207,15.894039735099339
2117,127020.0,127080.0,145,410.02777777777777,153.6276464978025,183.0914021423768,18.75
2118,127080.0,127140.0,153,393.4736842105263,175.83959229024697,221.4198612746549,17.763157894736842
2119,127140.0,127200.0,132,455.14503816793894,207.99467900506878,220.5751921332392,32.82442748091603
2120,127200.0,127260.0,159,377.8987341772152,109.0407035479624,127.179295675073,13.924050632911392
2121,127260.0,127320.0,162,371.00621118012424,27.640662278247316,31.581640236061205,1.2422360248447204
2122,127320.0,127380.0,152,393.112582781457,8.946167184038549,6.803920438492306,0.0
2123,127380.0,127440.0,135,444.95522388059703,59.485875706726524,33.64386681753585,2.9850746268656714
2124,127440.0,127500.0,151,398.32,8.319395951226783,4.59938717832141,0.0
2125,127500.0,127560.0,156,384.0516129032258,33.93496330327525,33.1341233454294,1.2903225806451613
2126,127560.0,127620.0,160,375.2704402515723,9.459899064539798,3.2608145289796937,0.0
2127,127620.0,127680.0,162,370.0372670807453,10.169739548507229,3.872983346207417,0.0
2128,127680.0,127740.0,156,385.6516129032258,32.03824693802971,44.83505122314257,1.2903225806451613
2129,127740.0,127800.0,157,380.3076923076923,9.206319978331424,3.8420424675660008,0.0
2130,127800.0,127860.0,154,390.797385620915,3.2794404952918876,3.387282717832439,0.0
2131,127860.0,127920.0,154,388.7843137254902,3.6145560557108753,3.2606102108912713,0.0
2132,127920.0,127980.0,154,389.12418300653593,3.740462013114346,3.612842589838003,0.0
2133,127980.0,128040.0,156,384.9290322580645,8.718624398094953,8.167086304264128,0.6451612903225806
2134,128040.0,128100.0,157,381.8974358974359,3.998676373226499,3.4153354343361735,0.0
2135,128100.0,128160.0,155,387.4805194805195,4.082836351061927,4.03902531437921,0.0
2136,128160.0,128220.0,158,380.50955414012736,2.5105363468097055,2.9176738187844977,0.0
2137,128220.0,128280.0,159,376.8607594936709,8.004352601303376,3.8440954805642207,0.0
2138,128280.0,128340.0,157,382.79487179487177,8.920232854416177,4.5550397470026756,0.0
2139,128340.0,128400.0,156,383.9483870967742,6.4140608005443145,5.065800791813439,0.0
2140,128400.0,128460.0,141,426.3142857142857,68.11934995003712,14.225319406966433,0.7142857142857143
2141,128460.0,128520.0,154,389.12418300653593,7.979678351780052,4.4248104330492,0.0
2142,128520.0,128580.0,157,383.0,6.004299534768882,4.064004064006096,0.0
2143,128580.0,128640.0,158,379.4140127388535,2.7851358802815263,3.2344301602505596,0.0
2144,128640.0,128700.0,163,367.77777777777777,6.355903989831054,3.4676857874520426,0.0
2145,128700.0,128760.0,160,375.6981132075472,5.594702192254233,3.7382728022850067,0.0
2146,128760.0,128820.0,160,374.4654088050315,2.87454977039077,3.08528561753562,0.0
2147,128820.0,128880.0,160,375.82389937106916,4.157553125314182,3.5720433467255233,0.0
2148,128880.0,128940.0,165,362.8048780487805,10.9806735122479,3.70706505046021,0.0
2149,128940.0,129000.0,162,369.6894409937888,7.233806073607379,3.7013511046643495,0.0
2150,129000.0,129060.0,157,381.79487179487177,9.790527316991039,4.732863826479693,0.0
2151,129060.0,129120.0,158,381.29936305732485,3.0116546439237544,3.3741095691478935,0.0
2152,129120.0,129180.0,159,375.7974683544304,8.924852221774927,4.125422194182648,0.0
2153,129180.0,129240.0,162,370.53416149068323,5.7738971413385745,3.1622776601683795,0.0
2154,129240.0,129300.0,158,380.02547770700636,4.562878427700457,3.265986323710904,0.0
2155,129300.0,129360.0,156,385.39354838709676,3.6064458422251717,3.4865232188878585,0.0
2156,129360.0,129420.0,155,386.7792207792208,3.044864428648088,3.743403784715835,0.0
2157,129420.0,129480.0,157,382.79487179487177,8.044006343108734,3.8554527787319945,0.0
2158,129480.0,129540.0,156,382.5548387096774,9.262507819709526,4.227307638453803,0.0
2159,129540.0,129600.0,157,383.1025641025641,9.373386820127253,3.7742762604667113,0.0
2160,129600.0,129660.0,165,364.8780487804878,7.267695129021539,4.625880781660393,0.0
2161,129660.0,129720.0,159,377.3164556962025,7.341608674612512,3.7907026725387416,0.0
2162,129720.0,129780.0,159,377.36708860759495,5.3944468148234215,3.423411342934111,0.0
2163,129780.0,129840.0,160,373.0062893081761,4.408703783994968,3.75179282038449,0.0
2164,129840.0,129900.0,157,382.64102564102564,5.327892178930242,3.504835369563303,0.0
2165,129900.0,129960.0,157,383.84615384615387,6.519602052128193,4.089325206578867,0.0
2166,129960.0,130020.0,157,381.84615384615387,3.7574079022539726,3.6913150030325106,0.0
2167,130020.0,130080.0,154,387.9738562091503,5.301374837096382,3.947017528263721,0.0
2168,130080.0,130140.0,156,385.85806451612905,7.006897074967439,4.239578513723502,0.0
2169,130140.0,130200.0,157,380.5128205128205,8.137120977338027,4.381780460041329,0.0
2170,130200.0,130260.0,157,382.84615384615387,9.660130130796405,3.147964011762974,0.0
2171,130260.0,130320.0,168,357.67664670658684,4.079436325753552,3.6072216722529107,0.0
2172,130320.0,130380.0,161,372.475,8.104622487221558,4.196434545311265,0.0
2173,130380.0,130440.0,155,387.24675324675326,32.38258058489792,30.811253355443583,0.6493506493506493
2174,130440.0,130500.0,157,382.2564102564103,29.90972908816423,42.40754649823543,1.282051282051282
2175,130500.0,130560.0,157,382.4871794871795,6.6366404049300955,4.966987793616518,0.0
2176,130560.0,130620.0,155,387.7402597402597,31.584476453999834,44.080734012844104,1.2987012987012987
2177,130620.0,130680.0,158,378.0891719745223,4.911232280711937,3.6091052943411093,0.0
2178,130680.0,130740.0,162,371.2298136645963,33.64673989542022,43.266615305567875,1.8633540372670807
2179,130740.0,130800.0,170,352.68639053254435,12.895269227193923,4.15187851918806,0.0
2180,130800.0,130860.0,161,372.675,11.86271045634467,5.701152923232989,0.0
2181,130860.0,130920.0,159,376.30379746835445,13.682807502708348,4.5707460819020485,0.0
2182,130920.0,130980.0,158,381.7579617834395,10.498718648241812,6.26753949186212,0.0
2183,130980.0,131040.0,152,393.0066225165563,7.648526384205629,5.552176750308537,0.0
2184,131040.0,131100.0,154,389.80392156862746,6.987826655135994,5.119621696550388,0.0
2185,131100.0,131160.0,158,381.09554140127386,10.363758005350533,4.803844614152614,0.0
2186,131160.0,131220.0,147,407.17808219178085,46.41502208248247,15.091445395916557,2.73972602739726
2187,131220.0,131280.0,152,393.0860927152318,9.818988676607514,6.48279774994305,0.0
2188,131280.0,131340.0,154,389.98692810457516,7.183668363675395,4.812265031857878,0.0
2189,131340.0,131400.0,169,355.9761904761905,13.388686072275528,4.035768222990587,0.0
2190,131400.0,131460.0,156,384.18064516129033,11.57105152297309,5.702585424128298,0.0
2191,131460.0,131520.0,156,385.80645161290323,13.36942469023885,6.4061658610249115,0.0
2192,131520.0,131580.0,173,346.83720930232556,36.93200975053004,46.164719067158934,2.3255813953488373
2193,131580.0,131640.0,155,384.85714285714283,38.57043952115759,49.88352446521692,5.194805194805195
2194,131640.0,131700.0,156,384.30967741935484,9.686359227804388,5.187397315522584,0.0
2195,131700.0,131760.0,153,393.7894736842105,8.460763808573574,5.218408577283902,0.0
2196,131760.0,131820.0,152,394.64900662251654,6.513778908843098,4.584030250045623,0.0
2197,131820.0,131880.0,154,389.2549019607843,12.358424258569487,4.656630812756772,0.0
2198,131880.0,131940.0,162,370.8074534161491,7.574228944214644,4.347413023856832,0.0
2199,131940.0,132000.0,158,378.6751592356688,10.070403806553418,4.51777117727939,0.0
2200,132000.0,132060.0,163,368.22222222222223,6.30882257129053,4.1463895841865765,0.0
2201,132060.0,132120.0,154,391.34640522875816,35.11022498043575,42.04508857981168,3.9215686274509802
2202,132120.0,132180.0,153,390.6578947368421,8.195544956128247,5.328916493376255,0.0
2203,132180.0,132240.0,154,391.05882352941177,11.821164836025906,6.095727580596274,0.0
2204,132240.0,132300.0,157,382.35897435897436,12.574397294835668,3.8150804329237173,0.0
2205,132300.0,132360.0,163,366.7901234567901,15.066491180975179,4.86335007099463,0.0
2206,132360.0,132420.0,157,383.53846153846155,10.10868972421484,5.170636698799069,0.0
2207,132420.0,132480.0,154,389.7516339869281,8.557299935198166,4.7128045064260276,0.0
2208,132480.0,132540.0,136,440.47407407407405,63.58456933217879,14.247283061231908,2.2222222222222223
2209,132540.0,132600.0,161,372.375,15.28461634635773,4.050001941144034,0.0
2210,132600.0,132660.0,166,362.3272727272727,10.990663241690172,4.483030334005086,0.0
2211,132660.0,132720.0,155,387.4805194805195,10.575109992920316,5.591777343225421,0.0
2212,132720.0,132780.0,154,388.3921568627451,5.286819875528656,5.047146145152359,0.0
2213,132780.0,132840.0,155,387.2207792207792,6.845872525155323,4.445751441809691,0.0
2214,132840.0,132900.0,153,391.1578947368421,9.407693950819722,4.893569236002457,0.0
2215,132900.0,132960.0,160,375.6981132075472,22.954207225013786,4.644310525058005,0.0
2216,132960.0,133020.0,149,402.13513513513516,48.17974404992526,26.073678963542477,1.3513513513513513
2217,133020.0,133080.0,167,359.855421686747,60.25222390566741,84.90707933507147,2.4096385542168677
2218,133080.0,133140.0,169,354.2857142857143,8.392428050840664,3.596405391015722,0.0
2219,133140.0,133200.0,167,359.49397590361446,14.175842442157377,5.7250115786570746,0.0
2220,133200.0,133260.0,161,372.2,8.474007613369634,4.705142376153374,0.0
2221,133260.0,133320.0,165,364.6341463414634,9.377576956418157,4.78238075064834,0.0
2222,133320.0,133380.0,163,369.1604938271605,11.83473862254409,4.379511870471695,0.0
2223,133380.0,133440.0,156,384.64516129032256,7.156635224290587,5.076045091036304,0.0
2224,133440.0,133500.0,160,373.66037735849056,8.191405026757957,3.5578403348241,0.0
2225,133500.0,133560.0,157,382.9230769230769,6.033817024970086,4.201382261021461,0.0
2226,133560.0,133620.0,153,391.0,5.953461901219451,4.130327184256306,0.0
2227,133620.0,133680.0,164,365.49693251533745,19.42931927069444,8.379870059984357,1.2269938650306749
2228,133680.0,133740.0,167,359.27710843373495,9.18802020157414,4.224029384654449,0.0
2229,133740.0,133800.0,159,377.82278481012656,13.668280723189756,6.861690939394655,0.0
2230,133800.0,133860.0,162,370.16149068322983,18.033268083294693,6.016643582596529,0.0
2231,133860.0,133920.0,161,373.8,12.821365815842235,5.045703072601017,0.0
2232,133920.0,133980.0,158,379.1592356687898,3.923155379283573,3.73479824739141,0.0
2233,133980.0,134040.0,156,384.541935483871,7.961953938279922,3.5309393180189983,0.0
2234,134040.0,134100.0,154,389.2549019607843,6.398529242770422,4.154895653892748,0.0
2235,134100.0,134160.0,151,396.82666666666665,48.9641351648171,40.72892875566325,4.666666666666667
2236,134160.0,134220.0,155,388.4155844155844,19.121456072589364,4.8074017006186525,0.0
2237,134220.0,134280.0,161,371.15,7.525386803406221,3.1722063428725766,0.0
2238,134280.0,134340.0,158,380.0509554140127,10.717704127920324,4.012800032715822,0.0
2239,134340.0,134400.0,159,378.75949367088606,10.881194190121981,3.695409443541272,0.0
2240,134400.0,134460.0,154,388.8627450980392,9.346445161220537,5.0990195135927845,0.0
2241,134460.0,134520.0,158,379.5668789808917,16.402498983054585,4.909436230624053,0.0
2242,134520.0,134580.0,154,390.09150326797385,9.268906337805038,5.211323702941711,0.0
2243,134580.0,134640.0,156,382.73548387096776,7.175062712386996,4.202658404193429,0.0
2244,134640.0,134700.0,153,393.92105263157896,9.160472468070148,4.5572153691184925,0.0
2245,134700.0,134760.0,155,386.3636363636364,18.959129824016127,4.216370213557839,0.0
2246,134760.0,134820.0,156,385.34193548387094,15.023980272969073,5.81980496839283,0.0
2247,134820.0,134880.0,164,364.29447852760734,18.796155541820614,4.18108616049484,0.0
2248,134880.0,134940.0,158,381.5541401273885,11.833456971794648,4.898979485566356,0.0
2249,134940.0,135000.0,159,376.53164556962025,14.844274834562478,4.330310884531029,0.0
2250,135000.0,135060.0,163,368.17283950617286,29.590492901403227,38.83905315129916,1.2345679012345678
2251,135060.0,135120.0,157,383.02564102564105,11.021356814750531,6.646852274670343,0.641025641025641
2252,135120.0,135180.0,156,383.2,22.921208916237774,5.78399044384977,0.0
2253,135180.0,135240.0,155,386.7012987012987,7.678277542181551,4.6638647050410995,0.0
2254,135240.0,135300.0,152,394.86092715231786,10.403870904683723,4.501851470969102,0.0
2255,135300.0,135360.0,154,391.47712418300654,9.533241680479128,4.4248104330492,0.0
2256,135360.0,135420.0,159,377.0379746835443,18.757210444057698,5.763933547179889,0.0
2257,135420.0,135480.0,154,389.2287581699346,9.08765554563626,5.119621696550388,0.0
2258,135480.0,135540.0,152,394.9668874172185,10.496613560917664,5.184592558726288,0.0
2259,135540.0,135600.0,153,392.6578947368421,8.943609404535692,5.126221385715236,0.0
2260,135600.0,135660.0,151,395.62666666666667,9.07355969058522,4.59938717832141,0.0
2261,135660.0,135720.0,145,415.19444444444446,72.62753699361649,99.29147598256964,1.3888888888888888
2262,135720.0,135780.0,144,415.8881118881119,7.534993383087178,5.82370096740436,0.0
2263,135780.0,135840.0,147,407.6164383561644,13.882889629633581,4.75612128263908,0.0
2264,135840.0,135900.0,151,398.32,22.822430977104474,7.149412140849871,0.0
2265,135900.0,135960.0,149,402.05405405405406,7.2654094123477355,5.855400437691199,0.0
2266,135960.0,136020.0,157,381.4102564102564,22.73121253166307,4.0,0.0
2267,136020.0,136080.0,161,374.75,22.73915526992894,8.762412579526057,0.625
2268,136080.0,136140.0,147,408.027397260274,14.740020682846785,8.925747336623493,0.0
2269,136140.0,136200.0,154,389.437908496732,15.665008804976559,5.991221648554263,0.0
2270,136200.0,136260.0,145,412.1111111111111,15.100183443108897,6.968460415288341,0.0
2271,136260.0,136320.0,146,411.5586206896552,13.047922281423544,5.185449728701348,0.0
2272,136320.0,136380.0,167,360.43373493975906,10.458799712214892,3.453588384169823,0.0
2273,136380.0,136440.0,162,369.9875776397516,20.199624865835922,5.787918451395113,0.0
2274,136440.0,136500.0,159,376.9873417721519,28.272330634615553,7.64832107632938,0.0
2275,136500.0,136560.0,151,397.12,32.28104769471487,30.243752474823445,0.6666666666666667
2276,136560.0,136620.0,157,382.38461538461536,18.935701572549803,10.80023894598275,0.641025641025641
2277,136620.0,136680.0,150,400.99328859060404,7.862411984894124,5.135988549284196,0.0
2278,136680.0,136740.0,144,415.2167832167832,10.775650602978125,6.87924004974182,0.0
2279,136740.0,136800.0,145,414.4166666666667,12.615619134780749,6.822422923379534,0.0
2280,136800.0,136860.0,155,386.31168831168833,30.979757143762914,33.884077661259255,2.5974025974025974
2281,136860.0,136920.0,149,402.43243243243245,11.037451496592013,6.6557734132023425,0.0
2282,136920.0,136980.0,147,408.32876712328766,8.706802405286615,5.607876234553413,0.0
2283,136980.0,137040.0,148,406.3673469387755,6.828708167861822,4.898979485566356,0.0
2284,137040.0,137100.0,146,409.4344827586207,7.373765238540175,5.033222956847166,0.0
2285,137100.0,137160.0,145,415.8333333333333,7.655155034445651,5.812934696881584,0.0
2286,137160.0,137220.0,144,415.74825174825173,7.657702126073424,4.29870599592908,0.0
2287,137220.0,137280.0,164,366.2822085889571,8.652059772210377,3.281071791162978,0.0
2288,137280.0,137340.0,150,397.71812080536915,32.827987510847116,37.710131981392664,2.013422818791946
2289,137340.0,137400.0,145,415.72222222222223,13.335081470482205,7.111499600887746,0.0
2290,137400.0,137460.0,146,410.0689655172414,19.0269017053683,7.211102550927978,0.0
2291,137460.0,137520.0,146,411.7793103448276,6.19640236741051,4.8419463487779835,0.0
2292,137520.0,137580.0,155,386.83116883116884,19.158371673001135,4.103242779459868,0.0
2293,137580.0,137640.0,164,365.1042944785276,12.612267933693195,3.937787810370967,0.0
2294,137640.0,137700.0,144,416.83916083916085,26.79858372063149,8.969431655648652,0.0
2295,137700.0,137760.0,144,416.3636363636364,9.922619950584565,6.465509794394286,0.0
2296,137760.0,137820.0,149,404.7027027027027,15.681983882661246,5.035925358629442,0.0
2297,137820.0,137880.0,152,393.7748344370861,18.872969095306814,6.48279774994305,0.0
2298,137880.0,137940.0,148,406.25850340136054,6.753069758969539,4.910151631171474,0.0
2299,137940.0,138000.0,145,414.05555555555554,8.567116982713227,5.936729339017844,0.0
2300,138000.0,138060.0,144,415.0769230769231,5.5905817720859075,4.553283910124338,0.0
2301,138060.0,138120.0,154,390.06535947712416,41.16233478919238,12.477347896340623,1.9607843137254901
2302,138120.0,138180.0,148,405.14285714285717,21.571162891535327,8.12235204480365,0.0
2303,138180.0,138240.0,146,412.2206896551724,15.604695236048721,6.4031242374328485,0.0
2304,138240.0,138300.0,153,391.2105263157895,18.778821232267884,5.000662207803711,0.0
2305,138300.0,138360.0,145,413.9166666666667,4.386087349536285,4.938786125315449,0.0
2306,138360.0,138420.0,153,392.9736842105263,19.579671634212616,4.860981287029161,0.0
2307,138420.0,138480.0,161,371.675,14.235905531061528,3.885143449429057,0.0
2308,138480.0,138540.0,157,381.5897435897436,74.78026924477423,76.58518344027547,8.974358974358974
2309,138540.0,138600.0,166,362.3030303030303,60.41345596382463,66.16018993101,3.6363636363636362
2310,138600.0,138660.0,145,412.6666666666667,223.6815918788458,206.64567154052264,12.5
2311,138660.0,138720.0,162,370.18633540372673,64.35984821386546,86.26644770708945,8.074534161490684
2312,138720.0,138780.0,137,440.52941176470586,132.2872822854345,110.58363685799424,14.705882352941178
2313,138780.0,138840.0,151,396.64,12.182769216061349,5.797476886977089,0.0
2314,138840.0,138900.0,146,411.7793103448276,11.669326461995498,5.70574758954123,0.0
2315,138900.0,138960.0,148,405.36054421768705,9.40412732052808,5.009579863717007,0.0
2316,138960.0,139020.0,148,405.65986394557825,14.443795937261536,4.575096375959207,0.0
2317,139020.0,139080.0,150,399.43624161073825,14.75581522913475,5.135988549284196,0.0
2318,139080.0,139140.0,160,375.42138364779873,8.793973517432295,3.5148869654295907,0.0
2319,139140.0,139200.0,162,369.54037267080747,10.257310678742671,4.54972526643093,0.0
2320,139200.0,139260.0,144,417.6223776223776,19.7290820570584,8.525025298380537,0.0
2321,139260.0,139320.0,136,439.4074074074074,28.701317328001362,10.910764231684368,0.0
2322,139320.0,139380.0,144,417.986013986014,10.886084937543371,6.8546273051828095,0.0
2323,139380.0,139440.0,152,393.43046357615896,13.889809182166536,4.548992562461861,0.0
2324,139440.0,139500.0,150,399.86577181208054,15.948675162347026,4.730579074318321,0.0
2325,139500.0,139560.0,148,405.08843537414964,16.792417226304906,8.129095385147226,0.0
2326,139560.0,139620.0,151,399.2,6.537450193581367,4.849410121188961,0.0
2327,139620.0,139680.0,160,374.7672955974843,15.366903021191423,3.7382728022850067,0.0
2328,139680.0,139740.0,160,374.7169811320755,11.262760456799063,4.2336805067117895,0.0
2329,139740.0,139800.0,159,376.32911392405066,31.353225545007497,40.737156547393916,1.2658227848101267
2330,139800.0,139860.0,154,390.9019607843137,9.38347140474756,5.553566895532806,0.0
2331,139860.0,139920.0,163,368.7901234567901,11.197510869568502,4.491537937441724,0.0
2332,139920.0,139980.0,161,371.05,14.133149399538857,4.5640101532802575,0.0
2333,139980.0,140040.0,152,396.0794701986755,25.380182079412,7.797435475847171,0.0
2334,140040.0,140100.0,146,409.6,63.377879071136135,73.88128615856958,2.7586206896551726
2335,140100.0,140160.0,154,390.8235294117647,31.920567047268992,33.3782153980391,3.9215686274509802
2336,140160.0,140220.0,160,373.76100628930817,17.05147052550714,5.58478946941794,0.0
2337,140220.0,140280.0,150,401.90604026845637,13.696193139404867,7.425303706592421,0.0
2338,140280.0,140340.0,161,372.6,10.917183962010412,3.910958640062143,0.0
2339,140340.0,140400.0,153,391.86842105263156,9.528405918343289,5.922233335669847,0.0
2340,140400.0,140460.0,149,401.6216216216216,12.500560752268754,6.083321684827166,0.0
2341,140460.0,140520.0,149,404.13513513513516,15.042184966056055,13.055611038623843,2.027027027027027
2342,140520.0,140580.0,147,406.4931506849315,13.608438850057642,9.31294982713633,0.684931506849315
2343,140580.0,140640.0,147,408.35616438356163,7.1849840793885935,4.859402545935897,0.0
2344,140640.0,140700.0,145,413.05555555555554,51.71408456452209,22.654597088246113,2.7777777777777777
2345,140700.0,140760.0,148,407.6462585034014,7.114333131455193,5.676193978555682,0.0
2346,140760.0,140820.0,149,400.86486486486484,26.84109161903335,27.32321033717033,2.027027027027027
2347,140820.0,140880.0,145,414.6666666666667,55.49018687264298,20.139374508519513,2.7777777777777777
2348,140880.0,140940.0,147,409.28767123287673,88.87332782492942,113.68826100198372,3.4246575342465753
2349,140940.0,141000.0,147,408.52054794520546,31.897296216209014,31.332697474594855,4.10958904109589
2350,141000.0,141060.0,150,398.30872483221475,23.765435760290067,27.714763360131872,2.684563758389262
2351,141060.0,141120.0,149,403.35135135135135,7.243918270033375,4.859943170351647,0.0
2352,141120.0,141180.0,147,407.17808219178085,8.506942342627234,5.294108631950855,0.0
2353,141180.0,141240.0,150,399.83892617449663,10.291735804330317,5.16746579114973,0.0
2354,141240.0,141300.0,149,401.72972972972974,9.586409452185967,4.2634341496379795,0.0
2355,141300.0,141360.0,149,402.5135135135135,22.953513058373105,24.373510769088732,2.027027027027027
2356,141360.0,141420.0,148,405.55102040816325,10.69065888090158,13.377552246565477,2.0408163265306123
2357,141420.0,141480.0,149,404.64864864864865,11.813093660633363,6.857142857142858,0.0
2358,141480.0,141540.0,149,402.1081081081081,5.2048317885803765,3.972695926593183,0.0
2359,141540.0,141600.0,145,413.25,35.95014029753691,49.47952886016374,1.3888888888888888
2360,141600.0,141660.0,146,410.5931034482759,13.731804400998424,5.897268670984711,0.0
2361,141660.0,141720.0,152,395.3377483443709,57.68591826055051,72.23147974856023,8.609271523178808
2362,141720.0,141780.0,150,399.248322147651,26.469234063257662,24.72114752868756,2.013422818791946
2363,141780.0,141840.0,152,395.49668874172187,57.06848215634563,62.14306075500305,6.622516556291391
2364,141840.0,141900.0,156,383.5870967741935,31.49330728669522,32.48496155566029,4.516129032258064
2365,141900.0,141960.0,154,391.1372549019608,7.9728641947227645,5.12989176042577,0.0
2366,141960.0,142020.0,149,401.8918918918919,103.4989983280022,147.4466581744148,2.7027027027027026
2367,142020.0,142080.0,157,382.38461538461536,38.75955017190649,49.500211794919984,2.564102564102564
2368,142080.0,142140.0,160,374.2138364779874,4.5372784736860545,2.899148718354966,0.0
2369,142140.0,142200.0,158,380.07643312101914,4.971123539714245,3.6091052943411093,0.0
2370,142200.0,142260.0,158,381.29936305732485,5.363056161049892,3.0550504633038935,0.0
2371,142260.0,142320.0,154,388.7843137254902,4.0015476881987535,3.2927352251825375,0.0
2372,142320.0,142380.0,153,392.6842105263158,8.609575027494715,4.130327184256306,0.0
2373,142380.0,142440.0,149,400.97297297297297,7.843664583248232,5.046720495044484,0.0
2374,142440.0,142500.0,153,392.13157894736844,10.868682886582452,4.649289627430743,0.0
2375,142500.0,142560.0,150,402.4429530201342,6.319620402489518,4.447896557226099,0.0
2376,142560.0,142620.0,148,402.80272108843536,4.691349450664581,4.379278729628981,0.0
2377,142620.0,142680.0,152,395.73509933774835,38.52388038377494,17.870646322950943,2.6490066225165565
2378,142680.0,142740.0,158,379.2356687898089,6.162479653462573,4.308607961291276,0.0
2379,142740.0,142800.0,156,385.9612903225806,6.705186857335809,3.3185820786876756,0.0
2380,142800.0,142860.0,156,384.8774193548387,15.560662809252676,7.076575589783668,0.6451612903225806
2381,142860.0,142920.0,154,387.66013071895424,6.600601446571695,3.960329598192023,0.0
2382,142920.0,142980.0,155,388.3376623376623,27.11756558260842,27.055981663780926,1.948051948051948
2383,142980.0,143040.0,154,389.3333333333333,5.3113582364391005,3.7696851746252595,0.0
2384,143040.0,143100.0,152,394.3576158940397,79.8295137043822,102.38020642031675,5.960264900662252
2385,143100.0,143160.0,156,384.541935483871,6.884236378516586,3.854496446637726,0.0
2386,143160.0,143220.0,157,383.97435897435895,6.087479183721414,3.3849762947661883,0.0
2387,143220.0,143280.0,152,392.50331125827813,4.4134252339657625,3.973243846867024,0.0
2388,143280.0,143340.0,155,387.7142857142857,10.479805844204026,4.216370213557839,0.0
2389,143340.0,143400.0,156,384.6967741935484,7.049338362199977,4.227307638453803,0.0
2390,143400.0,143460.0,154,390.640522875817,3.9246427579378205,3.5688712648767758,0.0
2391,143460.0,143520.0,152,394.49006622516555,32.96136476738969,44.82261334044085,1.3245033112582782
2392,143520.0,143580.0,149,402.3243243243243,9.378087222270858,5.350313106738339,0.0
2393,143580.0,143640.0,151,397.92,12.337273691851495,4.516933092681182,0.0
2394,143640.0,143700.0,150,397.9597315436242,9.04783025702166,3.748873704735071,0.0
2395,143700.0,143760.0,150,400.6979865771812,7.274264797982678,4.399017089231565,0.0
2396,143760.0,143820.0,150,400.241610738255,15.852210608359195,5.1043171976332005,0.0
2397,143820.0,143880.0,147,408.7671232876712,10.601913357496738,5.647092630054318,0.0
2398,143880.0,143940.0,149,403.7027027027027,45.735926344965414,49.626633183084614,2.027027027027027
2399,143940.0,144000.0,152,393.96026490066225,16.112057925542178,5.225578117937447,0.0
2400,144000.0,144060.0,159,377.5189873417722,7.656412756169327,4.2230788418473315,0.0
2401,144060.0,144120.0,153,391.86842105263156,6.318986642840887,3.8652810183728397,0.0
2402,144120.0,144180.0,155,385.6363636363636,8.034092537404836,3.7988646394705365,0.0
2403,144180.0,144240.0,155,388.961038961039,10.851874400234832,3.8126037969369833,0.0
2404,144240.0,144300.0,164,364.8588957055215,6.281343432436728,3.7184890068181136,0.0
2405,144300.0,144360.0,157,383.05128205128204,28.06485458472695,34.49020431294061,1.9230769230769231
2406,144360.0,144420.0,160,374.188679245283,14.293120329406579,5.728012446065256,0.0
2407,144420.0,144480.0,159,377.1392405063291,8.507372864173083,5.167265905938571,0.0
2408,144480.0,144540.0,152,394.64900662251654,39.538369326599984,50.78372442689357,3.3112582781456954
2409,144540.0,144600.0,162,370.48447204968943,12.473524757492424,13.583077707206124,1.8633540372670807
2410,144600.0,144660.0,155,386.64935064935065,39.872268684301176,47.66111307288579,3.896103896103896
2411,144660.0,144720.0,151,398.26666666666665,9.943914308125239,6.104239917175844,0.0
2412,144720.0,144780.0,149,401.43243243243245,10.13659240611205,5.929288539532717,0.0
2413,144780.0,144840.0,149,403.02702702702703,12.542144434652023,5.855400437691199,0.0
2414,144840.0,144900.0,150,401.02013422818794,10.53338951033596,4.261708831227464,0.0
2415,144900.0,144960.0,149,403.7027027027027,7.9466413214618825,4.630569821387892,0.0
2416,144960.0,145020.0,150,399.00671140939596,12.450169131758653,15.020706428847534,2.013422818791946
2417,145020.0,145080.0,148,404.57142857142856,5.378801618326806,4.328940520196283,0.0
2418,145080.0,145140.0,151,397.3066666666667,81.92253229447408,97.18563155048061,4.0
2419,145140.0,145200.0,162,371.5031055900621,23.033704712768873,7.085195833567341,0.0
2420,145200.0,145260.0,155,386.5974025974026,30.29625388963713,41.99595374222324,1.2987012987012987
2421,145260.0,145320.0,152,395.94701986754967,30.36133244319605,35.005523373700136,3.9735099337748347
2422,145320.0,145380.0,150,399.89261744966444,15.245354161451017,6.0716443295753795,0.0
2423,145380.0,145440.0,150,398.6040268456376,9.437431791016309,4.508250694484982,0.0
2424,145440.0,145500.0,151,398.3466666666667,8.807399776763884,4.040067778021393,0.0
2425,145500.0,145560.0,148,403.86394557823127,9.083056223165325,4.976657843138428,0.0
2426,145560.0,145620.0,148,406.1224489795918,7.073874332429805,4.1347176942276125,0.0
2427,145620.0,145680.0,147,409.36986301369865,10.058459262716434,5.092252397786133,0.0
2428,145680.0,145740.0,149,402.5405405405405,9.68790421820955,8.241260058203405,0.6756756756756757
2429,145740.0,145800.0,152,394.9933774834437,44.11915633656076,60.16156026345505,2.6490066225165565
2430,145800.0,145860.0,157,382.56410256410254,52.995822049226526,49.40837071564082,3.8461538461538463
2431,145860.0,145920.0,152,393.6423841059603,22.595676391988782,23.433309625402895,1.9867549668874174
2432,145920.0,145980.0,154,388.7843137254902,8.259716109934908,4.877445405559198,0.0
2433,145980.0,146040.0,151,398.1333333333333,18.34884436375922,6.707703674925125,0.0
2434,146040.0,146100.0,150,399.1409395973154,9.782099021853842,4.71913872123614,0.0
2435,146100.0,146160.0,149,402.1621621621622,9.242061534944538,4.559508268032695,0.0
2436,146160.0,146220.0,134,450.25563909774434,80.58626604315312,18.303833014707685,4.511278195488721
2437,146220.0,146280.0,153,390.39473684210526,30.43963908696782,37.32797186351957,1.9736842105263157
2438,146280.0,146340.0,160,376.32704402515725,28.74230702916537,37.6324664571108,1.257861635220126
2439,146340.0,146400.0,153,392.05263157894734,12.53117409322677,12.91438953081571,1.9736842105263157
2440,146400.0,146460.0,157,382.6666666666667,5.552486607537357,4.076684294706873,0.0
2441,146460.0,146520.0,157,381.20512820512823,5.790668743727829,3.7191743794175784,0.0
2442,146520.0,146580.0,157,383.5128205128205,67.91469860190011,86.2925257481782,5.769230769230769
2443,146580.0,146640.0,152,393.0066225165563,46.71894643343201,50.905402463785705,5.298013245033113
2444,146640.0,146700.0,149,403.3783783783784,13.664296495356018,6.548614642922318,0.0
2445,146700.0,146760.0,152,393.7748344370861,4.445480379637224,3.5925849560819945,0.0
2446,146760.0,146820.0,152,394.86092715231786,4.581178502087773,3.6221540552549665,0.0
2447,146820.0,146880.0,152,392.47682119205297,65.3897886459434,66.9758165310435,4.635761589403973
2448,146880.0,146940.0,154,390.37908496732024,12.619432871540306,6.35775531391221,0.0
2449,146940.0,147000.0,150,399.1409395973154,42.59822038762034,33.794290258179025,2.013422818791946
2450,147000.0,147060.0,154,391.5032679738562,11.279420117960603,6.390782836488649,0.0
2451,147060.0,147120.0,152,394.17218543046357,8.154967066685165,3.850541087518307,0.0
2452,147120.0,147180.0,159,378.27848101265823,61.3418813940737,85.62992512219733,1.2658227848101267
2453,147180.0,147240.0,156,382.6322580645161,11.317736542809733,4.251813974990213,0.0
2454,147240.0,147300.0,153,393.57894736842104,9.022801370970827,5.011245631722412,0.0
2455,147300.0,147360.0,149,401.35135135135135,6.269312871097793,4.5951764121199306,0.0
2456,147360.0,147420.0,155,388.987012987013,21.427789364106367,6.17818214692015,0.0
2457,147420.0,147480.0,149,400.1621621621622,7.9025132091723576,5.910903104450629,0.0
2458,147480.0,147540.0,149,404.72972972972974,15.537794428707377,5.2579709492732425,0.0
2459,147540.0,147600.0,152,393.29801324503313,5.610460114211378,3.6368484525295615,0.0
2460,147600.0,147660.0,152,395.7615894039735,35.39410659215674,10.338278386656068,1.3245033112582782
2461,147660.0,147720.0,154,389.4640522875817,15.585091621140803,5.477225575051661,0.0
2462,147720.0,147780.0,151,396.26666666666665,6.564769368988447,4.87150322017353,0.0
2463,147780.0,147840.0,140,431.0791366906475,80.27534723165226,13.64136930523249,2.158273381294964
2464,147840.0,147900.0,106,561.7142857142857,110.35029140508335,35.06038746549686,4.761904761904762
2465,147900.0,147960.0,143,419.77464788732397,133.4162363382713,129.29223592120118,6.338028169014084
2466,147960.0,148020.0,149,402.7837837837838,11.38715145410154,5.53037376798399,0.0
2467,148020.0,148080.0,149,403.8918918918919,123.62149468202041,102.55617342453351,8.783783783783784
2468,148080.0,148140.0,159,377.0126582278481,116.63820633192329,141.2634526596488,12.025316455696203
2469,148140.0,148200.0,173,346.5348837209302,16.79299329967735,4.453791341086998,0.0
2470,148200.0,148260.0,150,401.26174496644296,79.72938994661155,30.69113790568779,6.0402684563758395
2471,148260.0,148320.0,150,400.0268456375839,32.29424396639665,11.977456301713627,1.342281879194631
2472,148320.0,148380.0,153,392.7105263157895,13.895366600640314,4.193972338190839,0.0
2473,148380.0,148440.0,151,395.2,75.58700928833183,92.53245394755857,7.333333333333333
2474,148440.0,148500.0,162,372.24844720496895,4.328728242654852,3.687817782917155,0.0
2475,148500.0,148560.0,141,423.77142857142854,69.26005034277748,16.017975514038763,1.4285714285714286
2476,148560.0,148620.0,159,377.46835443037975,9.473846592032993,4.0,0.0
2477,148620.0,148680.0,154,390.16993464052285,18.421880172084702,6.867160602231617,0.0
2478,148680.0,148740.0,147,408.8493150684931,9.051075352955296,5.8108103773380275,0.0
2479,148740.0,148800.0,154,389.202614379085,38.816938699003046,10.047256760979717,0.6535947712418301
2480,148800.0,148860.0,156,384.98064516129034,29.60288485585242,27.09483105926055,1.935483870967742
2481,148860.0,148920.0,158,380.20382165605093,45.39918937115215,44.305466468307934,1.2738853503184715
2482,148920.0,148980.0,163,367.4567901234568,23.939908924683433,25.01577142276001,1.8518518518518516
2483,148980.0,149040.0,164,365.57055214723925,45.04798118620312,52.96073551389595,1.8404907975460123
2484,149040.0,149100.0,165,362.7317073170732,5.989866248981051,3.8371768763464758,0.0
2485,149100.0,149160.0,160,375.5974842767296,9.170066532657154,4.339981916779687,0.0
2486,149160.0,149220.0,159,377.11392405063293,8.099677341646451,4.07571649751953,0.0
2487,149220.0,149280.0,156,384.6967741935484,8.992330204881013,4.46632420991266,0.0
2488,149280.0,149340.0,158,380.5859872611465,7.971941649717674,4.025559365495459,0.0
2489,149340.0,149400.0,161,373.025,7.656090599675546,3.235028408690014,0.0
2490,149400.0,149460.0,163,366.44444444444446,40.675660004112856,7.305235083645782,0.6172839506172839
2491,149460.0,149520.0,147,410.0821917808219,63.55920474853673,15.591332693917277,2.73972602739726
2492,149520.0,149580.0,152,392.34437086092714,12.69070334673688,6.196773353931867,0.0
2493,149580.0,149640.0,155,389.16883116883116,6.269341518002425,4.253410780535294,0.0
2494,149640.0,149700.0,152,393.3245033112583,13.784798230357076,5.74108003776293,0.0
2495,149700.0,149760.0,154,390.562091503268,6.830494766466772,5.088687143272345,0.0
2496,149760.0,149820.0,162,369.39130434782606,18.645433057803817,11.131037687475503,1.8633540372670807
2497,149820.0,149880.0,168,358.65868263473055,14.067724512261725,4.047905899187221,0.0
2498,149880.0,149940.0,159,375.9493670886076,6.891144015249568,5.077739604434818,0.0
2499,149940.0,150000.0,157,383.0,6.974608325226771,4.2744552567474,0.0
2500,150000.0,150060.0,164,365.6687116564417,12.733282535638411,4.888888888888889,0.0
2501,150060.0,150120.0,164,366.4539877300613,13.57794255855081,5.726266100766723,0.0
2502,150120.0,150180.0,161,371.9,9.160483906912615,4.232251136869667,0.0
2503,150180.0,150240.0,166,361.55151515151516,130.12158507787294,172.8405440240703,6.666666666666667
2504,150240.0,150300.0,172,348.046783625731,79.47946925912208,88.54164855824497,6.432748538011696
2505,150300.0,150360.0,171,352.3058823529412,76.50471208435687,76.79558665820267,3.5294117647058822
2506,150360.0,150420.0,169,354.92857142857144,27.408546118723134,20.617996905790477,1.1904761904761905
2507,150420.0,150480.0,161,371.875,12.935617058310179,6.360253940581244,0.0
2508,150480.0,150540.0,153,391.6842105263158,12.619978407340591,7.0944433064064,0.0
2509,150540.0,150600.0,151,398.3466666666667,11.181832500805163,6.4381413800514045,0.0
2510,150600.0,150660.0,152,394.6225165562914,12.454044441789076,5.860602926889576,0.0
2511,150660.0,150720.0,149,402.86486486486484,14.732373833063171,8.391767913108835,0.6756756756756757
2512,150720.0,150780.0,149,403.5135135135135,8.62718885682032,5.480950312357394,0.0
2513,150780.0,150840.0,150,398.6845637583893,4.752079556621655,4.119826813468373,0.0
2514,150840.0,150900.0,148,404.8979591836735,11.175275237257452,6.324555320336759,0.0
2515,150900.0,150960.0,149,404.4594594594595,9.968916574282881,4.413954371907225,0.0
2516,150960.0,151020.0,146,408.9655172413793,28.355974726360447,10.143416036468626,0.6896551724137931
2517,151020.0,151080.0,156,385.52258064516127,34.530681911845086,45.055809548003616,1.2903225806451613
2518,151080.0,151140.0,157,382.6666666666667,8.82615857940572,5.008380074209817,0.0
2519,151140.0,151200.0,154,388.94117647058823,9.632889995190578,4.483889289210287,0.0
2520,151200.0,151260.0,161,372.65,58.240684735763246,80.55468083093362,2.5
2521,151260.0,151320.0,166,361.91515151515154,21.5795200054572,20.465318670684873,1.2121212121212122
2522,151320.0,151380.0,159,376.8354430379747,7.3083677366729205,4.581880680817475,0.0
2523,151380.0,151440.0,157,381.97435897435895,3.5631604636419167,3.6349557391812146,0.0
2524,151440.0,151500.0,164,365.6441717791411,11.553248157235068,3.6514837167011076,0.0
2525,151500.0,151560.0,160,376.32704402515725,13.485809163778308,5.305836289801752,0.0
2526,151560.0,151620.0,162,369.49068322981367,7.972701872971263,3.646916505762094,0.0
2527,151620.0,151680.0,164,365.32515337423314,6.029642246806959,4.309048762147848,0.0
2528,151680.0,151740.0,161,373.725,5.578428804289636,3.8460957905632926,0.0
2529,151740.0,151800.0,133,451.27272727272725,99.78642007908623,62.02781941741455,7.575757575757576
2530,151800.0,151860.0,156,384.6967741935484,32.17532615068923,37.072060400491125,3.870967741935484
2531,151860.0,151920.0,155,385.45454545454544,5.906782308754777,4.265686161846948,0.0
2532,151920.0,151980.0,157,382.94871794871796,6.131668058893107,3.663243759117004,0.0
2533,151980.0,152040.0,157,381.2307692307692,5.934965993158712,3.705270875127015,0.0
2534,152040.0,152100.0,140,429.2086330935252,96.3275266406116,16.41491015395207,2.158273381294964
2535,152100.0,152160.0,153,392.6578947368421,25.000955018356915,12.170967518284067,1.9736842105263157
2536,152160.0,152220.0,159,377.0379746835443,25.8409850919358,24.894170908526558,1.89873417721519
2537,152220.0,152280.0,169,356.04761904761904,9.171558173345474,4.34445065537704,0.0
2538,152280.0,152340.0,166,359.8787878787879,25.288286085773976,29.007988807122537,1.8181818181818181
2539,152340.0,152400.0,165,365.0731707317073,6.865545680580987,3.9877111844763213,0.0
2540,152400.0,152460.0,159,377.9746835443038,9.09395359221909,4.986606264606878,0.0
2541,152460.0,152520.0,159,376.9113924050633,7.633633044813713,4.4003474095622,0.0
2542,152520.0,152580.0,161,372.2,11.705398421295103,4.91436093467161,0.0
2543,152580.0,152640.0,162,368.8944099378882,3.6324965321250646,3.3466401061363023,0.0
2544,152640.0,152700.0,157,384.53846153846155,154.60590418202162,198.57219374583204,3.205128205128205
2545,152700.0,152760.0,163,366.0740740740741,10.419496510025295,4.134388431420462,0.0
2546,152760.0,152820.0,158,381.656050955414,8.688862142462627,4.540416788730371,0.0
2547,152820.0,152880.0,160,374.9937106918239,11.023276210913894,3.500452050373212,0.0
2548,152880.0,152940.0,156,383.56129032258065,12.587916217066777,5.46060269733862,0.0
2549,152940.0,153000.0,154,389.98692810457516,7.922309378969799,4.47213595499958,0.0
2550,153000.0,153060.0,157,381.53846153846155,4.5992771036251465,3.620728851951612,0.0
2551,153060.0,153120.0,143,420.98591549295776,49.65054989810584,13.180686494029842,0.7042253521126761
2552,153120.0,153180.0,155,385.24675324675326,9.095220096588182,4.445751441809691,0.0
2553,153180.0,153240.0,158,379.97452229299364,3.6932874741193675,3.170375695604868,0.0
2554,153240.0,153300.0,157,382.02564102564105,4.732793920731442,3.882134431203469,0.0
2555,153300.0,153360.0,157,384.02564102564105,6.88331195409614,4.2744552567474,0.0
2556,153360.0,153420.0,154,389.62091503267976,9.683821652053785,4.768316485434157,0.0
2557,153420.0,153480.0,151,396.85333333333335,10.50240411382186,5.066007257219569,0.0
2558,153480.0,153540.0,153,391.13157894736844,7.204380759383583,4.795141028524991,0.0
2559,153540.0,153600.0,154,391.37254901960785,7.56887876085979,4.255027985559524,0.0
2560,153600.0,153660.0,154,387.42483660130716,8.527581265685017,3.9068091705043444,0.0
2561,153660.0,153720.0,156,384.6967741935484,26.111244080830012,31.14607394324238,2.5806451612903225
2562,153720.0,153780.0,163,369.5061728395062,28.80308966207865,32.05120127398644,2.4691358024691357
2563,153780.0,153840.0,170,352.9230769230769,25.18124774698899,23.54529575904606,1.7751479289940828
2564,153840.0,153900.0,172,348.32748538011697,36.17064627394409,51.35344653076593,2.3391812865497075
2565,153900.0,153960.0,159,378.17721518987344,56.955622347896444,72.67272418703135,3.1645569620253164
2566,153960.0,154020.0,167,359.68674698795184,29.32117973187522,38.75892859012676,1.2048192771084338
2567,154020.0,154080.0,153,390.55263157894734,64.65156630849334,78.89367478150452,5.263157894736842
2568,154080.0,154140.0,149,402.4594594594595,121.37222100776968,167.59361278885018,6.756756756756757
2569,154140.0,154200.0,162,370.2360248447205,62.8280904062775,75.3080340999551,7.453416149068323
2570,154200.0,154260.0,167,360.72289156626505,8.963648138554259,3.9634695544548983,0.0
2571,154260.0,154320.0,165,363.1707317073171,31.541113447342497,8.676885590941154,0.0
2572,154320.0,154380.0,160,376.1006289308176,9.503626868336921,5.131190302848904,0.0
2573,154380.0,154440.0,158,377.859872611465,26.589099993140174,27.519689920733725,1.910828025477707
2574,154440.0,154500.0,156,382.5032258064516,9.820713726508425,5.3452248382484875,0.0
2575,154500.0,154560.0,154,391.47712418300654,11.357286652027376,5.191085476184401,0.0
2576,154560.0,154620.0,165,362.8780487804878,12.42636248115044,5.622042508127289,0.0
2577,154620.0,154680.0,156,384.36129032258066,44.430872014114755,62.074944231136456,2.5806451612903225
2578,154680.0,154740.0,158,379.8216560509554,16.94239984844327,7.531131967901553,0.0
2579,154740.0,154800.0,154,389.2287581699346,15.377913387655646,5.563035899673184,0.0
2580,154800.0,154860.0,154,389.3856209150327,9.260217815306943,6.2492104764479945,0.0
2581,154860.0,154920.0,152,394.94039735099335,6.226001165091946,4.320493798938574,0.0
2582,154920.0,154980.0,142,422.1276595744681,254.25231705823902,340.44894729501766,2.127659574468085
2583,154980.0,155040.0,164,365.76687116564415,17.470105171917744,4.949123878071131,0.0
2584,155040.0,155100.0,159,379.11392405063293,23.574242308657897,21.815672505769353,1.2658227848101267
2585,155100.0,155160.0,171,349.4823529411765,4.124143847909011,3.867632335377395,0.0
2586,155160.0,155220.0,172,349.14619883040933,9.043471818109447,3.7823117736301404,0.0
2587,155220.0,155280.0,150,401.1275167785235,53.037631794410984,19.027718046419913,2.684563758389262
2588,155280.0,155340.0,155,386.38961038961037,11.05678255054731,9.192210399362265,0.6493506493506493
2589,155340.0,155400.0,153,392.89473684210526,41.528918815008105,59.81516784759332,2.631578947368421
2590,155400.0,155460.0,163,367.0617283950617,33.160758698965104,42.53694046764325,3.0864197530864197
2591,155460.0,155520.0,156,385.34193548387094,6.32089783783365,4.443001208671875,0.0
2592,155520.0,155580.0,151,397.38666666666666,32.75284436988142,45.93312910082753,1.3333333333333335
2593,155580.0,155640.0,157,382.2307692307692,15.200953346098823,4.754624234669152,0.0
2594,155640.0,155700.0,152,394.17218543046357,6.192211871271819,4.220584477691844,0.0
2595,155700.0,155760.0,152,394.9668874172185,15.969728538099009,5.356615847093511,0.0
2596,155760.0,155820.0,150,399.83892617449663,27.013026665849914,6.600573275675952,0.0
2597,155820.0,155880.0,149,403.4054054054054,130.210809599546,183.16640514239808,5.405405405405405
2598,155880.0,155940.0,151,397.2266666666667,12.41732210032327,5.732282303121904,0.0
2599,155940.0,156000.0,152,394.3046357615894,9.470651774461599,4.478094832999111,0.0
2600,156000.0,156060.0,149,402.27027027027026,13.197915004676865,6.294366339755546,0.0
2601,156060.0,156120.0,151,396.61333333333334,60.39109524414565,66.04127243193858,6.666666666666667
2602,156120.0,156180.0,161,373.0,24.575899632918745,11.206467135559599,0.625
2603,156180.0,156240.0,153,391.8157894736842,25.15262577701509,24.831084983482974,1.9736842105263157
2604,156240.0,156300.0,158,380.4331210191083,31.76703538247897,41.687481980159866,3.1847133757961785
2605,156300.0,156360.0,165,363.8048780487805,16.200006835104404,5.47162227376383,0.0
2606,156360.0,156420.0,154,390.09150326797385,65.9267296119759,91.68653692135818,1.3071895424836601
2607,156420.0,156480.0,163,367.679012345679,93.18009372897981,117.81910547490519,9.876543209876543
2608,156480.0,156540.0,159,374.8101265822785,12.202198767474039,5.869059539024243,0.0
2609,156540.0,156600.0,155,387.27272727272725,9.117441969594571,4.88294350314459,0.0
2610,156600.0,156660.0,153,391.7368421052632,6.853951190029114,4.717166059101489,0.0
2611,156660.0,156720.0,154,390.9542483660131,8.988545246503174,4.400956833761446,0.0
2612,156720.0,156780.0,161,372.025,33.159790381020315,31.282844375172438,3.75
2613,156780.0,156840.0,146,410.951724137931,103.14716637423678,105.66614090300324,4.827586206896552
2614,156840.0,156900.0,150,400.10738255033556,14.0419934576551,5.7138996008548,0.0
2615,156900.0,156960.0,162,370.1366459627329,35.777174443772445,42.827561219383014,3.1055900621118013
2616,156960.0,157020.0,165,363.5121951219512,14.667056615187139,4.689107597544515,0.0
2617,157020.0,157080.0,156,386.5806451612903,61.970654027693016,70.95416482838415,9.032258064516128
2618,157080.0,157140.0,155,387.06493506493507,101.39398825333446,126.9511768641376,12.337662337662337
2619,157140.0,157200.0,155,386.85714285714283,8.24100109045755,5.936482971032552,0.0
2620,157200.0,157260.0,154,388.15686274509807,6.647236908214713,4.4248104330492,0.0
2621,157260.0,157320.0,157,383.1025641025641,2.3422610724144786,3.0310223975077366,0.0
2622,157320.0,157380.0,155,386.75324675324674,91.13548857043229,128.7664958656418,4.545454545454546
2623,157380.0,157440.0,157,381.8205128205128,14.94138533953096,5.702291559737898,0.0
2624,157440.0,157500.0,157,382.97435897435895,7.2396299299010405,4.089325206578867,0.0
2625,157500.0,157560.0,154,388.33986928104576,7.224923418545886,3.75569742629711,0.0
2626,157560.0,157620.0,152,394.6225165562914,6.835926391113648,4.974602161647368,0.0
2627,157620.0,157680.0,151,399.5733333333333,30.198081335261957,43.79451714020403,1.3333333333333335
2628,157680.0,157740.0,155,386.2857142857143,10.04936461797577,4.422166387140534,0.0
2629,157740.0,157800.0,150,400.751677852349,12.305736983469558,5.240177426333908,0.0
2630,157800.0,157860.0,150,397.93288590604027,7.390337399980007,5.38265482573172,0.0
2631,157860.0,157920.0,152,396.34437086092714,4.30665586832892,2.8284271247461903,0.0
2632,157920.0,157980.0,166,360.6787878787879,8.341775472523732,2.9959322015188463,0.0
2633,157980.0,158040.0,156,384.49032258064517,19.38983792687115,5.545560995358969,0.0
2634,158040.0,158100.0,154,389.77777777777777,3.9970749539049804,3.75569742629711,0.0
2635,158100.0,158160.0,154,390.8496732026144,7.809214565456821,4.205259864302775,0.0
2636,158160.0,158220.0,158,379.92356687898086,10.32270425292011,4.212314060417355,0.0
2637,158220.0,158280.0,165,363.1707317073171,29.069751055954796,32.85812596174334,1.8292682926829267
2638,158280.0,158340.0,152,394.70198675496687,43.124748455612156,45.23833182895526,1.9867549668874174
2639,158340.0,158400.0,153,393.13157894736844,5.435575979796128,4.130327184256306,0.0
2640,158400.0,158460.0,165,362.4634146341463,12.527461977837527,3.5722172661134453,0.0
2641,158460.0,158520.0,158,380.2547770700637,30.276271587896787,42.717917936394244,1.2738853503184715
2642,158520.0,158580.0,156,383.3032258064516,9.410117650801562,3.603749850782236,0.0
2643,158580.0,158640.0,152,394.86092715231786,10.017344781327592,5.00666222813829,0.0
2644,158640.0,158700.0,153,393.3421052631579,5.020626676746329,4.193972338190839,0.0
2645,158700.0,158760.0,154,389.5947712418301,16.165850095875733,12.777447237016354,1.9607843137254901
2646,158760.0,158820.0,150,398.30872483221475,5.325739802510197,4.040337154783536,0.0
2647,158820.0,158880.0,152,396.7417218543046,13.951565539947568,9.13892772703669,0.6622516556291391
2648,158880.0,158940.0,144,416.9230769230769,56.43830944991588,40.50804128133949,4.895104895104895
2649,158940.0,159000.0,149,401.8378378378378,47.08510951617715,46.680270126120945,1.3513513513513513
2650,159000.0,159060.0,162,369.5900621118012,11.81760976767798,4.147288270665544,0.0
2651,159060.0,159120.0,154,390.8235294117647,29.869478711787586,29.896312041524627,0.6535947712418301
2652,159120.0,159180.0,154,390.01307189542484,8.067141710035658,4.26737932644726,0.0
2653,159180.0,159240.0,155,387.16883116883116,8.02186977601456,3.9869066751808107,0.0
2654,159240.0,159300.0,148,405.08843537414964,9.904285201032813,4.4042320867516285,0.0
2655,159300.0,159360.0,152,393.1920529801325,12.739814353324558,5.465040408511785,0.0
2656,159360.0,159420.0,149,403.4054054054054,10.32125990162913,4.948716593053935,0.0
2657,159420.0,159480.0,147,407.8082191780822,6.909578627297186,4.578811771778712,0.0
2658,159480.0,159540.0,153,393.63157894736844,16.91023602019282,12.745080858618168,1.9736842105263157
2659,159540.0,159600.0,154,389.62091503267976,14.381551841429808,4.192725529821986,0.0
2660,159600.0,159660.0,157,381.4871794871795,16.91706036367494,6.104466899658991,0.0
2661,159660.0,159720.0,146,411.6137931034483,47.533202753282616,31.22321073959065,2.0689655172413794
2662,159720.0,159780.0,148,403.97278911564626,101.79915396331644,126.27779769928213,12.244897959183673
2663,159780.0,159840.0,157,381.87179487179486,16.137601032378747,7.500537615139933,0.0
2664,159840.0,159900.0,151,397.25333333333333,80.54997087278346,102.0340777394211,6.666666666666667
2665,159900.0,159960.0,158,380.3312101910828,67.7021558319621,68.73882193510185,7.006369426751593
2666,159960.0,160020.0,168,356.79041916167665,55.35469770721343,78.09725169870939,1.1976047904191618
2667,160020.0,160080.0,165,364.0487804878049,40.84503181869905,57.140017457925445,2.4390243902439024
2668,160080.0,160140.0,163,367.5061728395062,40.22734259299469,55.096527378706426,2.4691358024691357
2669,160140.0,160200.0,166,362.8363636363636,12.153635865246708,6.58157072215529,0.0
2670,160200.0,160260.0,164,365.81595092024537,18.77325365086062,10.484556544075955,0.6134969325153374
2671,160260.0,160320.0,148,406.01360544217687,18.487310121861647,9.542981355461453,0.0
2672,160320.0,160380.0,146,409.048275862069,10.78085432251877,7.195677714974301,0.0
2673,160380.0,160440.0,153,391.0,33.32123400718511,13.385768859016649,0.6578947368421052
2674,160440.0,160500.0,125,480.96774193548384,112.86584132477428,65.03632505942946,6.451612903225806
2675,160500.0,160560.0,131,459.26153846153846,116.40164053867714,107.63302568010556,16.153846153846153
2676,160560.0,160620.0,141,423.7142857142857,86.62582113882289,95.0607530087466,5.714285714285714
2677,160620.0,160680.0,150,399.7852348993289,17.790281190669756,4.374372541877879,0.0
2678,160680.0,160740.0,163,370.0246913580247,29.492593157374014,40.750719233069034,1.8518518518518516
2679,160740.0,160800.0,142,421.27659574468083,58.44718084157924,15.856499343441838,2.127659574468085
2680,160800.0,160860.0,132,456.36641221374043,57.27869869961328,22.897766098632683,5.343511450381679
2681,160860.0,160920.0,147,407.64383561643837,17.304868649593626,23.342723890340853,2.054794520547945
2682,160920.0,160980.0,155,386.23376623376623,22.254555884541904,6.475696141950749,0.0
2683,160980.0,161040.0,151,397.8666666666667,23.832375100024702,9.360777802823092,0.0
2684,161040.0,161100.0,151,397.12,6.749516512637213,4.371966829669633,0.0
2685,161100.0,161160.0,157,382.7692307692308,12.564078931798642,4.440284791796362,0.0
2686,161160.0,161220.0,167,358.8192771084337,21.557615305410728,21.138504290426123,1.2048192771084338
2687,161220.0,161280.0,159,376.0506329113924,10.383596488211236,4.125422194182648,0.0
2688,161280.0,161340.0,155,387.24675324675326,8.638197349099107,4.550371671956168,0.0
2689,161340.0,161400.0,154,390.7450980392157,7.100342293235908,3.75569742629711,0.0
2690,161400.0,161460.0,152,393.13907284768214,5.109520179820331,3.919183588453085,0.0
2691,161460.0,161520.0,155,388.38961038961037,4.7476333124446155,3.0678599553894816,0.0
2692,161520.0,161580.0,162,371.00621118012424,19.33924019138612,4.571651780264984,0.0
2693,161580.0,161640.0,160,374.44025157232704,11.83782352289033,4.363252764113524,0.0
2694,161640.0,161700.0,156,383.53548387096777,6.232797020032017,3.9345291307244734,0.0
2695,161700.0,161760.0,158,380.22929936305735,4.181572228341025,4.0,0.0
2696,161760.0,161820.0,168,358.2754491017964,6.169947248079233,3.181270489554581,0.0
2697,161820.0,161880.0,161,372.6,15.095169788491821,5.065607304015044,0.0
2698,161880.0,161940.0,154,389.8562091503268,9.883810726753326,5.22141340009933,0.0
2699,161940.0,162000.0,157,381.46153846153845,6.063518211544926,4.666973876216828,0.0
2700,162000.0,162060.0,155,386.7012987012987,6.873392736786975,4.338609156373123,0.0
2701,162060.0,162120.0,161,373.55,12.767785720368975,3.602933815027928,0.0
2702,162120.0,162180.0,175,342.82758620689657,4.170379715600751,3.232780080986506,0.0
2703,162180.0,162240.0,165,362.6585365853659,10.067526014561276,3.849946219049112,0.0
2704,162240.0,162300.0,159,377.7721518987342,4.7241064051414305,4.025397080543851,0.0
2705,162300.0,162360.0,159,376.0506329113924,5.45484938036577,3.8573282063780554,0.0
2706,162360.0,162420.0,163,369.60493827160496,15.689280284151828,3.481985583325191,0.0
2707,162420.0,162480.0,176,340.16,27.714007413157553,37.44359743007804,1.1428571428571428
2708,162480.0,162540.0,162,370.7826086956522,20.02020718304818,9.055385138137417,0.0
2709,162540.0,162600.0,157,381.7435897435897,29.785225130303477,42.08133445694681,1.282051282051282
2710,162600.0,162660.0,157,382.7692307692308,7.692347394438487,4.11449052229611,0.0
2711,162660.0,162720.0,153,392.3157894736842,8.752990824811038,5.063830971306237,0.0
2712,162720.0,162780.0,154,389.0980392156863,5.71673985336779,3.6992175559590694,0.0
2713,162780.0,162840.0,155,387.16883116883116,7.065339493210235,4.362645956132825,0.0
2714,162840.0,162900.0,153,390.94736842105266,4.688706275601375,3.3355401083736855,0.0
2715,162900.0,162960.0,163,370.0246913580247,13.174391976156455,3.1681646233656076,0.0
2716,162960.0,163020.0,170,352.07100591715977,27.831032261132588,37.893334003552155,1.183431952662722
2717,163020.0,163080.0,164,366.50306748466255,5.24154137296974,3.61068373539376,0.0
2718,163080.0,163140.0,159,375.56962025316454,8.899557770883574,4.945563539791461,0.0
2719,163140.0,163200.0,158,380.6624203821656,8.225627666898966,4.437601569801833,0.0
2720,163200.0,163260.0,158,380.12738853503186,4.802144439045691,3.73479824739141,0.0
2721,163260.0,163320.0,169,355.7142857142857,9.072656066968223,3.3907235198440984,0.0
2722,163320.0,163380.0,163,366.2962962962963,10.434587069711474,5.639259014801931,0.0
2723,163380.0,163440.0,161,374.25,7.448776861308153,4.831760750459974,0.0
2724,163440.0,163500.0,158,378.11464968152865,4.473523467719139,3.802832952094854,0.0
2725,163500.0,163560.0,161,372.6,4.445618293621103,3.342126766110872,0.0
2726,163560.0,163620.0,171,352.61176470588236,4.961613875746619,3.4675162060260445,0.0
2727,163620.0,163680.0,168,355.7365269461078,12.419477315124661,4.071647486339166,0.0
2728,163680.0,163740.0,160,375.29559748427675,5.219914955318059,4.124640375577985,0.0
2729,163740.0,163800.0,159,376.8607594936709,7.3123822692295315,4.469286553018684,0.0
2730,163800.0,163860.0,163,369.38271604938274,2.53457042428129,2.990668717675361,0.0
2731,163860.0,163920.0,162,368.7453416149068,4.9639695596185796,3.2093613071762426,0.0
2732,163920.0,163980.0,161,374.775,30.996845041321915,42.998317942821316,1.25
2733,163980.0,164040.0,163,367.65432098765433,22.77797808324793,7.223151185146152,0.6172839506172839
2734,164040.0,164100.0,164,365.52147239263803,6.443809761191795,3.1894889098682944,0.0
2735,164100.0,164160.0,164,365.4723926380368,83.41590819083419,114.81514934240393,1.2269938650306749
