window_idx,start_sec,end_sec,n_beats,HRV_MeanNN,HRV_SDNN,HRV_RMSSD,HRV_pNN50
0,0.0,60.0,111,540.290909090909,47.405211159085994,46.832514385517726,3.6363636363636362
1,60.0,120.0,116,516.6782608695652,30.05829068749847,14.580688983311802,0.0
2,120.0,180.0,115,521.5087719298245,24.71724904289328,15.512484267247233,1.7543859649122806
3,180.0,240.0,117,513.8448275862069,49.11541039460919,63.58752954033895,4.310344827586207
4,240.0,300.0,118,509.0769230769231,25.650890233309116,10.218306763033114,0.0
5,300.0,360.0,114,526.1592920353983,21.827475465765545,13.248989179771952,0.8849557522123894
6,360.0,420.0,119,502.3728813559322,19.093918399112248,12.13457305585422,0.847457627118644
7,420.0,480.0,116,517.704347826087,24.99577996419209,9.817635403307698,0.0
8,480.0,540.0,119,504.50847457627117,27.055102292291497,10.135829652033559,0.0
9,540.0,600.0,119,505.2881355932203,19.20741563297095,8.674552625228765,0.0
10,600.0,660.0,121,494.5833333333333,14.02134227581961,6.1384584603064285,0.0
11,660.0,720.0,121,496.1166666666667,21.225156840720054,7.514691493021794,0.0
12,720.0,780.0,117,513.8448275862069,26.30543122900531,8.767529025751287,0.0
13,780.0,840.0,118,507.43589743589746,14.15881875514741,7.687876707899397,0.0
14,840.0,900.0,114,525.6460176991151,23.904915944656917,11.220198623146434,0.0
15,900.0,960.0,121,495.8833333333333,32.2274436350341,8.037726172046838,0.0
16,960.0,1020.0,118,508.4957264957265,14.26330227978607,7.11724472066214,0.0
17,1020.0,1080.0,117,512.1379310344828,23.548985596808212,7.969507103846565,0.0
18,1080.0,1140.0,115,523.8070175438596,15.067915390394216,7.216009732544503,0.0
19,1140.0,1200.0,116,515.4608695652174,21.01348228718207,9.602631218358304,0.0
20,1200.0,1260.0,116,518.0869565217391,8.646635302792443,7.118052168020874,0.0
21,1260.0,1320.0,121,496.53333333333336,20.1985661082447,9.278148178028058,0.0
22,1320.0,1380.0,117,511.48275862068965,15.592909625362022,6.938236839052311,0.0
23,1380.0,1440.0,116,514.8173913043478,10.279926452648072,6.646460606705739,0.0
24,1440.0,1500.0,117,513.0,22.177936548859034,8.773477819170585,0.0
25,1500.0,1560.0,118,509.28205128205127,10.317248826221801,6.943118647389236,0.0
26,1560.0,1620.0,117,513.8103448275862,17.230869060372786,7.34491838531624,0.0
27,1620.0,1680.0,115,522.3684210526316,10.331036800760508,8.222567693186026,0.0
28,1680.0,1740.0,114,523.3451327433628,8.65382854115575,9.3865405159272,0.0
29,1740.0,1800.0,118,511.55555555555554,11.700607444034132,8.075078733469052,0.0
30,1800.0,1860.0,120,499.14285714285717,19.62283593348931,20.083723066289025,3.361344537815126
31,1860.0,1920.0,116,515.4608695652174,10.039646806992433,5.767422118653779,0.0
32,1920.0,1980.0,122,494.21487603305786,16.457625695286993,20.043286490327212,5.785123966942149
33,1980.0,2040.0,119,501.64406779661016,5.201126478459929,4.574174999174925,0.0
34,2040.0,2100.0,119,506.864406779661,6.201619934825257,5.1805025661229855,0.0
35,2100.0,2160.0,118,506.4273504273504,12.213133292312715,6.299972632671811,0.0
36,2160.0,2220.0,119,504.66101694915255,6.06548359693335,4.760952285695233,0.0
37,2220.0,2280.0,116,515.704347826087,9.007768492323116,6.688560540599386,0.0
38,2280.0,2340.0,115,522.6491228070175,133.46001240344668,190.57955391825593,1.7543859649122806
39,2340.0,2400.0,120,501.109243697479,19.10133100161684,7.530728013066177,0.0
40,2400.0,2460.0,123,486.44262295081967,12.93470517723339,6.870706773705885,0.0
41,2460.0,2520.0,125,481.48387096774195,8.545891297256016,4.908926662276567,0.0
42,2520.0,2580.0,124,484.7967479674797,18.40837271621014,13.047203079461946,1.6260162601626018
43,2580.0,2640.0,120,499.69747899159665,7.20470023353251,4.815230075288833,0.0
44,2640.0,2700.0,120,500.672268907563,22.64879584620357,6.663841209168849,0.0
45,2700.0,2760.0,127,472.23809523809524,17.56288293939401,6.178672996687881,0.0
46,2760.0,2820.0,129,465.5625,15.18378227236179,7.485418896961754,0.0
47,2820.0,2880.0,132,453.8167938931298,44.36384555827787,53.91474751865208,5.343511450381679
48,2880.0,2940.0,129,464.84375,9.18612227872485,4.997637237010696,0.0
49,2940.0,3000.0,126,476.064,16.96283603798648,6.8131750923273415,0.0
50,3000.0,3060.0,127,471.6507936507937,19.054581584623666,6.587260432076449,0.0
51,3060.0,3120.0,129,465.3125,16.641542743444486,13.009990104519105,1.5625
52,3120.0,3180.0,131,457.0923076923077,27.39785714300705,11.664562379441243,1.5384615384615385
53,3180.0,3240.0,131,457.75384615384615,11.893625117085215,4.958744527279229,0.0
54,3240.0,3300.0,128,470.5196850393701,16.848932137845615,6.563487265117917,0.0
55,3300.0,3360.0,126,475.968,15.89478307597364,7.577555993769342,0.0
56,3360.0,3420.0,126,477.696,13.900698520392373,5.529976958477343,0.0
57,3420.0,3480.0,122,489.900826446281,10.204088199244527,5.224940191045253,0.0
58,3480.0,3540.0,125,480.0806451612903,15.732311928155159,5.843487097907776,0.0
59,3540.0,3600.0,124,483.219512195122,10.674419080723581,5.671325632180673,0.0
60,3600.0,3660.0,135,443.8059701492537,40.4841893601623,56.971170654237795,9.701492537313433
61,3660.0,3720.0,127,475.5238095238095,92.5038130488221,103.54654991838213,3.1746031746031744
62,3720.0,3780.0,127,472.04761904761904,12.20220120657393,5.802068596629999,0.0
63,3780.0,3840.0,122,487.20661157024796,127.37097506597097,147.13134721511025,25.6198347107438
64,3840.0,3900.0,132,456.80916030534354,165.7879607071736,189.3759793069373,25.954198473282442
65,3900.0,3960.0,133,451.1666666666667,44.080455011205494,54.49252347344374,3.787878787878788
66,3960.0,4020.0,127,469.8253968253968,21.014311072249548,7.532330316708103,0.0
67,4020.0,4080.0,122,494.31404958677683,19.50727772646713,6.306081720582652,0.0
68,4080.0,4140.0,116,517.1652173913044,26.97234790461176,14.264420219922236,0.8695652173913043
69,4140.0,4200.0,118,508.34188034188037,24.5206325483615,10.260402627039815,0.0
70,4200.0,4260.0,118,507.86324786324786,14.651648126020628,6.504640253510274,0.0
71,4260.0,4320.0,121,495.31666666666666,23.619527362526366,7.367883976130073,0.0
72,4320.0,4380.0,120,499.96638655462186,17.361526124587463,9.155900200121028,0.0
73,4380.0,4440.0,119,503.45762711864404,31.04852669138948,8.704061337139333,0.0
74,4440.0,4500.0,118,510.017094017094,30.923148038094574,13.623002859008425,0.8547008547008548
75,4500.0,4560.0,123,488.5081967213115,36.27859280477766,19.732089902005477,2.459016393442623
76,4560.0,4620.0,122,492.8264462809917,21.27074582846529,20.642189806316576,4.958677685950414
77,4620.0,4680.0,119,501.6949152542373,27.813330283260722,8.795880931863582,0.0
78,4680.0,4740.0,121,496.76666666666665,23.233102048851013,7.96631563986449,0.0
79,4740.0,4800.0,120,501.88235294117646,17.90614725927906,7.824342718915809,0.0
80,4800.0,4860.0,126,476.512,61.30405659366034,80.96773550957435,14.399999999999999
81,4860.0,4920.0,123,485.6393442622951,109.84888685538924,128.92114317296753,18.0327868852459
82,4920.0,4980.0,120,498.70588235294116,26.909248911277565,11.57876490003012,0.8403361344537815
83,4980.0,5040.0,119,506.2542372881356,34.0141213612435,34.86383770452099,3.389830508474576
84,5040.0,5100.0,129,465.84375,69.10250716191847,99.28040302696625,10.9375
85,5100.0,5160.0,115,520.0877192982456,158.44764420477952,209.33100350055332,21.052631578947366
86,5160.0,5220.0,118,507.70940170940173,45.63820613391505,62.307081570180316,3.418803418803419
87,5220.0,5280.0,121,498.0,22.97093523447007,16.288367762601258,2.5
88,5280.0,5340.0,126,475.744,105.39632606683732,139.99850229613634,24.8
89,5340.0,5400.0,126,475.216,78.63713971105183,117.11849527501569,11.200000000000001
90,5400.0,5460.0,124,484.3089430894309,17.70622289483708,13.723260139356793,0.8130081300813009
91,5460.0,5520.0,122,489.900826446281,17.951511059275617,11.351945501396079,1.6528925619834711
92,5520.0,5580.0,120,499.4957983193277,17.35417399583236,8.28517156108491,0.0
93,5580.0,5640.0,119,504.271186440678,15.49174636436881,16.071421788087022,2.5423728813559325
94,5640.0,5700.0,119,505.4406779661017,13.255892012260322,7.732714387255732,0.0
95,5700.0,5760.0,117,512.2586206896551,18.134819110427216,10.967144608765091,0.0
96,5760.0,5820.0,119,506.08474576271186,13.264937570084141,8.70013262498381,0.0
97,5820.0,5880.0,120,498.6218487394958,17.777814967756125,8.098964152222372,0.0
98,5880.0,5940.0,118,508.2393162393162,14.005325078802121,7.993531867962868,0.0
99,5940.0,6000.0,118,508.1880341880342,20.397739742910503,13.349415588396525,1.7094017094017095
100,6000.0,6060.0,118,507.7264957264957,17.09588775499673,7.770412495152853,0.0
101,6060.0,6120.0,122,493.22314049586777,80.54413775515734,89.52355369770945,8.264462809917356
102,6120.0,6180.0,126,474.688,44.44431383493354,36.735321843802346,2.4
103,6180.0,6240.0,129,463.8125,108.52292112475051,145.10045393548384,23.4375
104,6240.0,6300.0,111,541.709090909091,201.46305898794608,269.6213450837501,58.18181818181818
105,6300.0,6360.0,124,485.349593495935,145.6038857198483,165.6381598545456,31.70731707317073
106,6360.0,6420.0,114,524.637168141593,284.43079317506164,309.09158374639895,41.5929203539823
107,6420.0,6480.0,138,435.2554744525547,17.3357965243462,20.05213792327685,4.37956204379562
108,6480.0,6540.0,132,456.9770992366412,13.143858260890676,5.477225575051661,0.0
109,6540.0,6600.0,129,461.640625,10.494643834480446,5.14054441186862,0.0
110,6600.0,6660.0,128,469.00787401574803,15.374425302456915,15.619483153044916,2.3622047244094486
111,6660.0,6720.0,128,471.6062992125984,16.314448499605167,18.675168132092004,4.724409448818897
112,6720.0,6780.0,126,474.96,15.329920143722315,14.851957620505464,2.4
113,6780.0,6840.0,126,474.016,15.154039171976772,6.669623000420784,0.0
114,6840.0,6900.0,129,465.4375,21.511304480957005,26.17145165805221,7.8125
115,6900.0,6960.0,122,494.297520661157,25.490731854309708,9.17423929634859,0.0
116,6960.0,7020.0,122,490.59504132231405,18.492601454093606,19.03943276465977,2.479338842975207
117,7020.0,7080.0,124,483.2520325203252,142.03679928945309,134.318193291826,16.260162601626014
118,7080.0,7140.0,131,461.0615384615385,78.91834204285517,100.28764830775908,22.30769230769231
119,7140.0,7200.0,127,471.9047619047619,189.1454225117353,246.51666069456644,26.190476190476193
120,7200.0,7260.0,125,477.5967741935484,26.90782802497756,38.63567583405875,8.870967741935484
121,7260.0,7320.0,130,464.04651162790697,98.28799046560796,142.41433828796875,26.356589147286826
122,7320.0,7380.0,124,481.5121951219512,45.40263693029195,63.935931045762715,16.260162601626014
123,7380.0,7440.0,125,482.7096774193548,20.25880284167904,25.030063224863223,8.064516129032258
124,7440.0,7500.0,125,480.30645161290323,17.400204381266178,20.51689765610031,4.838709677419355
125,7500.0,7560.0,120,498.0840336134454,34.53163124547458,26.266560555006635,4.201680672268908
126,7560.0,7620.0,120,499.66386554621846,17.36608681803703,12.954941469361268,0.8403361344537815
127,7620.0,7680.0,121,497.1666666666667,26.68910120722127,32.12527997458354,3.3333333333333335
128,7680.0,7740.0,125,481.80645161290323,15.538924332797425,6.956309646819858,0.0
129,7740.0,7800.0,123,486.60655737704917,22.37307907707928,16.766751830397823,3.278688524590164
130,7800.0,7860.0,124,482.0,15.826932844954152,6.22791178854531,0.0
131,7860.0,7920.0,122,494.57851239669424,22.295646834496527,9.395034149308168,0.0
132,7920.0,7980.0,125,476.93548387096774,15.632851554705079,7.993900113485923,0.0
133,7980.0,8040.0,124,484.7642276422764,9.354652827418276,5.920234820331779,0.0
134,8040.0,8100.0,124,485.2032520325203,11.764742651901363,6.596074341705942,0.0
135,8100.0,8160.0,115,521.9298245614035,83.48172597431348,29.59071846828033,7.894736842105263
136,8160.0,8220.0,117,513.6379310344828,20.775569495348908,10.57314070405885,0.0
137,8220.0,8280.0,124,481.7560975609756,19.703682548133404,14.178025019114015,3.2520325203252036
138,8280.0,8340.0,122,492.0,13.125039682479695,7.525512164187454,0.0
139,8340.0,8400.0,124,484.6178861788618,16.077945552838937,6.750834799623176,0.0
140,8400.0,8460.0,122,492.6115702479339,12.071572599035061,7.503332592921628,0.0
141,8460.0,8520.0,119,502.93220338983053,11.904699074770564,6.421119001448987,0.0
142,8520.0,8580.0,120,499.34453781512605,15.180516602489952,7.334617247647727,0.0
143,8580.0,8640.0,120,498.3193277310924,9.190943196014217,7.1993408361166145,0.0
144,8640.0,8700.0,128,469.1496062992126,24.90301146452974,6.200358412579424,0.0
145,8700.0,8760.0,122,491.91735537190084,27.665136537062768,10.306955580254208,0.0
146,8760.0,8820.0,124,485.1707317073171,26.58968964395514,6.704537245189346,0.0
147,8820.0,8880.0,119,503.3220338983051,25.953568453798805,9.5254943564648,0.0
148,8880.0,8940.0,124,483.7235772357724,21.30854550851976,6.15643073089126,0.0
149,8940.0,9000.0,122,491.27272727272725,8.115828156551041,6.137317546507322,0.0
150,9000.0,9060.0,121,495.51666666666665,16.891140999284303,21.798928352350817,2.5
151,9060.0,9120.0,121,498.8333333333333,10.173563808234757,6.688758913155663,0.0
152,9120.0,9180.0,122,489.3223140495868,14.522519797446227,5.904800307094785,0.0
153,9180.0,9240.0,121,497.6666666666667,30.70962768405044,30.69338745745483,4.166666666666666
154,9240.0,9300.0,131,458.5692307692308,30.344006588415535,18.898340848384162,3.8461538461538463
155,9300.0,9360.0,126,476.016,40.98661937439993,44.67264444030958,8.0
156,9360.0,9420.0,125,479.93548387096774,59.4844711491499,77.76052460594559,19.35483870967742
157,9420.0,9480.0,122,490.87603305785126,62.90728233518675,35.656696425776744,8.264462809917356
158,9480.0,9540.0,130,461.5348837209302,82.47329553706572,115.93694406874799,10.077519379844961
159,9540.0,9600.0,124,483.0731707317073,41.19548971247871,54.051584347656295,1.6260162601626018
160,9600.0,9660.0,128,472.01574803149606,19.682392522965074,19.914101249401856,2.3622047244094486
161,9660.0,9720.0,121,493.3,16.245283737056702,7.266823424927541,0.0
162,9720.0,9780.0,129,466.671875,42.1622492965927,46.62904370170413,8.59375
163,9780.0,9840.0,132,454.8854961832061,30.941294593117178,47.954144763513405,12.977099236641221
164,9840.0,9900.0,128,466.31496062992125,27.509796462121027,28.907076082147213,8.661417322834646
165,9900.0,9960.0,124,485.3333333333333,18.010318839472376,6.741114370103779,0.0
166,9960.0,10020.0,111,539.1454545454545,248.99953341261454,302.0179835462138,40.0
167,10020.0,10080.0,122,489.68595041322317,147.47384135600973,200.26832001092933,32.231404958677686
168,10080.0,10140.0,125,480.5483870967742,16.917472969871596,6.474465166096105,0.0
169,10140.0,10200.0,124,482.8455284552846,17.669104516968613,6.618404542525683,0.0
170,10200.0,10260.0,122,494.9586776859504,18.219219107952494,7.339391437078872,0.0
171,10260.0,10320.0,119,502.6949152542373,15.65084223974127,9.757749495333195,0.0
172,10320.0,10380.0,123,486.6885245901639,18.505787331192487,6.510005014533875,0.0
173,10380.0,10440.0,121,496.4,10.514815478067845,5.506298914070361,0.0
174,10440.0,10500.0,122,491.1735537190083,11.803020578048663,5.192943930629972,0.0
175,10500.0,10560.0,121,496.6333333333333,11.319599521773432,6.628180226068366,0.0
176,10560.0,10620.0,121,497.1333333333333,17.689636776930154,6.74131872494251,0.0
177,10620.0,10680.0,118,508.5128205128205,17.441832089298984,7.763753091705423,0.0
178,10680.0,10740.0,114,524.9203539823009,17.68380089684602,9.505637425083226,0.0
179,10740.0,10800.0,114,526.6902654867257,27.295695515573282,9.750457864707101,0.0
180,10800.0,10860.0,115,518.9298245614035,15.770881254519994,8.083633634904716,0.0
181,10860.0,10920.0,120,503.5966386554622,18.184701769237794,8.866237617587599,0.0
182,10920.0,10980.0,118,506.1880341880342,18.728519476774576,7.687876707899397,0.0
183,10980.0,11040.0,118,508.5128205128205,19.513309067639728,7.487921308162992,0.0
184,11040.0,11100.0,120,499.3613445378151,27.64292016891547,25.499750746538545,2.5210084033613445
185,11100.0,11160.0,120,502.4033613445378,21.146109682570614,8.77399856664324,0.0
186,11160.0,11220.0,122,489.9669421487603,21.52825038730022,7.852812659593164,0.0
187,11220.0,11280.0,121,494.56666666666666,18.216592922472664,8.463465726334594,0.0
188,11280.0,11340.0,123,489.62295081967216,17.902088095047755,12.542819222550676,1.639344262295082
189,11340.0,11400.0,121,494.0833333333333,15.225798171918239,6.058537971568815,0.0
190,11400.0,11460.0,122,491.91735537190084,25.545249648698388,27.224376332005598,2.479338842975207
191,11460.0,11520.0,123,490.8196721311475,10.884074645248862,6.293115745409739,0.0
192,11520.0,11580.0,122,491.8181818181818,15.599145275730121,6.26631204670392,0.0
193,11580.0,11640.0,122,490.08264462809916,15.371828549253937,9.259229629582222,0.8264462809917356
194,11640.0,11700.0,122,490.495867768595,19.57086438516115,7.014271166700073,0.0
195,11700.0,11760.0,121,487.98333333333335,255.58034087984484,332.68235032608413,8.333333333333332
196,11760.0,11820.0,112,532.1261261261261,282.24609239962325,359.4941901161585,36.03603603603604
197,11820.0,11880.0,121,495.3833333333333,23.612837746500887,14.095711249534451,0.0
198,11880.0,11940.0,122,493.3223140495868,18.30583462361707,10.855106325289187,0.0
199,11940.0,12000.0,125,480.80645161290323,48.10754845344846,64.2786110412972,11.29032258064516
200,12000.0,12060.0,126,475.568,142.46008699666297,140.24379694177267,23.200000000000003
201,12060.0,12120.0,116,510.3478260869565,105.60577498482235,132.44369873019,15.65217391304348
202,12120.0,12180.0,119,506.4237288135593,65.73599188201356,66.028483882039,11.864406779661017
203,12180.0,12240.0,122,492.6776859504132,87.3184034512039,105.38658991225276,12.396694214876034
204,12240.0,12300.0,118,506.8888888888889,72.06770975459142,103.19382499569137,5.128205128205128
205,12300.0,12360.0,119,503.6101694915254,12.11979654726495,6.8712207950025315,0.0
206,12360.0,12420.0,120,500.52100840336135,8.090430358224754,6.747253050598707,0.0
207,12420.0,12480.0,120,502.6890756302521,16.015748551993205,7.1402416518950975,0.0
208,12480.0,12540.0,119,499.79661016949154,12.08344160661227,7.844645405527362,0.0
209,12540.0,12600.0,119,504.9830508474576,14.090660694868262,7.501566787911994,0.0
210,12600.0,12660.0,118,509.8119658119658,7.066106111928124,7.852080769693668,0.0
211,12660.0,12720.0,116,505.09565217391304,7.787725286700453,7.3841936451770875,0.0
217,13020.0,13080.0,57,488.10714285714283,6.047324190923608,3.3466401061363023,0.0
218,13080.0,13140.0,115,524.8421052631579,75.907673186747,40.65133421489789,7.894736842105263
219,13140.0,13200.0,124,482.1138211382114,12.464509125442445,6.89975053005898,0.0
220,13200.0,13260.0,121,496.1333333333333,9.036744164688919,6.461261421708912,0.0
221,13260.0,13320.0,119,503.9830508474576,9.48050906603852,7.829377069674528,0.0
222,13320.0,13380.0,121,497.03333333333336,6.254992403831422,4.980634767685303,0.0
223,13380.0,13440.0,122,491.3388429752066,11.061610581200991,9.520154060378085,0.8264462809917356
224,13440.0,13500.0,119,501.91525423728814,7.411675094915369,5.336537499037412,0.0
225,13500.0,13560.0,123,488.04918032786884,12.550626377320011,4.275627642292672,0.0
226,13560.0,13620.0,123,489.9836065573771,10.01320087903581,4.061510527943396,0.0
227,13620.0,13680.0,123,485.8196721311475,10.71032281341915,4.317942577104697,0.0
228,13680.0,13740.0,122,493.2892561983471,6.742202924525639,4.864839839775475,0.0
229,13740.0,13800.0,124,484.8617886178862,8.80789995927839,4.117137315190149,0.0
230,13800.0,13860.0,121,494.53333333333336,9.32596748159606,4.594479698233413,0.0
231,13860.0,13920.0,127,474.06349206349205,11.18552352408847,3.967870965643918,0.0
232,13920.0,13980.0,127,471.1587301587302,9.101571467312839,4.500666617291265,0.0
233,13980.0,14040.0,125,481.2903225806452,21.527359862726396,7.951069877388951,0.0
234,14040.0,14100.0,128,468.7716535433071,9.237766665075503,4.496912521077347,0.0
235,14100.0,14160.0,130,459.4418604651163,21.299907194906456,5.5929643302992735,0.0
236,14160.0,14220.0,129,466.5,15.825823609322386,6.2720477259955025,0.0
237,14220.0,14280.0,137,435.94117647058823,13.129421135236893,5.181162460726786,0.0
238,14280.0,14340.0,128,470.0,26.27812174680075,18.484656872188342,2.3622047244094486
239,14340.0,14400.0,144,417.9160839160839,16.46143444517848,21.87609152206331,4.195804195804196
240,14400.0,14460.0,148,403.08843537414964,17.459512919059193,19.348285825456518,4.761904761904762
241,14460.0,14520.0,139,433.6231884057971,16.59399368013062,5.230455451829854,0.0
242,14520.0,14580.0,135,444.55223880597015,79.83983658693357,111.17459005404162,9.701492537313433
243,14580.0,14640.0,135,443.44776119402985,169.3368563981264,229.23468619164828,32.83582089552239
244,14640.0,14700.0,108,558.1495327102804,359.86210156948454,406.04163742251205,51.4018691588785
245,14700.0,14760.0,156,384.94193548387096,39.83166506291349,46.824069734416575,3.225806451612903
246,14760.0,14820.0,140,426.1870503597122,20.84851099723415,6.778054955922625,0.0
247,14820.0,14880.0,136,439.2,28.876680670865966,36.590105505389324,8.148148148148149
248,14880.0,14940.0,142,423.4609929078014,150.83877474833358,210.43085053561623,24.113475177304963
249,14940.0,15000.0,148,404.44897959183675,106.96864113985835,147.14665129149685,24.489795918367346
250,15000.0,15060.0,103,580.843137254902,346.37728371706,435.16256209093234,57.84313725490197
251,15060.0,15120.0,113,535.1071428571429,352.204469615291,459.56908919959767,54.46428571428571
252,15120.0,15180.0,123,487.655737704918,297.1674200603409,384.66041694413576,46.72131147540984
253,15180.0,15240.0,147,404.013698630137,174.43987152188177,236.10815756547998,34.93150684931507
254,15240.0,15300.0,134,446.406015037594,29.110822103561876,16.547452426829388,1.5037593984962405
255,15300.0,15360.0,127,472.93650793650795,56.774465532560825,65.19558267244798,5.555555555555555
256,15360.0,15420.0,130,459.6279069767442,40.388556115764764,47.20599802991141,5.426356589147287
257,15420.0,15480.0,132,449.587786259542,102.07349314843299,107.10426264590535,19.84732824427481
258,15480.0,15540.0,137,440.0735294117647,130.8217691904434,179.60103934368902,29.411764705882355
259,15540.0,15600.0,131,456.18461538461537,28.11653066013928,36.956290964603916,2.307692307692308
260,15600.0,15660.0,131,460.0615384615385,13.056676599209261,5.14894434879391,0.0
261,15660.0,15720.0,125,478.51612903225805,12.302081171653317,7.294055938400824,0.0
262,15720.0,15780.0,127,474.3968253968254,16.51379029300269,8.00599775168592,0.0
263,15780.0,15840.0,127,472.1746031746032,14.221155713980135,6.092618484691126,0.0
264,15840.0,15900.0,128,466.74015748031496,15.366017235747488,5.776251324611782,0.0
265,15900.0,15960.0,128,469.40157480314963,14.225653020143533,5.721027768693203,0.0
266,15960.0,16020.0,131,458.2923076923077,12.1950848873006,4.454768371117636,0.0
267,16020.0,16080.0,128,469.93700787401576,13.983974973357647,4.760952285695233,0.0
268,16080.0,16140.0,127,470.3809523809524,17.04152910644213,24.133627990834697,7.142857142857142
269,16140.0,16200.0,126,477.84,13.663230619723212,5.665401503295983,0.0
270,16200.0,16260.0,128,466.20472440944883,17.135935777281894,14.320592343871992,2.3622047244094486
271,16260.0,16320.0,123,487.62295081967216,32.75587837442626,37.27184034421467,2.459016393442623
272,16320.0,16380.0,127,473.58730158730157,13.085118167610007,5.579964157590979,0.0
273,16380.0,16440.0,128,467.6377952755906,15.203210443818277,6.754187413675136,0.0
274,16440.0,16500.0,126,475.744,13.783992586072557,4.9935442193864406,0.0
275,16500.0,16560.0,124,486.390243902439,14.849316452966846,5.453228852526986,0.0
276,16560.0,16620.0,123,486.327868852459,8.65256148282479,4.902352277350095,0.0
277,16620.0,16680.0,123,489.2295081967213,6.4715357499392825,5.136162506118376,0.0
278,16680.0,16740.0,122,490.11570247933884,7.290621924368122,5.615454864330523,0.0
279,16740.0,16800.0,122,492.0,6.465291950097845,6.247666230948427,0.0
280,16800.0,16860.0,121,495.25,7.4340235325396264,6.135719910778963,0.0
281,16860.0,16920.0,124,483.1544715447154,10.739869431942237,5.105445501667,0.0
282,16920.0,16980.0,123,490.0327868852459,8.110736101178922,5.871911004347325,0.0
283,16980.0,17040.0,121,493.4166666666667,6.847171204329607,5.9662918681088835,0.0
284,17040.0,17100.0,122,495.43801652892563,7.71674862661673,5.665686189686118,0.0
285,17100.0,17160.0,121,494.43333333333334,9.88737700756049,6.1521329224748,0.0
286,17160.0,17220.0,121,494.26666666666665,8.091632085304026,5.120399144105661,0.0
287,17220.0,17280.0,122,491.45454545454544,7.307530362578043,4.875106836436168,0.0
288,17280.0,17340.0,122,493.20661157024796,8.404281999246875,5.059644256269407,0.0
289,17340.0,17400.0,123,487.9836065573771,15.321342326535843,6.3662332363678535,0.0
290,17400.0,17460.0,123,486.8032786885246,8.57310742843819,5.653931565624077,0.0
291,17460.0,17520.0,124,485.0731707317073,7.614880526825411,5.368395675725434,0.0
292,17520.0,17580.0,121,494.0,6.937899810570387,5.518494496926226,0.0
293,17580.0,17640.0,120,502.4873949579832,16.424385315339933,7.575607599953589,0.0
294,17640.0,17700.0,124,485.0894308943089,5.7900538377424215,4.326813085333112,0.0
295,17700.0,17760.0,124,483.9349593495935,8.052837639969592,4.89228231294027,0.0
296,17760.0,17820.0,122,488.89256198347107,7.814304887931025,5.128352561983234,0.0
297,17820.0,17880.0,124,485.0406504065041,7.798064465594621,4.858657981073496,0.0
298,17880.0,17940.0,109,552.0185185185185,102.82713753969391,15.038890394542591,2.7777777777777777
299,17940.0,18000.0,90,665.5730337078652,91.73205641239369,44.33703561665718,15.730337078651685
300,18000.0,18060.0,122,492.6280991735537,36.30246369770812,13.411437904515186,0.0
301,18060.0,18120.0,128,467.4803149606299,10.750304826760331,6.8289765437377685,0.0
302,18120.0,18180.0,126,478.144,11.753313877233694,5.518298007830476,0.0
303,18180.0,18240.0,126,465.904,18.8112114819688,3.364904254976847,0.0
314,18840.0,18900.0,80,362.9873417721519,6.986238617648262,2.5012817227194253,0.0
315,18900.0,18960.0,147,407.027397260274,175.71234114432716,207.52452285502767,19.863013698630137
316,18960.0,19020.0,163,368.2345679012346,130.1674766035667,165.80509398853397,16.049382716049383
317,19020.0,19080.0,129,463.984375,221.42693945795423,306.88498448243996,57.03125
318,19080.0,19140.0,157,383.46153846153845,75.45110654528659,99.70498418317784,5.128205128205128
319,19140.0,19200.0,126,476.192,27.53698275691871,11.958260743101398,0.0
320,19200.0,19260.0,118,509.008547008547,36.20213742177524,14.664054103781147,0.0
321,19260.0,19320.0,120,499.3109243697479,35.768025655713664,20.688980117567052,2.5210084033613445
322,19320.0,19380.0,133,450.969696969697,27.784871328056067,8.546237063113292,0.0
323,19380.0,19440.0,123,485.655737704918,25.967166328601284,8.966420367954875,0.0
324,19440.0,19500.0,126,478.288,26.054166900962805,5.544541052591366,0.0
325,19500.0,19560.0,122,491.7685950413223,37.20769641050502,9.007404361597926,0.0
326,19560.0,19620.0,124,482.6666666666667,28.956345511048024,9.615561158530616,0.0
327,19620.0,19680.0,126,477.936,17.68895408932347,5.792096951603469,0.0
328,19680.0,19740.0,125,477.64516129032256,22.29302036253372,6.15253269284978,0.0
329,19740.0,19800.0,126,479.248,15.457880337100848,5.165018814567737,0.0
330,19800.0,19860.0,126,476.112,27.875650144305908,29.914393989214215,2.4
331,19860.0,19920.0,120,496.7563025210084,32.40212547604451,9.878928096660237,0.0
332,19920.0,19980.0,125,481.69354838709677,32.00512596631344,8.238320138182722,0.0
333,19980.0,20040.0,120,497.8151260504202,21.85311767950937,8.930997249154586,0.0
334,20040.0,20100.0,132,457.51145038167937,22.94219036294142,14.088729811175586,2.2900763358778624
335,20100.0,20160.0,123,487.8032786885246,25.03473268083823,9.71154208078083,0.0
336,20160.0,20220.0,126,474.8,14.210400552798214,14.411017290768848,2.4
337,20220.0,20280.0,127,474.44444444444446,18.19167086578055,5.922161767462959,0.0
338,20280.0,20340.0,126,473.44,35.7343243322701,34.58136734922341,4.8
339,20340.0,20400.0,125,482.11290322580646,25.353824514637115,13.062700576123737,2.4193548387096775
340,20400.0,20460.0,123,486.39344262295083,28.233547063483485,31.04834939252005,2.459016393442623
341,20460.0,20520.0,124,485.1544715447154,18.222681111476906,13.144842534085436,2.4390243902439024
342,20520.0,20580.0,121,495.45,24.732467688914372,27.3925709121373,2.5
343,20580.0,20640.0,125,477.1290322580645,31.29533271052355,32.53965685579187,2.4193548387096775
344,20640.0,20700.0,123,489.8032786885246,17.671772956024935,16.269425769707826,2.459016393442623
345,20700.0,20760.0,124,485.2845528455285,19.29262167858065,12.669829918508553,1.6260162601626018
346,20760.0,20820.0,122,490.94214876033055,13.997795969759641,11.765769559758228,0.8264462809917356
347,20820.0,20880.0,121,494.81666666666666,14.350933757769491,5.881176352917641,0.0
348,20880.0,20940.0,125,479.5806451612903,22.069033145351582,22.81847775004433,2.4193548387096775
349,20940.0,21000.0,123,489.2295081967213,15.465123056771624,6.520153118924039,0.0
350,21000.0,21060.0,123,485.8688524590164,29.809020438429588,20.05447127654624,4.098360655737705
351,21060.0,21120.0,121,497.1666666666667,30.412937686311803,9.586404939489336,0.0
352,21120.0,21180.0,125,480.9032258064516,19.166968264083962,6.728171570562601,0.0
353,21180.0,21240.0,124,482.520325203252,14.812129275153783,13.38827478203761,1.6260162601626018
354,21240.0,21300.0,125,481.11290322580646,17.303230431704723,5.807200464576056,0.0
355,21300.0,21360.0,124,484.8617886178862,15.735688373182223,15.512026006285321,2.4390243902439024
356,21360.0,21420.0,121,495.9166666666667,21.848055634632697,7.830129269031763,0.0
357,21420.0,21480.0,120,499.2268907563025,18.47051565943011,6.276131810954465,0.0
358,21480.0,21540.0,123,488.5409836065574,11.166765582297185,4.49057783099217,0.0
359,21540.0,21600.0,122,489.3057851239669,9.265386280134802,4.607964120230683,0.0
360,21600.0,21660.0,120,500.01680672268907,20.565720694463067,11.243076965894032,0.8403361344537815
361,21660.0,21720.0,130,461.3643410852713,24.5738485184505,28.41984341969533,3.875968992248062
362,21720.0,21780.0,121,497.23333333333335,26.683559075392697,29.846666973244513,2.5
363,21780.0,21840.0,119,503.1186440677966,21.9907398893438,13.302528517438516,2.5423728813559325
364,21840.0,21900.0,120,501.0924369747899,26.226843408943925,20.765845491649284,3.361344537815126
365,21900.0,21960.0,115,520.7894736842105,34.41302328191983,23.337462761439877,2.631578947368421
366,21960.0,22020.0,121,499.26666666666665,19.29502628180864,8.624764032821346,0.0
367,22020.0,22080.0,119,501.3220338983051,15.292521693936708,6.531972647421808,0.0
368,22080.0,22140.0,125,481.11290322580646,16.830677409773482,5.4489500741490655,0.0
369,22140.0,22200.0,122,491.12396694214874,34.52718017444949,13.083067937860243,1.6528925619834711
370,22200.0,22260.0,118,507.64102564102564,13.283682976560026,8.460863247716023,0.0
371,22260.0,22320.0,117,515.7241379310345,14.02084547900115,9.178424606699647,0.0
372,22320.0,22380.0,121,494.71666666666664,23.550119389279107,15.281119233944116,0.8333333333333334
373,22380.0,22440.0,122,490.8099173553719,28.438915254039607,9.114091653404998,0.0
374,22440.0,22500.0,118,510.29059829059827,20.940416221639776,22.612934961791378,3.418803418803419
375,22500.0,22560.0,118,506.1025641025641,19.60796135606948,8.839566224339448,0.0
376,22560.0,22620.0,119,504.5762711864407,24.75051817800338,9.827573280377846,0.0
377,22620.0,22680.0,117,515.2758620689655,13.809628781269312,8.371795298604662,0.0
378,22680.0,22740.0,119,500.93220338983053,31.27455720608865,23.6664860953747,4.23728813559322
379,22740.0,22800.0,101,595.42,77.9460030658365,32.0624390837628,11.0
380,22800.0,22860.0,113,530.75,26.194181322101578,17.27884714205663,0.8928571428571428
381,22860.0,22920.0,110,547.4128440366973,42.40571480729977,18.017481223235105,2.7522935779816518
382,22920.0,22980.0,109,550.4629629629629,35.61224873969181,21.799425526169905,4.62962962962963
383,22980.0,23040.0,120,501.0420168067227,36.01115527683882,11.191703949271336,0.0
384,23040.0,23100.0,119,505.0508474576271,29.794408773249252,25.266443406090268,2.5423728813559325
385,23100.0,23160.0,118,505.0769230769231,15.940705780979584,6.607206097420687,0.0
386,23160.0,23220.0,123,490.24590163934425,19.144647947875576,20.875862925698712,4.918032786885246
387,23220.0,23280.0,121,492.55,24.02374525619296,9.317914434666413,0.8333333333333334
388,23280.0,23340.0,127,475.87301587301585,28.922789388849512,30.00479961606143,3.1746031746031744
389,23340.0,23400.0,120,497.69747899159665,27.05629868765132,7.232225435214441,0.0
390,23400.0,23460.0,123,486.95081967213116,26.373306207495496,5.927941958873129,0.0
391,23460.0,23520.0,128,468.92913385826773,31.040981897812966,32.61365961757119,7.086614173228346
392,23520.0,23580.0,145,414.80555555555554,55.916680996597194,85.35880665828145,23.61111111111111
393,23580.0,23640.0,54,500.64150943396226,264.9440502866467,283.99011358740046,56.60377358490566
409,24540.0,24600.0,28,1395.2592592592594,4772.233025071601,4863.292869904252,3.7037037037037033
410,24600.0,24660.0,122,490.1652892561983,25.847742360290713,7.933053216343208,0.0
411,24660.0,24720.0,125,482.38709677419354,24.71387802657668,7.111195798953712,0.0
412,24720.0,24780.0,121,496.53333333333336,15.235370904925295,7.913396788958317,0.0
413,24780.0,24840.0,127,471.9047619047619,11.675224072490309,5.369543742255947,0.0
414,24840.0,24900.0,125,478.5,11.777407060689153,4.350497588586009,0.0
415,24900.0,24960.0,127,474.87301587301585,27.33905166664978,14.658785761446955,2.380952380952381
416,24960.0,25020.0,122,490.87603305785126,13.373836552471822,7.134423592694787,0.0
417,25020.0,25080.0,120,498.8067226890756,12.846734935003662,8.12195184022383,0.0
418,25080.0,25140.0,121,497.56666666666666,19.90090295376946,7.767633774437458,0.0
419,25140.0,25200.0,121,495.0,19.28817289028119,8.213536684884872,0.0
420,25200.0,25260.0,118,507.8974358974359,21.107028007271293,9.27919437644573,0.0
421,25260.0,25320.0,126,477.344,26.643132626045166,7.24680129658997,0.0
422,25320.0,25380.0,128,469.8897637795276,37.44821362778218,19.46506842754191,5.511811023622047
423,25380.0,25440.0,128,467.38582677165357,27.755750796676605,7.014723744122017,0.0
424,25440.0,25500.0,131,458.6,28.20044532058084,14.10810971356271,2.307692307692308
425,25500.0,25560.0,126,473.984,17.192451456868334,5.202356786018454,0.0
426,25560.0,25620.0,128,470.7244094488189,11.435587147948402,6.172133998483677,0.0
427,25620.0,25680.0,129,464.984375,20.786119071702444,16.37455294815613,2.34375
428,25680.0,25740.0,126,474.928,38.07847923230603,8.820796540727104,0.0
429,25740.0,25800.0,125,479.3225806451613,20.34321300181822,8.143030338235938,0.0
430,25800.0,25860.0,128,468.4409448818898,14.164371547030767,6.0970979305406585,0.0
431,25860.0,25920.0,128,471.54330708661416,14.558451374946978,5.9947066597547485,0.0
432,25920.0,25980.0,127,472.6190476190476,12.080964956729005,4.521946483540026,0.0
433,25980.0,26040.0,126,472.864,11.651764368679355,4.435923731855487,0.0
434,26040.0,26100.0,126,479.392,12.487991651337335,6.00537393748568,0.0
435,26100.0,26160.0,125,479.9516129032258,9.182747023949227,4.554993686019202,0.0
436,26160.0,26220.0,123,486.672131147541,9.060351025756724,4.6283352950392205,0.0
437,26220.0,26280.0,124,481.8536585365854,10.508921211522523,4.728705503380911,0.0
438,26280.0,26340.0,123,487.60655737704917,8.561452507731104,5.266453948349178,0.0
439,26340.0,26400.0,125,483.5483870967742,10.551734599981655,5.157676416397229,0.0
440,26400.0,26460.0,122,491.05785123966945,7.403037125240285,5.92452529743945,0.0
441,26460.0,26520.0,124,483.1382113821138,9.927875313985027,5.656854249492381,0.0
442,26520.0,26580.0,123,487.0327868852459,15.859368754557973,5.606961434585191,0.0
443,26580.0,26640.0,130,462.26356589147287,22.14494841515955,15.478816169203638,3.10077519379845
444,26640.0,26700.0,126,475.072,17.781004725050213,14.783382126454494,1.6
445,26700.0,26760.0,132,455.14503816793894,20.902749961669407,5.323388163422008,0.0
446,26760.0,26820.0,126,473.76,30.10476331402638,9.52416281986794,0.8
447,26820.0,26880.0,128,471.9212598425197,21.717378857310244,17.16123353689753,3.149606299212598
448,26880.0,26940.0,125,477.7741935483871,13.029571563052485,6.213020683714175,0.0
449,26940.0,27000.0,122,490.6942148760331,16.17963894076266,7.061633427661525,0.0
450,27000.0,27060.0,133,454.27272727272725,24.885414014501418,18.60230634966314,2.272727272727273
451,27060.0,27120.0,127,472.06349206349205,45.009464965803986,60.027460382728165,3.968253968253968
452,27120.0,27180.0,132,454.51908396946567,46.91831709635836,61.60794154602523,6.106870229007633
453,27180.0,27240.0,110,543.651376146789,119.57450615092179,65.50798650772512,11.009174311926607
454,27240.0,27300.0,89,671.5454545454545,82.45136624212671,99.09382527128798,45.45454545454545
455,27300.0,27360.0,123,488.8196721311475,61.09781026948776,27.410560792789457,2.459016393442623
456,27360.0,27420.0,125,481.48387096774195,30.822725190122576,13.576641825283325,0.8064516129032258
457,27420.0,27480.0,124,483.5772357723577,18.625299262677196,9.914387624418017,0.0
458,27480.0,27540.0,127,472.44444444444446,13.84690900124966,5.954494101097087,0.0
459,27540.0,27600.0,134,447.89473684210526,47.035973202641586,60.79249355576125,3.7593984962406015
460,27600.0,27660.0,140,428.6906474820144,63.04390567161391,88.9738603528416,12.23021582733813
461,27660.0,27720.0,154,388.3529411764706,84.3651579513782,122.92862713144181,18.954248366013072
462,27720.0,27780.0,145,413.81944444444446,12.900725180342002,5.267660937100237,0.0
463,27780.0,27840.0,145,413.68055555555554,42.44595951806814,55.142536219322565,9.722222222222223
464,27840.0,27900.0,145,413.2361111111111,81.69018618559097,111.05684300223187,6.25
465,27900.0,27960.0,144,417.1468531468532,19.96544833835498,17.645172503437202,3.4965034965034967
466,27960.0,28020.0,153,392.5263157894737,36.82191748848443,54.30085433450338,11.842105263157894
467,28020.0,28080.0,137,438.55882352941177,35.726277227435695,7.433657192745658,0.0
468,28080.0,28140.0,133,452.45454545454544,11.889031211608028,5.591705962630643,0.0
469,28140.0,28200.0,130,461.2403100775194,14.036100327480591,5.006246098625197,0.0
470,28200.0,28260.0,130,459.6589147286822,12.520293604304353,4.650268809434569,0.0
471,28260.0,28320.0,133,451.72727272727275,11.342745543944392,3.4152777540640207,0.0
472,28320.0,28380.0,131,459.2923076923077,30.416092780954468,8.642781636637862,0.0
473,28380.0,28440.0,130,458.5736434108527,8.530071066708691,4.412340648680698,0.0
474,28440.0,28500.0,130,464.7906976744186,10.079120139709502,4.286607049870562,0.0
475,28500.0,28560.0,129,464.703125,12.004172092976479,3.45955256312256,0.0
476,28560.0,28620.0,131,456.0615384615385,9.098729655051772,4.5647792172596455,0.0
477,28620.0,28680.0,133,453.74242424242425,12.310004131265522,3.4641016151377544,0.0
478,28680.0,28740.0,134,447.4736842105263,19.490315756638243,4.59578199235039,0.0
479,28740.0,28800.0,131,457.0923076923077,12.389321579768488,5.303209500646937,0.0
480,28800.0,28860.0,133,451.6515151515151,13.147422960839856,5.195417828453621,0.0
481,28860.0,28920.0,130,459.5348837209302,15.063431771817006,5.043560250458004,0.0
482,28920.0,28980.0,129,464.625,8.1395312213872,4.050857788036707,0.0
483,28980.0,29040.0,129,464.96875,13.0534561145864,4.207230371821206,0.0
484,29040.0,29100.0,133,451.07575757575756,8.4108447008611,4.298055658405099,0.0
485,29100.0,29160.0,130,462.3565891472868,12.551019909760075,4.850901977983064,0.0
486,29160.0,29220.0,132,453.7709923664122,15.908664734132095,4.235382100644703,0.0
487,29220.0,29280.0,132,456.39694656488547,9.669682509554503,3.847076812334269,0.0
488,29280.0,29340.0,133,450.4848484848485,12.192154183776962,4.322848933372916,0.0
489,29340.0,29400.0,131,458.15384615384613,10.790795344282754,4.240813144201358,0.0
490,29400.0,29460.0,129,464.5,11.388625351708379,4.097243167643721,0.0
491,29460.0,29520.0,127,472.57142857142856,19.020590346854565,5.807581252122092,0.0
492,29520.0,29580.0,128,470.7716535433071,11.818863706278474,4.371625682868,0.0
493,29580.0,29640.0,129,465.109375,7.3893244712715305,3.5449864786566208,0.0
494,29640.0,29700.0,134,445.7142857142857,19.49070152373808,15.226571670881297,2.2556390977443606
495,29700.0,29760.0,126,475.888,7.428384967528707,4.852668039004336,0.0
496,29760.0,29820.0,129,466.46875,9.644007971988593,3.884149092559186,0.0
497,29820.0,29880.0,130,458.6046511627907,43.6868148380913,56.74614524353174,3.10077519379845
498,29880.0,29940.0,128,470.34645669291336,12.274879466486034,4.043415183876911,0.0
499,29940.0,30000.0,129,466.46875,11.609077021509444,4.850521524034102,0.0
500,30000.0,30060.0,125,478.4032258064516,9.535487295616154,5.4489500741490655,0.0
501,30060.0,30120.0,123,486.39344262295083,4.738722806360764,5.058337361179475,0.0
502,30120.0,30180.0,118,510.2393162393162,68.92032501032217,16.771280871447043,1.7094017094017095
503,30180.0,30240.0,126,475.872,27.713678932974595,9.138715940013567,0.0
504,30240.0,30300.0,124,483.0894308943089,38.65547871802089,16.257154793112264,2.4390243902439024
505,30300.0,30360.0,124,484.5365853658537,7.452904245146659,6.765389257336099,0.0
506,30360.0,30420.0,130,462.8062015503876,46.25710714301436,60.07027134947869,1.550387596899225
507,30420.0,30480.0,124,482.4065040650407,7.531178252769172,6.013645685125581,0.0
508,30480.0,30540.0,134,447.5187969924812,16.72985061416007,12.558951896048997,1.5037593984962405
509,30540.0,30600.0,123,490.7704918032787,10.797755265072231,7.6988783126327744,0.0
510,30600.0,30660.0,133,450.8333333333333,18.59334472851467,12.306517853535553,2.272727272727273
511,30660.0,30720.0,129,462.921875,39.26401838533315,11.709071790911713,0.78125
512,30720.0,30780.0,108,555.8691588785047,73.837798280733,24.895252256317075,6.5420560747663545
513,30780.0,30840.0,120,501.7647058823529,28.726856825812458,13.342934396341935,0.8403361344537815
514,30840.0,30900.0,129,464.375,18.858361415446215,6.701744983716678,0.0
515,30900.0,30960.0,130,463.2093023255814,13.182418700325735,5.294454646136843,0.0
516,30960.0,31020.0,136,441.15555555555557,22.662305696960484,16.251750766765856,2.9629629629629632
517,31020.0,31080.0,130,460.9922480620155,37.951551377222835,14.772229012576267,2.3255813953488373
518,31080.0,31140.0,128,469.25984251968504,17.296303210134468,6.179844350020168,0.0
519,31140.0,31200.0,125,479.9193548387097,21.832174650888238,7.623242167097368,0.0
520,31200.0,31260.0,123,487.59016393442624,16.26828486764622,7.709605471677888,0.0
521,31260.0,31320.0,119,504.89830508474574,9.386651579340725,7.09399649878588,0.0
522,31320.0,31380.0,121,495.7,24.913497404844154,7.539253022312872,0.0
523,31380.0,31440.0,125,476.69354838709677,35.12860864068146,14.905665425891522,0.8064516129032258
524,31440.0,31500.0,126,478.416,17.334090967726556,5.85028259587628,0.0
525,31500.0,31560.0,123,488.9344262295082,18.561818851867784,11.116215540096562,0.819672131147541
526,31560.0,31620.0,132,452.9618320610687,56.10229730386787,79.51216646139517,7.633587786259542
527,31620.0,31680.0,130,459.37984496124034,24.553256466317766,9.076067430335673,0.0
528,31680.0,31740.0,127,475.0952380952381,16.001214239639975,6.225110440787376,0.0
529,31740.0,31800.0,130,460.31007751937983,13.156390111850357,5.323884859761714,0.0
530,31800.0,31860.0,130,463.08527131782944,19.46151290357777,5.931905258852336,0.0
531,31860.0,31920.0,125,477.03225806451616,12.583338760912607,4.865675364013456,0.0
532,31920.0,31980.0,129,466.234375,11.52503907110736,4.454494324279622,0.0
533,31980.0,32040.0,126,475.984,26.900648751020977,7.368196698015408,0.0
534,32040.0,32100.0,131,457.96923076923076,56.30370834187662,81.76502540722996,10.0
535,32100.0,32160.0,141,425.6857142857143,57.61058627166766,78.75743655649059,12.857142857142856
536,32160.0,32220.0,146,413.3379310344828,98.82477623788193,129.78850317171992,22.758620689655174
537,32220.0,32280.0,133,450.4848484848485,62.887817828849634,42.713317371939524,6.0606060606060606
538,32280.0,32340.0,126,476.704,17.46010383149114,8.798826901281197,0.0
539,32340.0,32400.0,127,470.8095238095238,14.67335778107481,6.447325026706812,0.0
540,32400.0,32460.0,129,464.578125,26.27672524060178,6.547223971446484,0.0
541,32460.0,32520.0,123,487.9344262295082,27.79611058615312,9.716646702463555,0.0
542,32520.0,32580.0,129,468.265625,22.01269654211219,12.820996558610625,1.5625
543,32580.0,32640.0,126,474.256,13.95609706047111,6.530326277478223,0.0
544,32640.0,32700.0,128,467.4803149606299,17.330059394882962,7.640742920747457,0.7874015748031495
545,32700.0,32760.0,127,472.76190476190476,26.974188720754093,13.58587501782642,0.7936507936507936
546,32760.0,32820.0,125,479.80645161290323,12.408807139433504,12.309029008087974,1.6129032258064515
547,32820.0,32880.0,126,476.272,9.443700750816268,4.238837332982226,0.0
548,32880.0,32940.0,130,462.8062015503876,19.3738215445562,3.087272258807117,0.0
549,32940.0,33000.0,145,415.2916666666667,64.95936061468379,91.46744615596145,15.277777777777779
550,33000.0,33060.0,155,386.5064935064935,76.59743222997392,110.39631517957815,18.181818181818183
551,33060.0,33120.0,119,501.96610169491527,87.80358151324849,33.95472098137572,8.47457627118644
552,33120.0,33180.0,116,519.6,35.38480197099195,20.55117702694866,2.608695652173913
553,33180.0,33240.0,116,517.9826086956522,33.715523679674035,17.31341635740654,0.8695652173913043
554,33240.0,33300.0,120,497.8655462184874,21.93940977287602,16.233466164957303,0.8403361344537815
555,33300.0,33360.0,122,490.77685950413223,16.963434991821767,6.718134661744533,0.0
556,33360.0,33420.0,121,498.2,19.63601561528452,8.740901632242398,0.0
557,33420.0,33480.0,120,499.5798319327731,15.115092804213559,5.734226707429991,0.0
558,33480.0,33540.0,119,504.52542372881356,29.524352360340636,7.859884081701064,0.0
559,33540.0,33600.0,119,503.47457627118644,16.355929876549713,8.06596733565349,0.0
560,33600.0,33660.0,122,489.900826446281,15.233408985230284,4.774934554525329,0.0
561,33660.0,33720.0,123,489.59016393442624,21.661465232203508,8.397165991822174,0.819672131147541
562,33720.0,33780.0,126,475.008,15.118081462168876,5.3911516514592925,0.0
563,33780.0,33840.0,134,450.5864661654135,34.93351430229023,6.23042388752016,0.0
564,33840.0,33900.0,127,470.6031746031746,20.41845414915806,6.240512799442046,0.0
565,33900.0,33960.0,137,437.88235294117646,19.57135428366499,3.2840805692286517,0.0
566,33960.0,34020.0,146,411.1034482758621,20.428644152652637,32.54654786268089,10.344827586206897
567,34020.0,34080.0,146,412.19310344827585,39.18639512915664,52.410770733589565,6.896551724137931
568,34080.0,34140.0,120,500.25210084033614,85.5001455531911,50.1526483407728,14.285714285714285
569,34140.0,34200.0,117,510.63793103448273,33.128576014154866,19.509640872054046,3.4482758620689653
570,34200.0,34260.0,122,493.35537190082647,32.46353326019115,15.431569373635766,0.8264462809917356
571,34260.0,34320.0,117,513.1379310344828,22.764158156007532,12.266603654532549,0.8620689655172413
572,34320.0,34380.0,120,501.2773109243698,27.218800945504217,8.56282861549296,0.0
573,34380.0,34440.0,119,501.135593220339,20.727748961127187,7.402933121636234,0.0
574,34440.0,34500.0,120,501.4117647058824,25.839600329039662,7.886912566429811,0.0
575,34500.0,34560.0,119,504.8135593220339,16.61887977574675,6.259351977600172,0.0
576,34560.0,34620.0,123,486.4918032786885,13.58246676170723,5.077905470461433,0.0
577,34620.0,34680.0,125,480.93548387096774,11.466275708605389,4.798373708237244,0.0
578,34680.0,34740.0,125,480.11290322580646,30.784118405020116,13.570652218151354,2.4193548387096775
579,34740.0,34800.0,122,490.46280991735534,14.044596423722334,6.104643041707408,0.0
580,34800.0,34860.0,126,478.48,7.398343319349796,4.680088226353389,0.0
581,34860.0,34920.0,137,435.5735294117647,37.98823060485994,47.36399632788758,8.088235294117647
582,34920.0,34980.0,141,426.4142857142857,42.59056971892403,60.76348771136266,9.285714285714286
583,34980.0,35040.0,126,477.184,22.51035030753058,8.343434737912585,0.0
584,35040.0,35100.0,119,503.06779661016947,43.04216354886016,29.23234363731233,3.389830508474576
585,35100.0,35160.0,137,438.3970588235294,28.439742513749415,26.548069609672186,9.558823529411764
586,35160.0,35220.0,125,478.0806451612903,22.223402582516712,9.586575980212656,0.0
587,35220.0,35280.0,123,489.42622950819674,14.115180289019293,6.663084437021344,0.0
588,35280.0,35340.0,130,461.28682170542635,15.832716226244164,6.144102863722254,0.0
589,35340.0,35400.0,133,451.530303030303,24.008725956303394,18.033895143473625,3.787878787878788
590,35400.0,35460.0,141,426.7857142857143,92.97812736633747,132.70359680248515,15.0
591,35460.0,35520.0,140,424.8201438848921,130.9720211187152,195.05302140551498,47.482014388489205
592,35520.0,35580.0,137,435.0,118.76899458223124,116.0984256759946,21.323529411764707
593,35580.0,35640.0,126,475.792,25.815504218676733,12.975162377006209,0.0
594,35640.0,35700.0,126,478.656,30.67180695582645,12.038915394293946,0.0
595,35700.0,35760.0,122,488.5289256198347,19.316260153976184,10.85664159243855,0.0
596,35760.0,35820.0,124,486.4715447154472,21.027821228721788,8.89649037450199,0.0
597,35820.0,35880.0,123,486.8032786885246,14.610445343257078,7.299949054503538,0.0
598,35880.0,35940.0,127,470.4761904761905,23.77821331747675,16.258905252199483,2.380952380952381
599,35940.0,36000.0,124,486.1788617886179,10.687845494617077,6.002731618625466,0.0
600,36000.0,36060.0,128,468.2992125984252,12.961674250461556,4.937707198786941,0.0
601,36060.0,36120.0,127,471.6031746031746,13.724185580254657,5.300566007512782,0.0
602,36120.0,36180.0,127,474.58730158730157,13.56717794754375,5.536786071359448,0.0
603,36180.0,36240.0,134,445.3233082706767,15.273044621251326,4.235492172037854,0.0
604,36240.0,36300.0,125,479.48387096774195,10.924339849800857,12.737499850403312,1.6129032258064515
605,36300.0,36360.0,129,467.59375,17.5676140381136,5.656854249492381,0.0
606,36360.0,36420.0,141,425.74285714285713,38.6914322173502,52.496796750513724,2.142857142857143
607,36420.0,36480.0,146,410.55172413793105,45.260654214487126,64.64733387988848,15.862068965517242
608,36480.0,36540.0,143,419.98591549295776,136.1552089894894,157.78457348931698,21.12676056338028
609,36540.0,36600.0,137,433.8970588235294,159.652830734866,220.95369047230992,49.26470588235294
610,36600.0,36660.0,139,429.231884057971,109.18231520758592,107.1435356252414,15.217391304347828
611,36660.0,36720.0,124,481.869918699187,22.336825195837513,9.673353632107288,0.0
612,36720.0,36780.0,130,463.1937984496124,42.157086726199545,21.5,4.651162790697675
613,36780.0,36840.0,123,489.7049180327869,31.115537434341974,8.337905082034982,0.0
614,36840.0,36900.0,133,448.42424242424244,18.4515545641529,13.430056299723411,3.0303030303030303
615,36900.0,36960.0,142,424.2836879432624,42.59616452236293,57.12792662087431,9.929078014184398
616,36960.0,37020.0,137,436.47058823529414,167.64817398245475,212.55719927342608,27.205882352941174
617,37020.0,37080.0,139,430.7391304347826,75.97428534889178,95.91891344361851,13.043478260869565
618,37080.0,37140.0,135,443.2686567164179,19.99930982986023,16.185020457758004,3.731343283582089
619,37140.0,37200.0,129,465.171875,147.70486157161437,181.5388290605977,39.84375
620,37200.0,37260.0,120,497.07563025210084,252.5766592697396,341.8242188759736,72.26890756302521
621,37260.0,37320.0,135,443.76119402985074,193.0927619652679,262.35199909391093,17.16417910447761
622,37320.0,37380.0,133,452.8787878787879,31.03630730352164,33.45088686509027,3.787878787878788
623,37380.0,37440.0,133,450.969696969697,45.19709836561226,39.280164176208885,4.545454545454546
624,37440.0,37500.0,130,461.3488372093023,151.3590852060708,216.91472979030263,24.031007751937985
625,37500.0,37560.0,122,492.8099173553719,17.22319852678686,10.21763181955584,0.0
626,37560.0,37620.0,123,485.72131147540983,19.884485540439975,6.314092856067395,0.0
627,37620.0,37680.0,124,484.0,10.236546548807446,5.870180269245794,0.0
628,37680.0,37740.0,125,479.2741935483871,10.863033990300758,5.463850156856918,0.0
629,37740.0,37800.0,127,471.93650793650795,14.415406220704865,5.008792269599529,0.0
630,37800.0,37860.0,124,486.2764227642276,16.64937394235184,7.128791772183246,0.0
631,37860.0,37920.0,123,485.5409836065574,21.4372609654827,6.690316179263308,0.0
632,37920.0,37980.0,125,481.56451612903226,42.06194462864059,50.7485431726502,1.6129032258064515
633,37980.0,38040.0,117,511.2586206896552,22.988133305328823,8.212397838686918,0.0
634,38040.0,38100.0,122,493.45454545454544,50.614227248867486,59.56257214056492,4.958677685950414
635,38100.0,38160.0,117,510.7413793103448,25.04608645630314,11.804199694802804,0.0
636,38160.0,38220.0,116,517.704347826087,23.87429576918337,10.789858786452163,0.0
637,38220.0,38280.0,120,500.4873949579832,83.4631620299495,110.76284024735469,10.084033613445378
638,38280.0,38340.0,126,477.792,48.62816388247293,59.51253595238461,1.6
639,38340.0,38400.0,124,483.4471544715447,17.751103984154643,6.593588540094504,0.0
640,38400.0,38460.0,122,492.92561983471074,33.96865351301996,11.07098309395632,0.0
641,38460.0,38520.0,125,478.6774193548387,32.084124277974304,29.534601451972044,4.032258064516129
642,38520.0,38580.0,123,488.8360655737705,11.681277423449817,6.469253408966253,0.0
643,38580.0,38640.0,122,491.3388429752066,23.421341307665063,8.763560920082657,0.0
644,38640.0,38700.0,126,477.856,52.72214200944908,67.23910152726275,4.0
645,38700.0,38760.0,123,484.55737704918033,19.386051550436026,7.121147646387687,0.0
646,38760.0,38820.0,131,460.2153846153846,100.32574732057728,105.91601177530995,12.307692307692308
647,38820.0,38880.0,123,484.55737704918033,25.457483330566678,14.814556165480129,2.459016393442623
648,38880.0,38940.0,124,484.5528455284553,23.631461126036044,8.087634763363994,0.0
649,38940.0,39000.0,122,491.93388429752065,22.54319392380994,9.423375191511797,0.0
650,39000.0,39060.0,121,495.31666666666666,18.298176119485788,7.319824583470092,0.0
651,39060.0,39120.0,126,476.992,20.493309687199964,7.184212081070996,0.0
652,39120.0,39180.0,121,495.3833333333333,19.161929752003797,8.609160647753272,0.0
653,39180.0,39240.0,124,483.8048780487805,47.890869545725124,71.58486881054509,2.4390243902439024
654,39240.0,39300.0,122,492.79338842975204,20.44909018162418,9.66091783079296,0.0
655,39300.0,39360.0,126,477.28,21.40756574129207,6.825001477017446,0.0
656,39360.0,39420.0,118,506.94017094017096,7.41653627479534,7.455615795932065,0.0
657,39420.0,39480.0,120,500.3193277310924,13.325095969450722,8.211195334027764,0.0
658,39480.0,39540.0,120,500.0840336134454,12.904853791837049,8.88151765928568,0.0
659,39540.0,39600.0,118,506.7350427350427,10.883705918666674,8.246211251235321,0.0
660,39600.0,39660.0,120,503.42857142857144,10.707649276411436,7.780897948267663,0.0
661,39660.0,39720.0,126,475.12,8.547401038685914,5.211649481937618,0.0
662,39720.0,39780.0,125,478.241935483871,9.96120194509306,5.739607079835197,0.0
663,39780.0,39840.0,123,487.4754098360656,6.723848163675838,6.353238258056781,0.0
664,39840.0,39900.0,122,492.3305785123967,13.018825106841803,15.743781841306957,2.479338842975207
665,39900.0,39960.0,128,470.5826771653543,10.547279002814166,5.017429937189275,0.0
666,39960.0,40020.0,129,466.0,13.906323265754091,6.299606286910218,0.0
667,40020.0,40080.0,129,462.15625,15.442266112108202,4.5141945855163925,0.0
668,40080.0,40140.0,128,468.3622047244094,12.632579002067219,6.0,0.0
669,40140.0,40200.0,133,454.469696969697,15.28729422733035,4.839405679238338,0.0
670,40200.0,40260.0,129,462.1875,17.27487365634029,5.341856706320953,0.0
671,40260.0,40320.0,127,472.031746031746,6.0977851820955555,5.027922035990614,0.0
672,40320.0,40380.0,136,441.8074074074074,12.415383029355816,3.8284091236322233,0.0
673,40380.0,40440.0,131,459.2153846153846,18.74429509712578,7.072164016478195,0.0
674,40440.0,40500.0,127,471.1746031746032,7.285140344651559,6.40499804839939,0.0
675,40500.0,40560.0,122,491.58677685950414,101.97284519432021,118.65875441786838,3.3057851239669422
676,40560.0,40620.0,132,455.1297709923664,19.48900950499059,5.375156527237853,0.0
677,40620.0,40680.0,136,440.3851851851852,19.520362573547757,5.769192498916312,0.0
678,40680.0,40740.0,130,462.6821705426357,9.547565540594,5.018714974971183,0.0
679,40740.0,40800.0,130,460.1085271317829,10.384213010380769,4.898979485566356,0.0
680,40800.0,40860.0,136,443.837037037037,14.148575903975576,3.095495041546474,0.0
681,40860.0,40920.0,136,440.85925925925926,19.64542518731758,4.5580828648660034,0.0
682,40920.0,40980.0,130,460.6511627906977,9.351346128692095,5.021827356650166,0.0
683,40980.0,41040.0,126,474.72,40.047069080464354,12.2829543572357,0.8
684,41040.0,41100.0,133,453.92424242424244,13.004767893788655,5.12738494126176,0.0
685,41100.0,41160.0,137,437.70588235294116,21.56063547715255,11.899579824514813,0.7352941176470588
686,41160.0,41220.0,134,446.2105263157895,20.844682714020042,21.15741864302835,4.511278195488721
687,41220.0,41280.0,129,465.265625,12.929539136545609,6.317080956503852,0.0
688,41280.0,41340.0,131,458.16923076923075,15.992313299676656,5.518116744243526,0.0
689,41340.0,41400.0,132,453.587786259542,9.529605875301401,3.9807227793648035,0.0
690,41400.0,41460.0,131,458.18461538461537,18.933496266106694,4.302514137917125,0.0
691,41460.0,41520.0,137,439.9117647058824,92.9799238058239,106.50765926205251,14.705882352941178
692,41520.0,41580.0,132,452.8854961832061,193.22416799073932,260.08625788084527,52.67175572519084
693,41580.0,41640.0,132,453.7709923664122,224.7751206081141,273.4887425611744,18.3206106870229
694,41640.0,41700.0,135,444.55223880597015,34.83960393673927,13.80530572517007,0.7462686567164178
695,41700.0,41760.0,133,452.5151515151515,15.903566669187619,7.026666763233242,0.0
696,41760.0,41820.0,135,441.94029850746267,34.4756122136244,38.0474575044955,6.7164179104477615
697,41820.0,41880.0,144,418.7412587412587,127.40612193080311,157.99625597275542,28.671328671328673
698,41880.0,41940.0,141,425.4714285714286,288.2340786060645,398.74692213692265,24.285714285714285
699,41940.0,42000.0,134,447.89473684210526,279.97189423761523,364.73261272866563,33.08270676691729
700,42000.0,42060.0,133,451.92424242424244,112.81313477288136,149.1632642084269,10.606060606060606
701,42060.0,42120.0,128,468.53543307086613,25.267393906983035,11.717575999394555,0.0
702,42120.0,42180.0,125,479.14516129032256,26.814840433115553,10.668698993381627,0.0
703,42180.0,42240.0,124,483.7886178861789,26.94720157389757,9.892868767906325,0.0
704,42240.0,42300.0,130,462.93023255813955,41.9858953337516,55.095939051803086,1.550387596899225
705,42300.0,42360.0,139,424.05797101449275,107.6739989295847,162.26723925150932,31.15942028985507
706,42360.0,42420.0,129,463.9375,186.67736072666662,214.2577739564831,36.71875
707,42420.0,42480.0,134,449.0075187969925,51.36183234491635,50.43537719425991,3.7593984962406015
708,42480.0,42540.0,124,485.6585365853659,30.655898068160617,12.931091011747554,0.8130081300813009
709,42540.0,42600.0,125,477.4032258064516,20.720328714330225,12.55880476939475,0.8064516129032258
710,42600.0,42660.0,126,475.488,18.869507746113708,13.231194811090655,0.8
711,42660.0,42720.0,132,457.37404580152673,16.527988326501294,5.640512797200678,0.0
712,42720.0,42780.0,126,474.784,23.82448726727161,10.504991133250776,0.0
713,42780.0,42840.0,128,468.45669291338584,19.36481669121385,5.986757873947287,0.0
714,42840.0,42900.0,132,455.2671755725191,17.847570154583604,6.780061265890653,0.0
715,42900.0,42960.0,126,476.272,31.61904693428089,18.376001179659266,2.4
716,42960.0,43020.0,124,481.4959349593496,17.633041815519697,7.119587389039054,0.0
717,43020.0,43080.0,123,488.8524590163934,22.16231338103342,7.476685525437124,0.0
718,43080.0,43140.0,126,476.992,22.242974969276727,6.06949006733015,0.0
719,43140.0,43200.0,124,483.0081300813008,20.311305071015457,6.319369132240037,0.0
720,43200.0,43260.0,122,492.6611570247934,14.745368605660712,6.514087298565573,0.0
721,43260.0,43320.0,128,467.8267716535433,22.025992757543996,11.51810169544733,0.7874015748031495
722,43320.0,43380.0,129,465.890625,23.752408705041653,5.875345525104892,0.0
723,43380.0,43440.0,123,485.72131147540983,17.498648021014034,7.925270806437588,0.0
724,43440.0,43500.0,125,481.2096774193548,23.45425375933523,7.478967799743057,0.0
725,43500.0,43560.0,120,502.3193277310924,19.65978980399955,10.837787002826918,0.8403361344537815
726,43560.0,43620.0,124,483.7560975609756,9.02305013986232,3.896194023512235,0.0
727,43620.0,43680.0,126,472.96,26.60778445395984,11.165904323199205,0.8
728,43680.0,43740.0,125,483.11290322580646,27.277916163115187,6.421508573359034,0.0
729,43740.0,43800.0,123,487.72131147540983,12.748853323955647,6.800583348823652,0.0
730,43800.0,43860.0,120,497.6470588235294,11.532260009954182,6.769823371002841,0.0
731,43860.0,43920.0,121,495.06666666666666,15.50263373304886,7.570397900358204,0.0
732,43920.0,43980.0,119,507.50847457627117,6.340408683088092,6.65383380266627,0.0
733,43980.0,44040.0,121,492.6666666666667,29.568701751164184,5.768648968724804,0.0
734,44040.0,44100.0,123,490.672131147541,12.548380833254035,8.635885154209394,0.0
735,44100.0,44160.0,122,491.60330578512395,18.082440533495,8.459708426811568,0.0
736,44160.0,44220.0,121,493.25,17.45498411881934,16.374811564763505,2.5
737,44220.0,44280.0,122,493.7190082644628,12.874537623086294,6.95221787153807,0.0
738,44280.0,44340.0,121,493.95,12.19302045840815,7.6805987161584905,0.0
739,44340.0,44400.0,124,484.5040650406504,21.041089381407765,8.02659513792721,0.0
740,44400.0,44460.0,123,489.4918032786885,20.168810673761573,7.227129787037015,0.0
741,44460.0,44520.0,121,497.3666666666667,13.000280109027086,9.102589898327995,0.0
742,44520.0,44580.0,124,480.260162601626,17.846263969757427,6.212098190983963,0.0
743,44580.0,44640.0,127,475.41269841269843,16.61626665229941,13.378191208081907,2.380952380952381
744,44640.0,44700.0,117,512.4655172413793,44.451719003193006,27.87113201863175,2.586206896551724
745,44700.0,44760.0,126,474.32,27.879232645523548,12.767145334803704,0.8
746,44760.0,44820.0,131,460.53846153846155,23.069545630533874,7.495735221552847,0.0
747,44820.0,44880.0,141,423.64285714285717,37.12027339357804,50.53099340962959,6.428571428571428
748,44880.0,44940.0,148,405.74149659863946,37.1389631156619,47.91630831710354,2.7210884353741496
749,44940.0,45000.0,159,378.40506329113924,95.27907637347224,138.38200612013975,8.227848101265822
750,45000.0,45060.0,149,400.4594594594595,155.35083745839788,187.30636259718395,20.27027027027027
751,45060.0,45120.0,147,408.28767123287673,192.6527681823766,259.2381410848015,6.164383561643835
752,45120.0,45180.0,132,453.40458015267177,40.304757998558586,14.787728800492761,0.7633587786259541
753,45180.0,45240.0,141,427.7857142857143,64.65478730201545,82.64633849231949,9.285714285714286
754,45240.0,45300.0,132,452.7328244274809,26.53555653124282,8.889059827416206,0.0
755,45300.0,45360.0,134,449.8045112781955,17.146189013189147,6.386538873903359,0.0
756,45360.0,45420.0,137,436.0147058823529,40.970085797850416,51.512529939236536,2.941176470588235
757,45420.0,45480.0,130,462.6046511627907,13.270278470992023,6.504805915628844,0.0
758,45480.0,45540.0,127,471.3809523809524,22.82379710490159,7.26636084983398,0.0
759,45540.0,45600.0,125,480.64516129032256,12.20035555152103,8.13304011200084,0.0
760,45600.0,45660.0,123,487.9672131147541,11.252132526057396,6.97575494300032,0.0
761,45660.0,45720.0,126,475.616,11.050313088543634,6.453306229393006,0.0
762,45720.0,45780.0,130,462.3410852713178,19.70901448418932,13.032411518978366,0.7751937984496124
763,45780.0,45840.0,125,478.4516129032258,11.453231048155528,7.426605654315803,0.0
764,45840.0,45900.0,130,464.2015503875969,9.099604940738876,5.573374202401989,0.0
765,45900.0,45960.0,128,465.9527559055118,4.601342571013164,4.65985898008574,0.0
766,45960.0,46020.0,140,431.1798561151079,122.34183825815659,140.6648808183911,14.388489208633093
767,46020.0,46080.0,137,436.69117647058823,10.014444904926716,6.570416301146403,0.0
768,46080.0,46140.0,135,443.910447761194,7.336654998357206,6.199684687592097,0.0
769,46140.0,46200.0,137,437.47058823529414,17.103147285187703,6.1439521603075775,0.0
770,46200.0,46260.0,134,448.2406015037594,7.734368768135696,5.752469825293227,0.0
771,46260.0,46320.0,134,448.78195488721803,7.117347933325308,5.018148879997303,0.0
772,46320.0,46380.0,132,454.412213740458,7.498584716729124,5.673148630576796,0.0
773,46380.0,46440.0,133,451.25757575757575,7.472720068571056,5.1452193775142465,0.0
774,46440.0,46500.0,133,450.0151515151515,6.925982553256465,4.740599375896268,0.0
775,46500.0,46560.0,135,443.55223880597015,6.620277762815442,3.9962388332068035,0.0
776,46560.0,46620.0,136,442.4592592592593,6.5423567835321625,4.3193421279068005,0.0
777,46620.0,46680.0,135,446.13432835820896,10.2045184189185,4.932628819166223,0.0
778,46680.0,46740.0,134,445.8796992481203,5.21512601025157,4.489043901713944,0.0
779,46740.0,46800.0,134,449.29323308270676,6.209452660804819,4.126778771669621,0.0
780,46800.0,46860.0,132,452.1832061068702,5.8988936729598285,4.752327365051295,0.0
781,46860.0,46920.0,131,460.5076923076923,6.94300847805164,6.3831172671753125,0.0
782,46920.0,46980.0,131,457.83076923076925,6.536882197275811,5.393076238829695,0.0
783,46980.0,47040.0,133,449.969696969697,12.508280856448959,4.948590669910031,0.0
784,47040.0,47100.0,140,429.76978417266184,13.577643894328535,5.917304517567368,0.0
785,47100.0,47160.0,135,443.0149253731343,6.046169575503349,5.415100024069425,0.0
786,47160.0,47220.0,133,451.530303030303,6.8878024658257315,6.103434147834035,0.0
787,47220.0,47280.0,133,452.6969696969697,5.040203851959137,5.936045924803315,0.0
788,47280.0,47340.0,133,450.56060606060606,4.525175675823229,4.8708511411964395,0.0
789,47340.0,47400.0,131,455.4,4.709548275709711,4.974352826902373,0.0
790,47400.0,47460.0,133,452.6666666666667,4.35568710746273,4.237239487364674,0.0
791,47460.0,47520.0,136,439.6592592592593,6.769293006320332,2.972510873911547,0.0
792,47520.0,47580.0,137,439.0882352941176,6.016607372112004,3.4297176214614176,0.0
793,47580.0,47640.0,137,439.0147058823529,5.000718902566276,3.3333333333333335,0.0
794,47640.0,47700.0,136,440.8,3.8494039081085254,2.709849365202714,0.0
795,47700.0,47760.0,135,444.56716417910445,3.525306494847929,2.4769615148129898,0.0
796,47760.0,47820.0,132,452.793893129771,8.170036773527926,4.198900955103517,0.0
797,47820.0,47880.0,131,459.4923076923077,6.688235829368063,4.7544348941583685,0.0
798,47880.0,47940.0,131,459.26153846153846,5.585909524122955,4.019333123751989,0.0
799,47940.0,48000.0,130,459.50387596899225,5.798873854852864,3.832427429188973,0.0
800,48000.0,48060.0,134,446.76691729323306,40.57893303592416,52.74639151811068,3.7593984962406015
801,48060.0,48120.0,113,531.4464285714286,128.82985771699913,58.10738738291774,20.535714285714285
802,48120.0,48180.0,112,536.1081081081081,73.68129790478491,15.939658944680318,1.8018018018018018
803,48180.0,48240.0,131,458.04615384615386,16.21649152854981,7.586197176247084,0.0
804,48240.0,48300.0,134,446.6616541353383,16.327559532073703,5.404823883543405,0.0
805,48300.0,48360.0,129,465.859375,9.788901295992169,5.628946559533031,0.0
806,48360.0,48420.0,137,440.13235294117646,9.356169541897584,2.864857310130368,0.0
807,48420.0,48480.0,138,434.014598540146,67.4089784342626,83.75208513646619,6.569343065693431
808,48480.0,48540.0,137,436.86764705882354,9.929237651934004,3.3554819712314443,0.0
809,48540.0,48600.0,139,433.0869565217391,12.549742348167754,3.7591736939537483,0.0
810,48600.0,48660.0,140,426.63309352517985,15.850818972529002,4.580994132977777,0.0
811,48660.0,48720.0,145,413.2638888888889,18.239657903456425,3.398889164484119,0.0
812,48720.0,48780.0,147,409.2054794520548,6.4604022595150585,2.325273435904719,0.0
813,48780.0,48840.0,141,426.34285714285716,10.92536579146377,3.178162900869059,0.0
814,48840.0,48900.0,143,418.50704225352115,6.63297851313034,2.2534449592561967,0.0
815,48900.0,48960.0,142,422.5673758865248,6.339563937841926,2.8030595529069404,0.0
816,48960.0,49020.0,142,423.0070921985816,12.82101871030575,18.59646663827759,4.25531914893617
817,49020.0,49080.0,143,421.16901408450707,11.525470917586865,6.52980075288216,0.7042253521126761
818,49080.0,49140.0,142,422.01418439716315,35.03752800632953,48.702009345464525,1.4184397163120568
819,49140.0,49200.0,138,433.51824817518246,12.291856576002465,4.098062669976976,0.0
820,49200.0,49260.0,137,439.5735294117647,9.04444364150243,3.966526608171604,0.0
821,49260.0,49320.0,140,428.1726618705036,10.939840802138955,2.371326296779315,0.0
822,49320.0,49380.0,142,421.5177304964539,10.256428532444163,3.1892677171144745,0.0
823,49380.0,49440.0,138,433.9124087591241,44.329560322880745,66.0247279879467,2.18978102189781
824,49440.0,49500.0,135,444.82089552238807,13.911022700559025,14.269163344653077,2.2388059701492535
825,49500.0,49560.0,137,439.1764705882353,8.608249577255165,3.1925839993009726,0.0
826,49560.0,49620.0,137,436.05882352941177,11.38664891091665,3.775162493436786,0.0
827,49620.0,49680.0,135,444.089552238806,8.910129984425359,3.8113404189961417,0.0
828,49680.0,49740.0,135,445.4029850746269,15.150433331099025,4.926527853542424,0.0
829,49740.0,49800.0,132,453.80152671755724,10.591302561956015,5.460346565501554,0.0
830,49800.0,49860.0,138,436.4379562043796,13.046783079876892,2.95057322446693,0.0
831,49860.0,49920.0,134,445.9398496240602,5.778433517538271,3.1526804372460493,0.0
832,49920.0,49980.0,142,424.97872340425533,12.720325739936504,11.588171308956142,2.127659574468085
833,49980.0,50040.0,140,427.45323741007195,15.98514846122131,3.8823271073050942,0.0
834,50040.0,50100.0,137,436.3382352941176,16.804858463368745,3.7436365762203487,0.0
835,50100.0,50160.0,136,443.57037037037037,9.968263625754908,3.6158853501834987,0.0
836,50160.0,50220.0,133,450.3636363636364,12.902022284988183,4.4959693568812575,0.0
837,50220.0,50280.0,134,446.97744360902254,11.57483304769547,3.6597731342173923,0.0
838,50280.0,50340.0,132,453.8320610687023,14.997513984634882,5.1560270930839165,0.0
839,50340.0,50400.0,133,451.4848484848485,11.470829148362109,4.576741732444183,0.0
840,50400.0,50460.0,122,494.7603305785124,55.59871473235516,21.822007240398396,4.132231404958678
841,50460.0,50520.0,131,456.18461538461537,9.148037121932639,4.377532489619513,0.0
842,50520.0,50580.0,132,454.03053435114504,5.656771206395326,3.007682470965618,0.0
843,50580.0,50640.0,128,468.8976377952756,9.806731285330866,4.0512588676482295,0.0
844,50640.0,50700.0,130,460.7596899224806,17.97253772852072,3.6228441865473595,0.0
845,50700.0,50760.0,127,475.23809523809524,10.690877285932016,14.455448799674121,2.380952380952381
846,50760.0,50820.0,131,456.12307692307695,14.702747401653465,13.484415351224579,2.307692307692308
847,50820.0,50880.0,128,471.07086614173227,6.358572644017001,3.3237958793552664,0.0
848,50880.0,50940.0,126,474.336,15.163062079042717,18.004479729294616,2.4
849,50940.0,51000.0,131,459.44615384615383,13.068728008459493,4.695371298194316,0.0
850,51000.0,51060.0,128,467.4803149606299,5.208129167351941,3.256251618529287,0.0
851,51060.0,51120.0,129,467.0625,7.94840646635102,2.833989425349383,0.0
852,51120.0,51180.0,125,477.01612903225805,8.601364867084246,4.777998356287173,0.0
853,51180.0,51240.0,126,478.72,10.36557578190052,15.181695260007755,2.4
854,51240.0,51300.0,127,471.07936507936506,7.022937476131395,2.9664793948382653,0.0
855,51300.0,51360.0,128,468.2992125984252,13.39054094040511,11.817393691114537,1.574803149606299
856,51360.0,51420.0,128,467.76377952755905,53.69792888514585,57.073330719041444,3.937007874015748
857,51420.0,51480.0,129,467.984375,17.86651483536184,5.578360891536193,0.0
858,51480.0,51540.0,131,457.16923076923075,8.600647588326172,3.8418341872705306,0.0
859,51540.0,51600.0,131,456.6923076923077,41.62342180425931,57.45345267959273,3.076923076923077
860,51600.0,51660.0,140,429.42446043165467,41.58890919904219,58.7611229063689,10.071942446043165
861,51660.0,51720.0,150,398.99328859060404,42.90191463066612,57.03294448611922,3.3557046979865772
862,51720.0,51780.0,157,383.9230769230769,33.22329894896215,48.459627360009364,8.333333333333332
863,51780.0,51840.0,124,481.8211382113821,230.01169009922174,252.4807410282296,36.58536585365854
864,51840.0,51900.0,158,380.2929936305732,46.513750537423356,59.36134458356912,7.006369426751593
865,51900.0,51960.0,147,407.4931506849315,20.95882550517676,5.3019189759544805,0.0
866,51960.0,52020.0,148,404.8707482993197,22.38647833961187,11.718151240411206,1.3605442176870748
867,52020.0,52080.0,124,484.520325203252,276.0303900349456,333.95543042178053,40.65040650406504
868,52080.0,52140.0,112,539.5495495495495,323.1232452384563,368.93044429441267,62.16216216216216
869,52140.0,52200.0,133,444.5,156.9828842714978,208.530738027491,32.57575757575758
870,52200.0,52260.0,106,563.8095238095239,335.75202889695976,414.0643298217914,58.0952380952381
871,52260.0,52320.0,73,814.3055555555555,551.23029207245,748.345818982596,86.11111111111111
872,52320.0,52380.0,116,518.295652173913,242.56643054335575,277.8577826306491,42.608695652173914
873,52380.0,52440.0,131,458.6307692307692,30.023282557504068,10.360928395144054,0.0
874,52440.0,52500.0,117,512.2931034482758,38.97134225609094,14.866361210873826,0.0
875,52500.0,52560.0,121,497.56666666666666,36.04775854832785,20.718197254563236,3.3333333333333335
876,52560.0,52620.0,121,497.25,44.994163953961475,49.10869439871333,5.0
877,52620.0,52680.0,120,497.39495798319325,105.58972556008538,133.76452875311293,10.084033613445378
878,52680.0,52740.0,127,473.3333333333333,42.232120477191295,47.326947926102314,3.968253968253968
879,52740.0,52800.0,121,496.8333333333333,22.40585657732338,9.01166377721747,0.0
880,52800.0,52860.0,124,482.0975609756098,47.63306033235057,62.39325310309509,1.6260162601626018
881,52860.0,52920.0,128,468.9133858267717,44.481318286899196,60.28214087054729,3.937007874015748
882,52920.0,52980.0,132,454.19847328244276,77.85622052587887,108.7641060701129,1.5267175572519083
883,52980.0,53040.0,126,477.312,57.39006545477385,75.08747586820364,4.0
884,53040.0,53100.0,128,470.66141732283467,144.95430152744203,212.66375576452378,29.133858267716533
885,53100.0,53160.0,124,483.9024390243902,192.8942381854625,213.07837394400906,29.268292682926827
886,53160.0,53220.0,144,415.86013986013984,36.221268633066295,48.42418206279487,1.3986013986013985
887,53220.0,53280.0,139,430.2173913043478,39.86010923810295,52.82058877502357,1.4492753623188406
888,53280.0,53340.0,137,438.88235294117646,33.16112378552564,39.925857211512366,4.411764705882353
889,53340.0,53400.0,131,459.6923076923077,165.07784614904244,187.33702995056174,10.0
890,53400.0,53460.0,141,425.5285714285714,46.99830746334725,64.36250751874665,15.714285714285714
891,53460.0,53520.0,131,449.33846153846156,136.71208663930815,147.88273166797197,10.0
892,53520.0,53580.0,133,453.5151515151515,8.456881969651914,2.9602970760763108,0.0
893,53580.0,53640.0,128,466.251968503937,43.46134361649879,58.029822655771724,1.574803149606299
894,53640.0,53700.0,131,458.0615384615385,12.169190889994038,4.751172845819515,0.0
895,53700.0,53760.0,127,475.1111111111111,13.380715808788242,6.268652167731115,0.0
896,53760.0,53820.0,122,488.2314049586777,19.716642855964142,7.582875444051551,0.0
897,53820.0,53880.0,125,482.3225806451613,12.94487900573498,6.812231944454083,0.0
898,53880.0,53940.0,127,470.55555555555554,27.640710716059548,7.971950827745991,0.0
899,53940.0,54000.0,128,470.6456692913386,18.108810255615655,6.587626689242902,0.0
900,54000.0,54060.0,123,487.5409836065574,8.150594503473942,5.735203743850001,0.0
901,54060.0,54120.0,115,521.3859649122807,116.44988354006342,59.09763932215336,11.403508771929824
902,54120.0,54180.0,122,490.1818181818182,28.557544245493755,13.402736039082965,0.0
903,54180.0,54240.0,126,478.272,18.866840684633843,7.06650436007562,0.0
904,54240.0,54300.0,123,488.11475409836066,15.736044175798092,6.9781240226892685,0.0
905,54300.0,54360.0,127,471.57142857142856,25.604508531562505,21.463270952955888,3.968253968253968
906,54360.0,54420.0,123,486.0327868852459,16.566387570250807,6.504925025453934,0.0
907,54420.0,54480.0,132,457.57251908396944,30.617247661647074,39.24361780546664,1.5267175572519083
908,54480.0,54540.0,131,457.1384615384615,21.20543803522934,15.453857299275045,0.7692307692307693
909,54540.0,54600.0,140,427.68345323741005,17.517294134250324,21.871826892013452,5.0359712230215825
910,54600.0,54660.0,137,439.6470588235294,14.442493583693665,15.470880651990957,2.2058823529411766
911,54660.0,54720.0,134,447.17293233082705,10.225125974029861,8.462036433746938,0.0
912,54720.0,54780.0,133,450.93939393939394,16.186771328529368,15.942645292776783,2.272727272727273
913,54780.0,54840.0,133,451.06060606060606,13.037677388666868,6.961179157813393,0.0
914,54840.0,54900.0,129,465.5625,9.77845132095162,3.7772631011663815,0.0
915,54900.0,54960.0,128,468.251968503937,10.887570096315097,4.563485162175596,0.0
916,54960.0,55020.0,129,463.703125,15.839927311831152,4.447418077835175,0.0
917,55020.0,55080.0,129,465.625,11.189843538906022,3.8556635916899524,0.0
918,55080.0,55140.0,128,468.12598425196853,16.844287866982732,6.26403186758299,0.0
919,55140.0,55200.0,136,443.97037037037035,13.73737724035748,4.69041575982343,0.0
920,55200.0,55260.0,131,456.2,7.952767545195004,4.14840961400648,0.0
921,55260.0,55320.0,129,464.75,28.052818573563332,6.89859052133857,0.0
922,55320.0,55380.0,130,462.6821705426357,13.72155267278226,6.324555320336759,0.0
923,55380.0,55440.0,126,474.384,16.695945036000843,6.037517114114527,0.0
924,55440.0,55500.0,128,469.29133858267716,9.646210075926003,4.4005771627230175,0.0
925,55500.0,55560.0,128,468.40944881889766,14.807416808847217,4.382504900892776,0.0
926,55560.0,55620.0,129,464.828125,13.607610986931304,4.233350899998686,0.0
927,55620.0,55680.0,129,466.1875,10.458579720200039,4.310762944694863,0.0
928,55680.0,55740.0,128,469.07086614173227,10.570384731447984,4.747597554519817,0.0
929,55740.0,55800.0,131,457.2153846153846,16.68773147057053,5.232575366035381,0.0
930,55800.0,55860.0,130,461.16279069767444,8.974608885693169,3.984344362627307,0.0
931,55860.0,55920.0,131,458.75384615384615,8.33509581838921,3.3457134440373704,0.0
932,55920.0,55980.0,130,463.1937984496124,9.275368523153679,3.5925269657999785,0.0
933,55980.0,56040.0,126,474.224,11.300059948456454,4.621129592391607,0.0
934,56040.0,56100.0,127,473.8888888888889,8.527810712929524,3.5145412218382073,0.0
935,56100.0,56160.0,124,481.5609756097561,18.597614134598025,5.54268089243913,0.0
936,56160.0,56220.0,125,479.9193548387097,7.3447030569667735,4.4135784570740295,0.0
937,56220.0,56280.0,123,489.6885245901639,13.98705538940675,4.875304610106154,0.0
938,56280.0,56340.0,132,455.4961832061069,28.99691602853961,6.950373537277857,0.0
939,56340.0,56400.0,131,456.6923076923077,15.469322556909459,4.557981329322183,0.0
940,56400.0,56460.0,133,452.969696969697,9.758878825869598,3.379326460738038,0.0
941,56460.0,56520.0,127,471.4761904761905,12.316307424363384,4.905507109361885,0.0
942,56520.0,56580.0,124,484.5853658536585,11.579325010246619,4.725237438738821,0.0
943,56580.0,56640.0,120,498.92436974789916,32.7691358672951,7.178121183764841,0.0
944,56640.0,56700.0,124,481.8211382113821,8.717828463561627,4.085159065466598,0.0
945,56700.0,56760.0,122,493.45454545454544,10.589302778433211,4.06201920231798,0.0
946,56760.0,56820.0,119,505.52542372881356,8.57616640235016,4.673986932604096,0.0
947,56820.0,56880.0,121,493.8,17.297009990800394,4.392506988845757,0.0
948,56880.0,56940.0,123,488.42622950819674,10.369151668630176,5.916778216462902,0.0
949,56940.0,57000.0,123,490.08196721311475,19.93609217737271,25.768838892182156,2.459016393442623
950,57000.0,57060.0,118,507.53846153846155,8.247819420849305,4.986187818917098,0.0
951,57060.0,57120.0,116,518.295652173913,6.618652421600318,6.087087282021457,0.0
952,57120.0,57180.0,122,488.56198347107437,17.027865672667,5.458937625582473,0.0
953,57180.0,57240.0,123,489.21311475409834,12.020801191788664,4.92589715787057,0.0
954,57240.0,57300.0,120,501.42857142857144,14.745623555603999,5.135453373941994,0.0
955,57300.0,57360.0,119,502.23728813559325,9.293576465661962,4.581643044962472,0.0
956,57360.0,57420.0,119,506.4237288135593,18.294554222014803,12.01992647559179,0.847457627118644
957,57420.0,57480.0,120,498.92436974789916,10.349125619223438,4.776354187247204,0.0
958,57480.0,57540.0,122,490.2314049586777,20.2471233885123,5.186520991955976,0.0
959,57540.0,57600.0,121,495.35,7.034906962169901,5.1367844632463155,0.0
960,57600.0,57660.0,130,461.1007751937984,45.67340667740233,53.246185309372166,1.550387596899225
961,57660.0,57720.0,125,481.5967741935484,19.100044419494047,7.229119075075885,0.0
962,57720.0,57780.0,124,484.0,15.563724110787922,5.697281491504753,0.0
963,57780.0,57840.0,126,476.944,17.12868938360434,6.203536972384539,0.0
964,57840.0,57900.0,122,491.3223140495868,13.098482657693,6.019413038937712,0.0
965,57900.0,57960.0,123,486.1803278688525,11.61077897134235,5.378254348272378,0.0
966,57960.0,58020.0,127,473.23809523809524,14.884853279184755,14.013707575085188,2.380952380952381
967,58020.0,58080.0,127,470.8888888888889,16.88465443992134,4.8694968939306245,0.0
968,58080.0,58140.0,130,463.1782945736434,16.432841360939335,4.677071733467427,0.0
969,58140.0,58200.0,131,456.2307692307692,33.729093659534044,7.146311457098722,0.0
970,58200.0,58260.0,125,483.06451612903226,18.29911452630679,8.246211251235321,0.0
971,58260.0,58320.0,124,483.1382113821138,16.877730600327947,5.633622717047423,0.0
972,58320.0,58380.0,125,478.14516129032256,13.06686590298605,6.136655162657084,0.0
973,58380.0,58440.0,127,474.0952380952381,12.834596103612189,4.126015026632841,0.0
974,58440.0,58500.0,125,481.2741935483871,15.28979611368336,5.596165934881819,0.0
975,58500.0,58560.0,125,479.19354838709677,25.03580441595071,8.712200584490136,0.0
976,58560.0,58620.0,123,486.8524590163934,15.449021542820692,7.4234384227613095,0.0
977,58620.0,58680.0,124,482.1138211382114,10.892321894932602,5.279095799378563,0.0
978,58680.0,58740.0,126,478.672,9.817509046136284,5.825417055539264,0.0
979,58740.0,58800.0,125,480.5806451612903,9.219188873367434,6.008124580566697,0.0
980,58800.0,58860.0,133,450.3787878787879,25.11911479910347,14.120528070051035,2.272727272727273
981,58860.0,58920.0,125,478.5,13.115187001385104,11.72447929053339,0.8064516129032258
982,58920.0,58980.0,131,459.4,72.93010352385357,107.51873822626195,12.307692307692308
983,58980.0,59040.0,132,454.9770992366412,57.75404956149494,79.05266015083285,12.213740458015266
984,59040.0,59100.0,124,483.8048780487805,49.26836156621643,61.778557476963044,5.691056910569105
985,59100.0,59160.0,130,462.4186046511628,69.87742590538657,107.9138834904944,11.627906976744185
986,59160.0,59220.0,129,461.78125,47.14008901270748,53.77263303012162,4.6875
987,59220.0,59280.0,123,489.91803278688525,22.237482378730977,10.509342557540673,0.819672131147541
988,59280.0,59340.0,121,495.01666666666665,12.431988647706152,7.572617632967219,0.0
989,59340.0,59400.0,129,464.953125,87.0394841504768,115.4282679388809,21.875
990,59400.0,59460.0,126,476.288,49.23394056162686,58.28461867588694,10.4
991,59460.0,59520.0,126,478.128,101.54952518114564,144.16791285433175,24.8
992,59520.0,59580.0,121,493.18333333333334,178.13534573621322,215.71082416945504,16.666666666666664
993,59580.0,59640.0,121,499.73333333333335,24.02790161504764,14.412879394381083,0.8333333333333334
994,59640.0,59700.0,124,482.7154471544715,23.772321805404818,8.299713603591352,0.0
995,59700.0,59760.0,126,476.16,16.577481811958247,6.337293611833102,0.0
996,59760.0,59820.0,126,474.736,117.5059465894002,163.88154652163428,13.600000000000001
997,59820.0,59880.0,121,499.78333333333336,63.280512397575606,72.37878885163975,5.0
998,59880.0,59940.0,122,488.099173553719,98.52980978352673,137.35465044912021,13.223140495867769
999,59940.0,60000.0,119,507.6779661016949,281.2415660685966,408.52961268975895,38.983050847457626
1000,60000.0,60060.0,115,519.578947368421,134.62618811477873,164.74609050379067,8.771929824561402
1001,60060.0,60120.0,120,500.60504201680675,173.8455489496837,239.03237139825055,36.134453781512605
1002,60120.0,60180.0,117,515.5862068965517,222.29858764500847,257.1236887265501,42.241379310344826
1003,60180.0,60240.0,123,487.2950819672131,20.62642472898936,12.792042981336627,0.0
1004,60240.0,60300.0,120,497.34453781512605,25.744651238059543,11.55385327168944,0.0
1005,60300.0,60360.0,125,481.93548387096774,27.711563708650573,8.728981724761457,0.0
1006,60360.0,60420.0,118,507.9316239316239,81.21615756686793,108.0512330587543,6.837606837606838
1007,60420.0,60480.0,116,519.7217391304348,24.86579692264088,12.413914094994162,0.0
1008,60480.0,60540.0,126,474.896,27.596699194860477,16.189403145068333,2.4
1009,60540.0,60600.0,121,493.01666666666665,50.647568455713554,59.72120099880357,5.833333333333333
1010,60600.0,60660.0,117,515.3965517241379,27.803308939872554,13.568505732986479,0.0
1011,60660.0,60720.0,119,503.47457627118644,54.18513876183609,59.75562770764812,1.694915254237288
1012,60720.0,60780.0,114,524.1592920353983,20.448788984262187,11.640446726822816,0.0
1013,60780.0,60840.0,118,512.2564102564103,55.884448803196904,63.91993914804406,5.982905982905983
1014,60840.0,60900.0,110,544.0733944954128,30.993340509911206,14.925742118158741,0.9174311926605505
1015,60900.0,60960.0,115,520.6140350877193,90.78424376684174,126.8730813098742,4.385964912280701
1016,60960.0,61020.0,113,531.9464285714286,26.873691641553503,13.901843807972426,0.0
1017,61020.0,61080.0,120,499.3613445378151,31.57979698854815,21.79566120716752,4.201680672268908
1018,61080.0,61140.0,114,527.7699115044247,24.65295144948511,13.158375931050806,0.0
1019,61140.0,61200.0,112,535.3333333333334,65.70807800530704,52.694660761098675,7.207207207207207
1020,61200.0,61260.0,121,494.26666666666665,24.838210375908147,9.36110314550803,0.0
1021,61260.0,61320.0,130,464.06201550387595,45.537030250456695,27.59245820872073,6.2015503875969
1022,61320.0,61380.0,127,469.7936507936508,47.82556930518527,35.939059531378945,11.11111111111111
1023,61380.0,61440.0,125,480.61290322580646,189.25874703190897,271.47887668804896,23.387096774193548
1024,61440.0,61500.0,124,486.1463414634146,19.357161984959347,11.887450332591765,0.0
1025,61500.0,61560.0,123,487.57377049180326,44.22798150096124,32.804958302918145,3.278688524590164
1026,61560.0,61620.0,126,473.552,28.40134481141296,6.953764355345773,0.0
1027,61620.0,61680.0,122,494.2809917355372,49.480168273173824,13.501851724856113,0.0
1028,61680.0,61740.0,119,504.59322033898303,39.25747515254573,13.836653911007222,0.0
1029,61740.0,61800.0,115,521.140350877193,16.63766767658567,11.87695023575728,0.0
1030,61800.0,61860.0,130,461.3488372093023,27.823284752498306,13.86880492328016,0.7751937984496124
1031,61860.0,61920.0,128,469.4173228346457,62.003128562243226,68.45250931664982,3.937007874015748
1032,61920.0,61980.0,124,481.2682926829268,33.38132224658017,15.652999503054453,2.4390243902439024
1033,61980.0,62040.0,125,480.0483870967742,96.64736461388013,131.7468624763327,8.064516129032258
1034,62040.0,62100.0,124,485.7073170731707,24.474386647254235,7.5595992607813915,0.0
1035,62100.0,62160.0,140,428.71942446043164,19.010305663126104,25.079583474339774,4.316546762589928
1036,62160.0,62220.0,139,431.07246376811594,54.1801048519542,56.63121833857143,7.971014492753622
1037,62220.0,62280.0,125,481.14516129032256,29.891047018190793,10.797470345115958,0.0
1038,62280.0,62340.0,128,466.53543307086613,67.3146833289442,87.26496778876735,13.385826771653544
1039,62340.0,62400.0,136,441.46666666666664,96.24539531532396,127.00875513364035,8.148148148148149
1040,62400.0,62460.0,132,457.14503816793894,93.17016047058155,118.19202107652549,9.16030534351145
1041,62460.0,62520.0,118,503.12820512820514,240.8358125241436,303.4418651360444,35.04273504273504
1042,62520.0,62580.0,115,517.6140350877193,251.69230789670638,304.7678356197035,37.719298245614034
1043,62580.0,62640.0,119,501.54237288135596,311.6160700481765,426.2558920062988,39.83050847457627
1044,62640.0,62700.0,122,492.0,238.10725874417744,308.6964528464815,42.14876033057851
1045,62700.0,62760.0,114,527.6106194690266,260.66232376213696,257.1484423996603,48.67256637168141
1046,62760.0,62820.0,139,433.17391304347825,37.230180254769145,9.90318093850304,0.0
1047,62820.0,62880.0,127,472.06349206349205,21.882502976303613,10.78517501017021,0.0
1048,62880.0,62940.0,125,479.83870967741933,35.5981152092581,10.902375365849691,0.0
1049,62940.0,63000.0,125,478.5967741935484,28.76196657422593,9.962531431334368,0.0
1050,63000.0,63060.0,122,491.12396694214874,31.37609765621326,16.612244480101616,2.479338842975207
1051,63060.0,63120.0,121,498.23333333333335,21.881550239787824,9.624897685803464,0.0
1052,63120.0,63180.0,126,475.872,32.48994286078038,19.70262795636909,2.4
1053,63180.0,63240.0,121,496.31666666666666,241.28033778275474,328.42030868943516,25.833333333333336
1054,63240.0,63300.0,130,454.4341085271318,96.48411826575077,119.7668307587706,13.178294573643413
1055,63300.0,63360.0,121,495.25,29.587713211893274,12.147552231214485,0.0
1056,63360.0,63420.0,120,498.6890756302521,56.20509475356255,37.987062918216544,4.201680672268908
1057,63420.0,63480.0,129,465.3125,48.69085347987264,47.60434043599866,3.125
1058,63480.0,63540.0,118,510.5982905982906,40.35041764281142,13.91600418273123,0.0
1059,63540.0,63600.0,119,502.1525423728813,19.88884801923875,9.68036165178769,0.0
1060,63600.0,63660.0,130,459.7829457364341,73.17882220547037,96.01464732008341,2.3255813953488373
1061,63660.0,63720.0,119,506.6101694915254,37.18883066818253,25.978294687523178,1.694915254237288
1062,63720.0,63780.0,118,505.0769230769231,30.715084984797652,12.278380214411637,0.0
1063,63780.0,63840.0,130,463.8759689922481,106.53718597806133,118.4694053331914,9.30232558139535
1064,63840.0,63900.0,120,500.0840336134454,61.888579466149025,77.78501446021767,16.80672268907563
1065,63900.0,63960.0,124,483.2845528455285,75.94567950080767,97.24398923647132,4.878048780487805
1066,63960.0,64020.0,116,517.3217391304348,33.9802697721928,14.347809906839686,0.0
1067,64020.0,64080.0,118,508.05128205128204,43.28530971513636,13.194826572405644,0.0
1068,64080.0,64140.0,125,478.93548387096774,61.73820178727727,57.08159898854824,1.6129032258064515
1069,64140.0,64200.0,124,485.1219512195122,73.86303067895041,71.43356422831395,8.94308943089431
1070,64200.0,64260.0,126,473.76,61.44055611307462,70.44123609034331,7.199999999999999
1071,64260.0,64320.0,110,544.2935779816514,267.2464288904009,360.39751715344875,40.36697247706422
1072,64320.0,64380.0,120,499.42857142857144,77.3765360383742,75.94043160624236,11.76470588235294
1073,64380.0,64440.0,128,469.3543307086614,95.28966095576355,117.05893238362312,12.598425196850393
1074,64440.0,64500.0,148,402.8299319727891,64.0350261762467,90.23105804331698,14.965986394557824
1075,64500.0,64560.0,154,390.44444444444446,48.68709016297864,70.61459518138994,17.647058823529413
1076,64560.0,64620.0,131,457.96923076923076,65.03951553324367,54.79348119434783,3.076923076923077
1077,64620.0,64680.0,115,521.0701754385965,35.78517993001874,18.975531519833034,1.7543859649122806
1078,64680.0,64740.0,115,521.140350877193,29.264698959420894,19.677937873111937,1.7543859649122806
1079,64740.0,64800.0,112,538.0540540540541,40.99530745603982,19.17479406076444,1.8018018018018018
1080,64800.0,64860.0,113,532.4821428571429,33.532284334117364,19.07972840571993,1.7857142857142856
1081,64860.0,64920.0,110,542.0550458715596,31.43536427467017,18.883659406815,0.0
1082,64920.0,64980.0,113,530.0892857142857,44.93469807817886,18.189195882359584,1.7857142857142856
1083,64980.0,65040.0,113,534.625,50.74013018125605,22.622638744933884,3.571428571428571
1084,65040.0,65100.0,113,531.1607142857143,36.35028621061061,17.713434612343416,0.8928571428571428
1085,65100.0,65160.0,109,548.4629629629629,36.58568892517204,18.829287189768134,0.0
1086,65160.0,65220.0,118,510.8888888888889,29.640890261240926,12.814323881958193,0.0
1087,65220.0,65280.0,116,513.5652173913044,34.61951848682104,14.250884860184845,0.8695652173913043
1088,65280.0,65340.0,116,520.7304347826087,29.840900267194925,13.391539617733779,0.0
1089,65340.0,65400.0,114,525.7345132743363,33.569229559203215,11.797396807286404,0.0
1090,65400.0,65460.0,117,513.3103448275862,34.21883889807241,36.09215258558112,2.586206896551724
1091,65460.0,65520.0,117,513.1724137931035,27.375735324511762,14.049601572565184,0.0
1092,65520.0,65580.0,115,519.8070175438596,24.740736066550923,11.538316314039577,0.0
1093,65580.0,65640.0,129,464.359375,29.95370032877118,13.744576596853452,1.5625
1094,65640.0,65700.0,121,498.06666666666666,37.07265937087777,11.95509806517283,0.0
1095,65700.0,65760.0,116,514.2260869565217,19.01018234524303,11.010361945705446,0.0
1096,65760.0,65820.0,118,509.36752136752136,27.062698049159305,11.180339887498949,0.0
1097,65820.0,65880.0,120,498.5546218487395,26.770745948273017,9.497546516364554,0.0
1098,65880.0,65940.0,122,492.31404958677683,22.09827785818435,7.878240074195928,0.0
1099,65940.0,66000.0,117,515.0344827586207,12.822487742401936,11.28446411819288,0.0
1100,66000.0,66060.0,114,524.6017699115044,10.776578292602276,11.515517481083638,0.0
1101,66060.0,66120.0,119,504.96610169491527,22.828581651712092,10.01707943174458,0.0
1102,66120.0,66180.0,120,501.2773109243698,22.056523832078554,10.521970557209313,0.0
1103,66180.0,66240.0,120,496.5378151260504,23.101394013248694,10.37761606797232,0.0
1104,66240.0,66300.0,120,501.6806722689076,29.20063058673337,12.06479680864532,0.0
1105,66300.0,66360.0,116,517.5826086956522,20.614244184797318,13.114877048604,0.0
1106,66360.0,66420.0,124,484.1463414634146,22.178368920657977,8.206354994458987,0.0
1107,66420.0,66480.0,133,452.43939393939394,25.44662354835246,13.707968374145196,0.7575757575757576
1108,66480.0,66540.0,133,448.22727272727275,35.341429726322964,24.72073024440811,6.8181818181818175
1109,66540.0,66600.0,117,513.3620689655172,14.015144945953002,11.743638425899396,0.0
1110,66600.0,66660.0,119,504.54237288135596,18.344585855743528,10.647418530682513,0.0
1111,66660.0,66720.0,117,515.0862068965517,14.771046276278199,13.484935233840375,0.0
1112,66720.0,66780.0,118,508.0,17.49876842957024,11.286244297587555,0.0
1113,66780.0,66840.0,136,438.8888888888889,38.474388974552596,56.542943658885854,2.9629629629629632
1114,66840.0,66900.0,121,498.75,17.08321206488351,12.104586254943262,0.0
1115,66900.0,66960.0,122,488.8429752066116,14.80259451608783,9.953223933312596,0.0
1116,66960.0,67020.0,135,444.910447761194,22.02338561810415,17.971573209071668,2.9850746268656714
1117,67020.0,67080.0,143,419.3521126760563,60.00546041147328,84.94871210291103,9.859154929577464
1118,67080.0,67140.0,156,384.7741935483871,66.21742506055796,88.96942419482347,11.612903225806452
1119,67140.0,67200.0,145,416.0416666666667,83.17593410347739,95.20269138817687,9.722222222222223
1120,67200.0,67260.0,120,498.7563025210084,42.16994800834297,19.775862705902664,0.0
1121,67260.0,67320.0,110,543.816513761468,33.712884979774884,23.173260452512935,5.5045871559633035
1122,67320.0,67380.0,124,483.0894308943089,22.834044230117716,13.621342944311966,0.0
1123,67380.0,67440.0,127,476.06349206349205,20.475837870718173,9.760327863345575,0.0
1124,67440.0,67500.0,123,485.62295081967216,26.201169574819943,13.908793817385657,0.819672131147541
1125,67500.0,67560.0,119,503.1525423728813,23.199479480840726,9.71385476311924,0.0
1126,67560.0,67620.0,122,493.9504132231405,20.32480063029296,9.710818709048171,0.0
1127,67620.0,67680.0,122,489.9669421487603,25.150193466551283,11.93594012496153,0.8264462809917356
1128,67680.0,67740.0,130,461.37984496124034,20.725585711887014,6.68253320231183,0.0
1129,67740.0,67800.0,127,474.57142857142856,32.372686900269144,9.856571412007321,0.0
1130,67800.0,67860.0,124,483.869918699187,16.987439597882215,8.581336974055679,0.0
1131,67860.0,67920.0,126,476.768,12.694382806529417,8.899075704088418,0.0
1132,67920.0,67980.0,129,464.484375,23.386847496547535,13.749158886227919,0.78125
1133,67980.0,68040.0,122,492.21487603305786,14.221583720745409,8.968463264870595,0.0
1134,68040.0,68100.0,121,492.75,29.05927006087022,10.166678146662022,0.8333333333333334
1135,68100.0,68160.0,130,462.4341085271318,18.039819220806503,5.448623679425842,0.0
1136,68160.0,68220.0,124,483.219512195122,10.501004312130085,7.798696822620273,0.0
1137,68220.0,68280.0,126,476.8,12.500322576482937,5.6024188324502795,0.0
1138,68280.0,68340.0,136,442.6074074074074,20.209756878276618,16.61414610343453,2.2222222222222223
1139,68340.0,68400.0,126,475.392,57.19362924143258,70.42497724071225,5.6000000000000005
1140,68400.0,68460.0,120,499.93277310924367,50.272432566397654,21.716977659059,5.042016806722689
1141,68460.0,68520.0,132,454.381679389313,28.41572100501551,6.246229631976767,0.0
1142,68520.0,68580.0,135,444.32835820895525,28.9393392319001,33.70326059057329,4.477611940298507
1143,68580.0,68640.0,125,480.5806451612903,13.204518057898158,7.606159250014778,0.0
1144,68640.0,68700.0,125,479.38709677419354,14.818528106481802,7.543909404658241,0.0
1145,68700.0,68760.0,138,434.93430656934305,20.827090806546835,16.669803626353143,4.37956204379562
1146,68760.0,68820.0,140,428.9064748201439,39.833874610293236,46.22597299906347,10.071942446043165
1147,68820.0,68880.0,125,478.9193548387097,19.444980447946797,9.333914035361168,0.0
1148,68880.0,68940.0,130,461.6434108527132,11.582447961255593,7.39509972887452,0.0
1149,68940.0,69000.0,122,493.6363636363636,56.91221310052878,20.384634736323665,4.132231404958678
1150,69000.0,69060.0,126,474.864,17.393613956036074,7.70839508838965,0.0
1151,69060.0,69120.0,128,468.8031496062992,15.982649009670745,6.666666666666667,0.0
1152,69120.0,69180.0,134,446.01503759398497,16.657869630973686,4.451761653343743,0.0
1153,69180.0,69240.0,140,430.44604316546764,32.246373273632976,8.454481703189453,0.0
1154,69240.0,69300.0,120,498.5882352941176,17.283975023765034,9.648043623590839,0.0
1155,69300.0,69360.0,126,478.336,19.120561471037977,7.596688582491376,0.0
1156,69360.0,69420.0,139,431.4782608695652,16.165755186472687,18.671184715655603,2.1739130434782608
1157,69420.0,69480.0,127,472.63492063492066,53.11159619888721,12.960246911228197,0.0
1158,69480.0,69540.0,124,482.0487804878049,19.954806996588356,11.057228182594733,0.0
1159,69540.0,69600.0,131,458.4923076923077,25.44495385737251,7.324166222356862,0.0
1160,69600.0,69660.0,131,457.3538461538462,19.8525032254684,8.178246812748595,0.0
1161,69660.0,69720.0,138,434.5109489051095,35.868246810236165,30.243132424131094,2.18978102189781
1162,69720.0,69780.0,140,430.67625899280574,112.62340837250346,149.36280118159138,13.66906474820144
1163,69780.0,69840.0,139,432.2608695652174,98.57786609533537,131.82547631008038,5.797101449275362
1164,69840.0,69900.0,125,476.9032258064516,41.43001138266932,11.775681155103795,1.6129032258064515
1165,69900.0,69960.0,128,468.78740157480314,25.668407461455395,8.16496580927726,0.0
1166,69960.0,70020.0,128,468.45669291338584,12.969289675640052,6.916738381728041,0.0
1167,70020.0,70080.0,129,465.59375,17.296596315301116,6.433181698945984,0.0
1168,70080.0,70140.0,132,456.62595419847327,24.350117951969125,7.6460145475625705,0.0
1169,70140.0,70200.0,124,482.6829268292683,21.386113570692,9.596789080506964,0.0
1170,70200.0,70260.0,130,462.3565891472868,21.04080798769842,6.995534289816611,0.0
1171,70260.0,70320.0,128,468.59842519685037,46.92331803355438,52.67932337370243,1.574803149606299
1172,70320.0,70380.0,134,448.54135338345867,35.888824815523364,8.584693919818557,0.0
1173,70380.0,70440.0,122,493.3057851239669,18.50893611889791,8.689073598491383,0.0
1174,70440.0,70500.0,127,470.3492063492063,23.60620849194295,8.627398217307464,0.0
1175,70500.0,70560.0,119,505.2542372881356,28.175028781692415,11.156999259596304,0.0
1176,70560.0,70620.0,123,486.75409836065575,21.573365686224477,7.902295931672993,0.0
1177,70620.0,70680.0,139,430.768115942029,21.473218714758637,4.4096774796409495,0.0
1178,70680.0,70740.0,149,403.47297297297297,42.91130639996462,54.6673303427442,5.405405405405405
1179,70740.0,70800.0,154,391.29411764705884,9.884785193830636,11.07629046776563,1.9607843137254901
1180,70800.0,70860.0,128,467.29133858267716,38.35384756184378,14.527478069080642,0.7874015748031495
1181,70860.0,70920.0,123,487.6885245901639,29.99616558614269,13.145089898123636,0.0
1182,70920.0,70980.0,128,470.4724409448819,20.67351145162651,9.032568936205335,0.0
1183,70980.0,71040.0,125,477.83870967741933,32.66045745620169,9.181104668112072,0.0
1184,71040.0,71100.0,130,462.72868217054264,17.755171754477843,6.8053287944081,0.0
1185,71100.0,71160.0,126,476.08,22.210721038099102,6.874450124637536,0.0
1186,71160.0,71220.0,126,475.072,14.643162006492554,4.925247660385113,0.0
1187,71220.0,71280.0,128,469.00787401574803,13.027136550837282,5.546341565564166,0.0
1188,71280.0,71340.0,128,469.54330708661416,13.319490376775414,4.767615623155744,0.0
1189,71340.0,71400.0,128,468.755905511811,16.719780384861078,6.661903060008632,0.0
1190,71400.0,71460.0,129,466.140625,15.982635446845794,5.530160681694007,0.0
1191,71460.0,71520.0,129,462.71875,15.329934434425333,7.54409609077003,0.0
1192,71520.0,71580.0,127,472.8412698412698,15.13322844519976,7.540822236334709,0.0
1193,71580.0,71640.0,128,468.88188976377955,18.538083569565547,6.859126697154606,0.0
1194,71640.0,71700.0,128,469.3228346456693,17.08284291503444,6.5948512865767865,0.0
1195,71700.0,71760.0,123,488.2295081967213,33.30321178893426,10.625091151772349,0.819672131147541
1196,71760.0,71820.0,127,473.95238095238096,11.947791188571816,5.056480989779355,0.0
1197,71820.0,71880.0,128,466.45669291338584,10.27615200780375,3.6903993847614407,0.0
1198,71880.0,71940.0,128,467.73228346456693,19.046079802823417,5.330356311983132,0.0
1199,71940.0,72000.0,125,483.64516129032256,15.333789432092697,6.507031843677588,0.0
1200,72000.0,72060.0,121,492.2,22.37255221106825,8.264533925661105,0.0
1201,72060.0,72120.0,127,473.22222222222223,28.831063494471064,9.644895022756858,0.0
1202,72120.0,72180.0,129,467.875,13.265905621875348,5.878025272348037,0.0
1203,72180.0,72240.0,131,457.96923076923076,34.97062742287352,8.038666247503977,0.0
1204,72240.0,72300.0,128,467.5590551181102,12.596077459037822,6.047431568147635,0.0
1205,72300.0,72360.0,125,477.80645161290323,14.915304204128882,6.7184977027691115,0.0
1206,72360.0,72420.0,126,477.28,6.54217089351845,3.975732839729454,0.0
1207,72420.0,72480.0,116,516.1217391304348,62.27910407164218,15.566495735189864,1.7391304347826086
1208,72480.0,72540.0,122,493.1900826446281,26.07754910824852,8.843076387773658,0.0
1209,72540.0,72600.0,117,513.9137931034483,14.557573236317053,10.378908378554788,0.0
1210,72600.0,72660.0,120,498.97478991596637,14.590141891756652,9.122518236926187,0.0
1211,72660.0,72720.0,122,493.73553719008265,19.129283221909336,8.211780156174015,0.0
1212,72720.0,72780.0,118,504.7521367521368,7.4635966910963605,7.581738495931501,0.0
1213,72780.0,72840.0,126,479.136,27.036815998834605,7.208865509598849,0.0
1214,72840.0,72900.0,120,497.07563025210084,9.241725262537814,9.264475617895288,0.0
1215,72900.0,72960.0,121,499.18333333333334,8.419648222489831,9.305279968604795,0.0
1216,72960.0,73020.0,124,483.4308943089431,13.3515402812627,7.364068725692428,0.0
1217,73020.0,73080.0,123,487.1311475409836,16.405980979368685,7.4744744694888965,0.0
1218,73080.0,73140.0,121,497.05,7.881314995000527,8.562179884220367,0.0
1219,73140.0,73200.0,123,486.5245901639344,15.635947729539588,7.536138827659165,0.0
1220,73200.0,73260.0,121,493.35,12.017249507033034,8.798395575665051,0.0
1221,73260.0,73320.0,124,486.9430894308943,11.183492528333035,7.317170464500426,0.0
1222,73320.0,73380.0,124,482.390243902439,11.883749854139547,7.626528333798381,0.0
1223,73380.0,73440.0,124,485.9674796747967,17.147353167328053,7.563935136825167,0.0
1224,73440.0,73500.0,121,495.98333333333335,10.581403803020514,9.734284900341082,0.0
1225,73500.0,73560.0,123,484.2295081967213,14.920609123478664,8.302145495877,0.0
1226,73560.0,73620.0,125,481.0,11.176339700711099,7.140859186309389,0.0
1227,73620.0,73680.0,128,470.7716535433071,16.921944509253457,6.733003292241386,0.0
1228,73680.0,73740.0,125,478.4516129032258,33.84598181737784,14.495303416562601,0.8064516129032258
1229,73740.0,73800.0,125,478.9193548387097,15.874301354164281,9.45679090965551,0.0
1230,73800.0,73860.0,132,455.17557251908397,10.094538444152352,6.149421486236296,0.0
1231,73860.0,73920.0,128,470.7244094488189,16.26305442199,8.675819342854096,0.0
1232,73920.0,73980.0,128,468.15748031496065,16.990391867847606,8.159131606453506,0.0
1233,73980.0,74040.0,131,457.18461538461537,20.262917065182375,8.452328700725989,0.0
1234,74040.0,74100.0,127,473.1746031746032,26.612802743064663,11.961270835492355,0.7936507936507936
1235,74100.0,74160.0,132,454.9618320610687,11.482029156068641,5.360826572317141,0.0
1236,74160.0,74220.0,137,437.80882352941177,18.030227584637213,5.158236850650366,0.0
1237,74220.0,74280.0,131,456.0769230769231,21.06969438475331,7.75796664800951,0.0
1238,74280.0,74340.0,135,446.3731343283582,17.779210484171305,6.814403145218509,0.0
1239,74340.0,74400.0,133,451.6666666666667,12.990111721787818,6.21743424168027,0.0
1240,74400.0,74460.0,130,459.3178294573643,15.0197705625598,6.307237905771432,0.0
1241,74460.0,74520.0,140,429.8561151079137,14.897991865007933,6.29239246221584,0.0
1242,74520.0,74580.0,143,418.2535211267606,27.476214502734173,4.855354578720939,0.0
1243,74580.0,74640.0,121,494.8666666666667,76.94666201673863,43.07078403018443,9.166666666666666
1244,74640.0,74700.0,126,479.248,21.21573366251353,10.865749680948491,0.0
1245,74700.0,74760.0,130,460.1860465116279,16.136995267988084,7.984359711335656,0.0
1246,74760.0,74820.0,127,472.2857142857143,12.541679085581574,7.0970416371894,0.0
1247,74820.0,74880.0,129,466.65625,16.462047738602614,5.5670572104346085,0.0
1248,74880.0,74940.0,127,470.1587301587302,15.848488987111773,6.419968847276442,0.0
1249,74940.0,75000.0,127,473.26984126984127,12.482571977545462,5.628498911788116,0.0
1250,75000.0,75060.0,135,442.8955223880597,23.026061944510342,20.128907877250246,1.4925373134328357
1251,75060.0,75120.0,128,470.09448818897636,18.349098447151896,7.900170783767805,0.0
1252,75120.0,75180.0,130,462.13953488372096,14.560619077050836,5.989574275355469,0.0
1253,75180.0,75240.0,131,455.81538461538463,16.672766921770016,6.051458918208046,0.0
1254,75240.0,75300.0,128,469.6377952755906,15.897323969345491,7.29861913445559,0.0
1255,75300.0,75360.0,144,416.2237762237762,17.346680317400175,12.489995996796797,2.097902097902098
1256,75360.0,75420.0,128,469.29133858267716,22.92503664853849,10.006347192006888,0.0
1257,75420.0,75480.0,130,463.3953488372093,26.596057803698546,17.13457761370265,2.3255813953488373
1258,75480.0,75540.0,116,517.5826086956522,103.40568909395004,38.207650561157365,8.695652173913043
1259,75540.0,75600.0,122,489.702479338843,28.282693361871548,18.50585492936402,2.479338842975207
1260,75600.0,75660.0,131,458.67692307692306,22.700686526044247,6.6519216783951896,0.0
1261,75660.0,75720.0,137,438.3235294117647,49.5850757644081,56.09462904242622,6.61764705882353
1262,75720.0,75780.0,129,463.125,20.66112024464742,8.475996677974772,0.0
1263,75780.0,75840.0,128,469.3543307086614,14.646917200457759,8.445906306213285,0.0
1264,75840.0,75900.0,141,427.14285714285717,24.18292739495194,18.372641531215166,3.571428571428571
1265,75900.0,75960.0,150,398.18791946308727,61.34278621518687,90.28722935046675,20.13422818791946
1266,75960.0,76020.0,130,461.8759689922481,269.8792266850563,309.91268931749147,45.73643410852713
1267,76020.0,76080.0,125,482.9193548387097,274.09895539005953,338.3146176088241,41.12903225806452
1268,76080.0,76140.0,150,398.5771812080537,108.31517956608464,75.3650574994267,7.38255033557047
1269,76140.0,76200.0,143,419.6478873239437,24.876773519754757,19.532115760953566,4.225352112676056
1270,76200.0,76260.0,133,450.8939393939394,17.75372558504188,8.951096994479512,0.0
1271,76260.0,76320.0,138,437.0948905109489,11.641636237634064,5.975439929657161,0.0
1272,76320.0,76380.0,133,448.93939393939394,15.760496357393485,5.049374536128893,0.0
1273,76380.0,76440.0,133,450.3333333333333,10.786382896024216,5.218873558668963,0.0
1274,76440.0,76500.0,136,442.02962962962965,10.065413472345028,4.374280324603003,0.0
1275,76500.0,76560.0,132,454.29007633587787,14.00905671321692,6.718516319728749,0.0
1276,76560.0,76620.0,133,451.8484848484849,9.960597830309847,10.958631440715356,0.7575757575757576
1277,76620.0,76680.0,134,448.61654135338347,12.879818489046224,4.451761653343743,0.0
1278,76680.0,76740.0,136,440.84444444444443,14.99147353020927,18.56654027842688,2.2222222222222223
1279,76740.0,76800.0,137,438.47058823529414,8.891894916550221,3.4896672875473067,0.0
1280,76800.0,76860.0,135,443.65671641791045,12.222316872775204,7.091242083423347,0.0
1281,76860.0,76920.0,138,434.02919708029196,8.868269283567892,3.063062673400019,0.0
1282,76920.0,76980.0,136,440.84444444444443,5.515063045696753,3.152823894140408,0.0
1283,76980.0,77040.0,136,442.4148148148148,9.191483067106919,4.441997668119839,0.0
1284,77040.0,77100.0,130,460.51162790697674,8.39374420985445,4.5,0.0
1285,77100.0,77160.0,132,453.8167938931298,8.62358262754618,3.3189432980068543,0.0
1286,77160.0,77220.0,131,457.18461538461537,6.337760120050014,3.8458676101003015,0.0
1287,77220.0,77280.0,128,468.8503937007874,6.796449516787844,4.734205151099645,0.0
1288,77280.0,77340.0,127,475.3333333333333,5.862422707379603,4.285790475513239,0.0
1289,77340.0,77400.0,129,462.015625,12.945667426521902,4.8699625699866385,0.0
1290,77400.0,77460.0,128,469.748031496063,11.10410227636973,4.594682917363407,0.0
1291,77460.0,77520.0,129,466.421875,10.11010983452414,3.645728813649908,0.0
1292,77520.0,77580.0,126,477.136,5.641642405564009,3.8813034059491223,0.0
1293,77580.0,77640.0,127,470.12698412698415,9.901098223517733,4.367150100465977,0.0
1294,77640.0,77700.0,126,475.568,15.05170443676107,13.282294788127151,2.4
1295,77700.0,77760.0,124,484.0325203252033,7.434892217404336,5.328549767333587,0.0
1296,77760.0,77820.0,129,466.296875,11.137196932433719,4.665166613054571,0.0
1297,77820.0,77880.0,126,478.304,10.352048262339508,5.361150574631435,0.0
1298,77880.0,77940.0,128,465.38582677165357,20.421762141252177,17.93993505677403,2.3622047244094486
1299,77940.0,78000.0,130,462.8217054263566,11.628661797206007,4.47213595499958,0.0
1300,78000.0,78060.0,139,431.6231884057971,20.842896144415054,3.668767369921203,0.0
1301,78060.0,78120.0,136,441.94074074074075,14.29526743677779,13.251865540311954,1.4814814814814816
1302,78120.0,78180.0,140,428.51798561151077,17.601610811491422,4.360561059499475,0.0
1303,78180.0,78240.0,139,430.59420289855075,10.16192814708709,4.329494837442962,0.0
1304,78240.0,78300.0,138,435.13868613138686,9.895916033567039,4.550371671956168,0.0
1305,78300.0,78360.0,136,440.6666666666667,10.706393681891292,5.007457125694802,0.0
1306,78360.0,78420.0,130,461.7829457364341,8.761564893319283,6.761564168149261,0.0
1307,78420.0,78480.0,133,449.72727272727275,15.392617894139246,4.633103587765099,0.0
1308,78480.0,78540.0,132,457.0381679389313,16.146161525339352,5.3320511279215275,0.0
1309,78540.0,78600.0,127,471.4920634920635,16.117441996419174,5.685068161420758,0.0
1310,78600.0,78660.0,142,423.06382978723406,9.805401402111745,3.4434202266268428,0.0
1311,78660.0,78720.0,128,467.03937007874015,177.75636088343134,219.87110221059427,36.22047244094488
1312,78720.0,78780.0,134,448.6766917293233,158.0987200642122,211.75314387133415,25.563909774436087
1313,78780.0,78840.0,139,432.40579710144925,165.79384955446903,205.81381991293316,6.521739130434782
1314,78840.0,78900.0,144,417.1188811188811,32.423797883064594,36.4838378262925,2.097902097902098
1315,78900.0,78960.0,136,439.3777777777778,52.13327734724889,50.634776557371374,1.4814814814814816
1316,78960.0,79020.0,138,435.82481751824815,13.602496424326253,4.814194697790617,0.0
1317,79020.0,79080.0,142,422.83687943262413,19.6601933261368,14.216690392432612,2.127659574468085
1318,79080.0,79140.0,134,445.8045112781955,52.300915260346514,74.23366058356791,4.511278195488721
1319,79140.0,79200.0,140,430.57553956834533,13.135292881805654,6.072031391337771,0.0
1320,79200.0,79260.0,136,439.68888888888887,20.580916630539903,13.589943604157417,2.2222222222222223
1321,79260.0,79320.0,133,450.469696969697,75.91311218382626,87.9977445928878,15.909090909090908
1322,79320.0,79380.0,128,469.25984251968504,18.34381198307051,9.15475416434127,0.0
1323,79380.0,79440.0,130,463.8914728682171,27.550306347570096,16.69393602479655,2.3255813953488373
1324,79440.0,79500.0,129,464.15625,83.35054874671164,113.21723248818381,6.25
1325,79500.0,79560.0,135,443.53731343283584,34.903875889743034,36.528287524515626,8.208955223880597
1326,79560.0,79620.0,129,464.140625,15.881814675961145,7.1716853574415635,0.0
1327,79620.0,79680.0,132,454.67175572519085,10.38522822836626,6.131883886702357,0.0
1328,79680.0,79740.0,127,471.968253968254,42.986869903808824,52.418927879154495,1.5873015873015872
1329,79740.0,79800.0,131,458.10769230769233,38.866347443843004,41.888741526413355,4.615384615384616
1330,79800.0,79860.0,130,463.73643410852713,27.83812566086441,26.115129714401192,6.2015503875969
1331,79860.0,79920.0,128,468.81889763779526,42.6602333920112,18.50096522578523,2.3622047244094486
1332,79920.0,79980.0,126,475.008,21.532606932053593,13.775855456137274,1.6
1333,79980.0,80040.0,129,466.890625,41.1402889633052,37.69291585313891,9.375
1334,80040.0,80100.0,126,476.336,13.639922429067102,7.168479390651378,0.0
1335,80100.0,80160.0,129,464.65625,13.363740753588939,6.60708281369975,0.0
1336,80160.0,80220.0,139,431.94202898550725,50.097680951607735,64.37254707962275,16.666666666666664
1337,80220.0,80280.0,137,438.61764705882354,127.3726558726491,169.78749245039398,20.588235294117645
1338,80280.0,80340.0,138,434.1021897810219,113.49664964422394,164.13803373273075,13.86861313868613
1339,80340.0,80400.0,136,441.2148148148148,13.768005949976375,14.608319036584149,2.2222222222222223
1340,80400.0,80460.0,137,437.1617647058824,11.966756785940634,4.968046042608853,0.0
1341,80460.0,80520.0,134,446.90225563909775,31.025371988015866,35.10935297989222,6.7669172932330826
1342,80520.0,80580.0,129,464.1875,16.401339488220895,6.71113776335579,0.0
1343,80580.0,80640.0,135,447.2835820895522,47.210552525668724,59.57644990647434,5.970149253731343
1344,80640.0,80700.0,129,462.9375,30.88708162037362,16.14988847137327,2.34375
1345,80700.0,80760.0,129,466.4375,22.86549165579908,7.5711844942300335,0.0
1346,80760.0,80820.0,125,478.7258064516129,43.80988838701327,17.356145089210436,4.032258064516129
1347,80820.0,80880.0,129,465.234375,8.898804993647216,5.359515784921143,0.0
1348,80880.0,80940.0,137,439.3970588235294,49.580354444486964,67.1317113342619,16.176470588235293
1349,80940.0,81000.0,135,444.86567164179104,52.1302289232516,73.08806100625557,6.7164179104477615
1350,81000.0,81060.0,135,443.17910447761193,15.381294540720583,12.283615837574569,0.7462686567164178
1351,81060.0,81120.0,131,459.67692307692306,19.67929513793164,6.0,0.0
1352,81120.0,81180.0,129,464.75,73.24986899023516,62.66621991240765,7.03125
1353,81180.0,81240.0,127,469.85714285714283,8.020687537326745,5.501999636495808,0.0
1354,81240.0,81300.0,130,461.86046511627904,7.458996441008451,4.743416490252569,0.0
1355,81300.0,81360.0,132,456.85496183206106,13.938393096548706,16.3772825772588,3.0534351145038165
1356,81360.0,81420.0,141,424.98571428571427,39.823709671552585,54.30900133402639,5.714285714285714
1357,81420.0,81480.0,133,449.57575757575756,9.571045084098735,5.997454930956544,0.0
1358,81480.0,81540.0,133,452.90909090909093,6.632621838284444,4.193779471972983,0.0
1359,81540.0,81600.0,135,442.7761194029851,55.743186884819046,78.80651093287618,5.223880597014925
1360,81600.0,81660.0,144,417.1048951048951,44.89843205749298,58.45089428104176,6.993006993006993
1361,81660.0,81720.0,135,446.07462686567163,7.330671855957266,6.827630727667063,0.0
1362,81720.0,81780.0,135,443.2985074626866,7.151454818864458,4.015009433597847,0.0
1363,81780.0,81840.0,138,434.2043795620438,23.660944080827583,13.546217184144066,2.18978102189781
1364,81840.0,81900.0,140,428.0431654676259,97.46719035503335,139.85686264529713,7.913669064748201
1365,81900.0,81960.0,142,423.78723404255317,11.942007794000792,5.140872632984737,0.0
1366,81960.0,82020.0,142,423.64539007092196,11.881038165180353,4.188419408662073,0.0
1367,82020.0,82080.0,150,399.8255033557047,76.71848605089171,111.96283167049535,10.738255033557047
1368,82080.0,82140.0,143,418.36619718309856,7.938128540581875,4.453064925873252,0.0
1369,82140.0,82200.0,143,421.36619718309856,14.405219145417737,14.826657992752196,2.112676056338028
1370,82200.0,82260.0,140,427.75539568345323,37.72321810826523,49.48400414948922,1.4388489208633095
1371,82260.0,82320.0,139,431.5507246376812,6.338473029601039,4.160993705010702,0.0
1372,82320.0,82380.0,139,431.9855072463768,7.406828086000616,3.873925563310812,0.0
1373,82380.0,82440.0,142,422.01418439716315,99.34197687178529,138.60787444132768,4.25531914893617
1374,82440.0,82500.0,141,424.98571428571427,15.4109116319526,11.861308843547341,0.7142857142857143
1375,82500.0,82560.0,131,457.6307692307692,73.45168094408884,34.3822561052023,7.6923076923076925
1376,82560.0,82620.0,138,435.2846715328467,12.058039120357867,5.935932455616983,0.0
1377,82620.0,82680.0,144,415.87412587412587,8.760399962625614,5.492632709776528,0.0
1378,82680.0,82740.0,144,418.2937062937063,7.7020503652353565,4.360514248003583,0.0
1379,82740.0,82800.0,146,411.07586206896553,10.70830593940769,4.102844541697057,0.0
1380,82800.0,82860.0,140,428.48920863309354,12.138910312383844,6.374769106361445,0.0
1381,82860.0,82920.0,144,416.7972027972028,7.148879002598584,4.431004718672889,0.0
1382,82920.0,82980.0,140,426.9064748201439,9.108756804665239,5.090485583739617,0.0
1383,82980.0,83040.0,142,424.5248226950355,8.726463495993658,4.417497675640103,0.0
1384,83040.0,83100.0,143,417.15492957746477,18.843625170584176,14.713336450429797,2.112676056338028
1385,83100.0,83160.0,140,430.2014388489209,12.258791495461715,4.916697371557279,0.0
1386,83160.0,83220.0,134,446.34586466165416,30.896220498675188,20.098243553589302,3.007518796992481
1387,83220.0,83280.0,142,422.49645390070924,14.632949177150653,10.861465304986643,0.7092198581560284
1388,83280.0,83340.0,136,440.23703703703706,10.041858220890632,5.9750725968236935,0.0
1389,83340.0,83400.0,139,432.0,6.9366265807788645,4.8299551916435695,0.0
1390,83400.0,83460.0,141,426.95714285714286,9.854970939057143,5.159331840071079,0.0
1391,83460.0,83520.0,147,407.3150684931507,14.489831594965098,4.1952353926806065,0.0
1392,83520.0,83580.0,141,427.7142857142857,16.76682477856765,8.20071939290396,0.0
1393,83580.0,83640.0,140,427.294964028777,17.058914638924627,7.9655053425579245,0.7194244604316548
1394,83640.0,83700.0,142,423.4609929078014,12.18401630386329,5.229039791668939,0.0
1395,83700.0,83760.0,136,439.7925925925926,146.70739974094928,144.276165530896,10.37037037037037
1396,83760.0,83820.0,144,415.6223776223776,9.585643751886844,4.846953450001235,0.0
1397,83820.0,83880.0,143,421.28169014084506,14.58132790126809,7.2405477634564095,0.7042253521126761
1398,83880.0,83940.0,141,425.72857142857146,13.790228454315011,6.9675506880056535,0.0
1399,83940.0,84000.0,146,410.3862068965517,20.53221933087948,5.74697988318889,0.0
1400,84000.0,84060.0,150,399.7718120805369,31.07230469391472,39.17700649408832,2.013422818791946
1401,84060.0,84120.0,140,429.0359712230216,183.5985463802116,248.3767008139982,24.46043165467626
1402,84120.0,84180.0,145,414.77777777777777,45.08832736925673,57.6842138844635,3.4722222222222223
1403,84180.0,84240.0,141,424.1142857142857,46.22732159747148,32.929399079561215,5.0
1404,84240.0,84300.0,141,425.62857142857143,56.11785425593022,72.39897451477725,7.142857142857142
1405,84300.0,84360.0,138,435.15328467153284,14.724374804938492,12.0,2.18978102189781
1406,84360.0,84420.0,140,427.38129496402877,63.853931555719505,85.62574446941778,5.755395683453238
1407,84420.0,84480.0,140,430.0575539568345,11.814857867841024,11.674324608835569,0.7194244604316548
1408,84480.0,84540.0,140,427.36690647482015,46.9702563739971,62.61684729541557,5.0359712230215825
1409,84540.0,84600.0,139,432.2173913043478,12.944992623441147,5.045775858537371,0.0
1410,84600.0,84660.0,134,446.94736842105266,166.99584080238364,220.32221582917776,13.533834586466165
1411,84660.0,84720.0,146,409.57241379310346,86.82555506009882,115.73785033427914,11.03448275862069
1412,84720.0,84780.0,138,435.1240875912409,139.74427512505682,195.5253857446348,21.16788321167883
1413,84780.0,84840.0,147,408.5890410958904,108.41711731710092,118.49807215076655,19.863013698630137
1414,84840.0,84900.0,144,416.4755244755245,60.380464167378335,75.93473847352247,6.993006993006993
1415,84900.0,84960.0,150,401.7315436241611,8.623217303024356,10.969244473723991,2.013422818791946
1416,84960.0,85020.0,140,428.2014388489209,33.50733855508591,31.70333498664395,0.7194244604316548
1417,85020.0,85080.0,140,423.52517985611513,8.237710156763084,10.980879297439142,1.4388489208633095
1418,85080.0,85140.0,144,417.958041958042,9.519345851204633,4.2888653741034,0.0
1419,85140.0,85200.0,139,431.4347826086956,10.607776049960647,5.867142205898335,0.0
1420,85200.0,85260.0,133,452.45454545454544,131.87493286486412,183.02713268176913,23.484848484848484
1421,85260.0,85320.0,141,425.9,53.446577913347106,71.47752074060084,7.857142857142857
1422,85320.0,85380.0,140,427.8129496402878,114.22578507508356,141.12601009253282,20.14388489208633
1423,85380.0,85440.0,140,429.19424460431657,50.85627342172774,66.52840735736311,7.913669064748201
1424,85440.0,85500.0,134,448.16541353383457,43.41068512005824,65.15622252197662,3.007518796992481
1425,85500.0,85560.0,134,447.9248120300752,151.34576227462443,215.7927597291326,17.293233082706767
1426,85560.0,85620.0,136,439.85185185185185,25.421379684283764,31.682190486610153,6.666666666666667
1427,85620.0,85680.0,132,454.0763358778626,147.93250115251945,188.65100052742895,22.137404580152673
1428,85680.0,85740.0,125,483.06451612903226,213.51711120994207,262.68482459626546,42.74193548387097
1429,85740.0,85800.0,138,434.7445255474453,117.72025846428573,151.8933449341811,8.75912408759124
1430,85800.0,85860.0,138,434.8321167883212,22.42981515720226,6.904815029255693,0.0
1431,85860.0,85920.0,139,431.8985507246377,23.54721607208766,12.696341216743145,2.1739130434782608
1432,85920.0,85980.0,132,452.68702290076334,23.19651299042285,13.877485917291192,2.2900763358778624
1433,85980.0,86040.0,132,455.14503816793894,12.77745739568448,6.020477875231654,0.0
1434,86040.0,86100.0,139,430.3478260869565,41.06815630622942,36.751682021192735,5.072463768115942
1435,86100.0,86160.0,129,465.46875,14.553695041812533,8.839781235045614,0.0
1436,86160.0,86220.0,132,454.3358778625954,91.62436782756185,133.47382342040532,9.923664122137405
1437,86220.0,86280.0,137,438.63235294117646,135.01642198189458,188.2405080977229,20.588235294117645
1438,86280.0,86340.0,118,510.2735042735043,236.91376373502862,289.3357434085756,48.717948717948715
1439,86340.0,86400.0,138,428.4963503649635,153.70670715625104,187.43516526113928,22.62773722627737
1440,86400.0,86460.0,142,423.0921985815603,69.73643244482551,88.61570321981797,6.382978723404255
1441,86460.0,86520.0,134,449.0676691729323,36.19438167700387,37.743953960946655,2.2556390977443606
1442,86520.0,86580.0,131,457.8,18.39927534804926,18.683823787379,1.5384615384615385
1443,86580.0,86640.0,132,453.96946564885496,35.08669239980347,35.4743677777458,4.580152671755725
1444,86640.0,86700.0,131,456.6307692307692,89.97537462085606,91.70732009027161,10.0
1445,86700.0,86760.0,126,477.312,99.5791479662154,99.2122195907794,3.2
1446,86760.0,86820.0,129,463.671875,19.773166170183792,9.146231098495523,0.78125
1447,86820.0,86880.0,129,465.3125,20.07456572323242,6.868850148474978,0.0
1448,86880.0,86940.0,129,465.8125,16.969518759503284,6.041848807101516,0.0
1449,86940.0,87000.0,136,440.4592592592593,77.72739993682887,93.80958802793107,10.37037037037037
1450,87000.0,87060.0,132,455.19083969465646,83.58202921532252,91.18366925311538,14.50381679389313
1451,87060.0,87120.0,127,473.3968253968254,18.356940644924194,8.154507955726084,0.0
1452,87120.0,87180.0,130,460.09302325581393,46.90939435837738,56.86002550122537,5.426356589147287
1453,87180.0,87240.0,143,418.1267605633803,50.25281603978109,63.86999206610897,7.042253521126761
1454,87240.0,87300.0,144,419.24475524475525,114.27463933056107,161.96487186519755,24.475524475524477
1455,87300.0,87360.0,136,440.7111111111111,147.22699838931163,210.61140562444493,31.851851851851855
1456,87360.0,87420.0,132,453.0381679389313,136.30877868790023,161.94889982289524,16.793893129770993
1457,87420.0,87480.0,132,454.1832061068702,18.213182684197797,18.04438970982394,3.0534351145038165
1458,87480.0,87540.0,132,454.1832061068702,75.72722318413815,101.04682844335858,17.557251908396946
1459,87540.0,87600.0,130,461.48837209302326,24.372473035382868,8.12980627075455,0.0
1460,87600.0,87660.0,129,467.46875,23.603662300917374,8.301408665206868,0.0
1461,87660.0,87720.0,129,462.859375,77.43229039913963,99.5731045494028,17.96875
1462,87720.0,87780.0,125,482.7741935483871,35.923776285301365,31.664912232101113,2.4193548387096775
1463,87780.0,87840.0,120,497.2436974789916,20.74378256312839,12.401476128650634,0.0
1464,87840.0,87900.0,125,482.6290322580645,25.350059008585927,18.497198205766587,1.6129032258064515
1465,87900.0,87960.0,129,465.15625,79.67398507441305,109.65874050926693,16.40625
1466,87960.0,88020.0,108,555.8504672897196,140.33913128079246,101.4974672051308,14.018691588785046
1467,88020.0,88080.0,118,508.1709401709402,37.249922610030836,17.96548414849027,0.8547008547008548
1468,88080.0,88140.0,135,444.95522388059703,25.942349523928648,20.54739615430151,3.731343283582089
1469,88140.0,88200.0,121,493.43333333333334,16.13635872274571,9.878250448979976,0.0
1470,88200.0,88260.0,125,482.98387096774195,65.07806242724216,96.58982087122307,4.838709677419355
1471,88260.0,88320.0,126,476.768,32.54751762002452,8.024157075618195,0.0
1472,88320.0,88380.0,122,490.495867768595,12.889998685636181,9.361267720417644,0.8264462809917356
1473,88380.0,88440.0,133,449.92424242424244,27.45200425451003,19.622389455388234,2.272727272727273
1474,88440.0,88500.0,124,482.9918699186992,44.783174521746844,32.78894255840466,1.6260162601626018
1475,88500.0,88560.0,123,488.37704918032784,15.694041543880031,9.21550974361759,0.0
1476,88560.0,88620.0,134,447.5338345864662,28.8096019536891,8.090398349558905,0.0
1477,88620.0,88680.0,135,443.46268656716416,24.03026184745835,8.128664587121602,0.0
1478,88680.0,88740.0,126,477.616,13.797372353856646,8.294965437716014,0.0
1479,88740.0,88800.0,143,418.4366197183099,26.974236404899578,26.899866856165527,9.859154929577464
1480,88800.0,88860.0,132,456.7328244274809,51.10544520551164,52.49410223282963,3.0534351145038165
1481,88860.0,88920.0,125,479.14516129032256,49.745481234236806,32.473629076003405,4.838709677419355
1482,88920.0,88980.0,141,424.22857142857146,54.33606363083492,72.72595649561056,8.571428571428571
1483,88980.0,89040.0,138,436.2189781021898,40.458896231140116,36.71391786102217,5.839416058394161
1484,89040.0,89100.0,131,459.3076923076923,22.52951420109075,8.221733346734508,0.0
1485,89100.0,89160.0,138,433.1094890510949,26.137554352523676,19.991174523362286,2.9197080291970803
1486,89160.0,89220.0,148,405.00680272108843,56.16725226836918,83.78298777852154,7.482993197278912
1487,89220.0,89280.0,148,406.5986394557823,47.21412312850653,65.69898145621104,11.564625850340136
1488,89280.0,89340.0,136,441.5111111111111,11.921300807182217,7.209032476950797,0.0
1489,89340.0,89400.0,120,499.1932773109244,119.02722073734371,24.41033401614286,6.722689075630252
1490,89400.0,89460.0,104,573.6699029126214,193.93532317626068,230.56469467672744,30.097087378640776
1491,89460.0,89520.0,121,497.56666666666666,36.23284487338867,19.76755681719439,2.5
1492,89520.0,89580.0,128,467.40157480314963,21.833882160502863,11.638742090978624,0.0
1493,89580.0,89640.0,129,466.125,43.6930957265931,51.425352980158124,1.5625
1494,89640.0,89700.0,121,491.96666666666664,42.32486075033223,44.95936540716657,2.5
1495,89700.0,89760.0,128,468.6771653543307,16.07368049326056,6.248809410409238,0.0
1496,89760.0,89820.0,126,475.76,29.424150712659326,25.664083098570316,5.6000000000000005
1497,89820.0,89880.0,132,455.48091603053433,145.86433903539054,165.60973587136903,26.717557251908396
1498,89880.0,89940.0,140,428.48920863309354,114.25469684992277,142.40369234750517,30.215827338129497
1499,89940.0,90000.0,129,464.140625,19.086514336765607,9.444408419467086,0.0
1500,90000.0,90060.0,126,477.088,17.327032767214618,9.510605285849362,0.0
1501,90060.0,90120.0,127,469.984126984127,13.983981765997338,7.965927441296462,0.0
1502,90120.0,90180.0,124,485.2845528455285,120.29829866240381,170.40491796181755,4.0650406504065035
1503,90180.0,90240.0,135,445.3134328358209,166.85306749949697,212.40088356300654,17.91044776119403
1504,90240.0,90300.0,128,467.29133858267716,22.992790531989456,11.500172531487006,0.0
1505,90300.0,90360.0,127,475.6507936507937,27.668991296487107,33.11265619064711,2.380952380952381
1506,90360.0,90420.0,121,494.93333333333334,17.935333575827087,10.576650992563165,0.0
1507,90420.0,90480.0,124,483.9349593495935,17.183550959097705,7.474546973497216,0.0
1508,90480.0,90540.0,124,482.6341463414634,13.944426169316664,7.940351398261217,0.0
1509,90540.0,90600.0,127,472.3015873015873,49.47795789500935,55.13155176484696,7.142857142857142
1510,90600.0,90660.0,119,505.45762711864404,22.858406248066633,12.217403867637236,0.0
1511,90660.0,90720.0,127,470.984126984127,27.72060147312367,16.849451029632984,1.5873015873015872
1512,90720.0,90780.0,131,459.4153846153846,153.16595775234134,206.66289068818548,18.461538461538463
1513,90780.0,90840.0,120,499.5798319327731,19.037650384827007,11.68658509516106,0.0
1514,90840.0,90900.0,129,465.84375,16.901026153443173,9.332020905100263,0.78125
1515,90900.0,90960.0,122,489.75206611570246,16.505696487241174,7.67897562612792,0.0
1516,90960.0,91020.0,123,490.40983606557376,15.634119341242384,9.38083151964686,0.0
1517,91020.0,91080.0,127,472.41269841269843,13.546524183727628,8.009993757800315,0.0
1518,91080.0,91140.0,128,468.4409448818898,76.96295269796373,103.08587882294263,22.83464566929134
1519,91140.0,91200.0,128,470.37795275590554,30.56373230290215,15.801346135141134,2.3622047244094486
1520,91200.0,91260.0,120,496.38655462184875,19.804600237599942,11.205325610346998,0.0
1521,91260.0,91320.0,124,485.9186991869919,25.183130411257633,21.580197358522625,2.4390243902439024
1522,91320.0,91380.0,118,508.64957264957263,49.84100863803999,16.56023488089299,1.7094017094017095
1523,91380.0,91440.0,117,512.1379310344828,33.69708968254474,15.229262450381787,1.7241379310344827
1524,91440.0,91500.0,120,499.88235294117646,83.13407350459616,116.55579881450831,4.201680672268908
1525,91500.0,91560.0,133,450.1818181818182,29.473190866872333,22.109374199215047,3.0303030303030303
1526,91560.0,91620.0,118,510.15384615384613,19.48324451871729,14.269572160901406,1.7094017094017095
1527,91620.0,91680.0,120,498.5042016806723,34.616757465864794,44.372460538461105,4.201680672268908
1528,91680.0,91740.0,133,451.1212121212121,27.09582382487298,32.09052082340761,8.333333333333332
1529,91740.0,91800.0,119,506.1694915254237,19.917052387530134,12.100716938568162,0.0
1530,91800.0,91860.0,122,489.5702479338843,33.12622990076016,12.997435644515933,0.8264462809917356
1531,91860.0,91920.0,121,498.3333333333333,22.50427908267253,18.426323880923885,2.5
1532,91920.0,91980.0,121,495.25,12.426760227344019,8.516913474143694,0.0
1533,91980.0,92040.0,133,450.3030303030303,38.17875581167254,45.69163151868945,9.848484848484848
1534,92040.0,92100.0,124,485.9674796747967,34.19422225170758,10.697019655408544,0.0
1535,92100.0,92160.0,127,472.22222222222223,19.710256777176248,19.105601272925174,2.380952380952381
1536,92160.0,92220.0,131,457.96923076923076,72.32527070360285,91.70089565301906,7.6923076923076925
1537,92220.0,92280.0,139,430.1159420289855,63.96977758853428,85.04562965895185,8.695652173913043
1538,92280.0,92340.0,131,458.03076923076924,18.75833187966278,9.009899809301068,0.0
1539,92340.0,92400.0,124,485.3658536585366,21.003227032570194,11.413250855123058,0.8130081300813009
1540,92400.0,92460.0,129,464.703125,25.95403549857743,20.849668136863063,2.34375
1541,92460.0,92520.0,133,451.1060606060606,53.78743256486558,69.32366834181823,8.333333333333332
1542,92520.0,92580.0,130,462.0,108.11856917292238,138.298364053954,16.27906976744186
1543,92580.0,92640.0,130,462.9767441860465,14.99607506789228,7.44983221287567,0.0
1544,92640.0,92700.0,128,466.8346456692913,17.52900715210456,7.704873741021287,0.0
1545,92700.0,92760.0,135,443.97014925373134,26.59525094654846,25.32198664241803,4.477611940298507
1546,92760.0,92820.0,137,438.72058823529414,25.98879849202005,7.061633427661525,0.0
1547,92820.0,92880.0,129,465.296875,43.48198276071538,55.236071747068,1.5625
1548,92880.0,92940.0,131,457.6,16.29838057299944,6.735305567327389,0.0
1549,92940.0,93000.0,138,435.985401459854,45.24085630747094,55.17725447831476,4.37956204379562
1550,93000.0,93060.0,140,429.0935251798561,109.98503798681581,129.47385164916338,14.388489208633093
1551,93060.0,93120.0,113,531.0357142857143,249.62284807398197,303.6425708144542,50.0
1552,93120.0,93180.0,136,439.94074074074075,99.49332558150876,110.50197539937545,17.77777777777778
1553,93180.0,93240.0,124,485.6910569105691,28.436910348792452,16.296434287653334,0.8130081300813009
1554,93240.0,93300.0,122,490.54545454545456,33.71844203597392,14.516657099116632,0.8264462809917356
1555,93300.0,93360.0,118,509.5213675213675,23.454504122470915,16.41487970903439,0.8547008547008548
1556,93360.0,93420.0,121,494.25,27.986266139608098,8.987386118538442,0.0
1557,93420.0,93480.0,119,504.20338983050846,17.710665733351984,12.89934736307083,0.0
1558,93480.0,93540.0,121,497.65,21.780667551560413,15.724519204149953,1.6666666666666667
1559,93540.0,93600.0,135,443.2835820895522,29.713826036861185,33.447523706625326,11.194029850746269
1560,93600.0,93660.0,114,525.929203539823,29.110539578279187,15.059406173077154,0.0
1561,93660.0,93720.0,114,525.3805309734513,35.307910532119024,25.272797346441205,2.6548672566371683
1562,93720.0,93780.0,126,479.168,25.485206334959972,8.401228788771933,0.0
1563,93780.0,93840.0,120,498.33613445378154,18.606212426582818,9.649800208698448,0.0
1564,93840.0,93900.0,124,484.6991869918699,15.253021715868218,8.473681530983129,0.0
1565,93900.0,93960.0,121,493.53333333333336,12.218551354349643,7.420163308810108,0.0
1566,93960.0,94020.0,130,461.68992248062017,51.2270983052446,30.522020739131936,3.875968992248062
1567,94020.0,94080.0,126,477.648,42.932102433433634,23.1049498955834,4.0
1568,94080.0,94140.0,118,509.5213675213675,37.72189483360958,45.05628663701927,5.982905982905983
1569,94140.0,94200.0,126,473.696,38.72238329108806,13.74538045566465,0.8
1570,94200.0,94260.0,125,479.01612903225805,60.706676327628436,79.52358140828417,7.258064516129033
1571,94260.0,94320.0,123,488.26229508196724,40.03217781741045,48.42682133687269,5.737704918032787
1572,94320.0,94380.0,136,443.05185185185184,65.08494088594642,86.87647776043698,11.851851851851853
1573,94380.0,94440.0,122,491.3388429752066,55.63954734404422,39.613970599608756,5.785123966942149
1574,94440.0,94500.0,116,517.4608695652174,34.45854029463848,18.10592614045216,0.8695652173913043
1575,94500.0,94560.0,119,502.1694915254237,29.789662947785473,13.385794230432769,0.847457627118644
1576,94560.0,94620.0,119,506.1186440677966,17.779835640710825,13.185073145271279,1.694915254237288
1577,94620.0,94680.0,125,479.0483870967742,23.373202235535608,7.502844988857844,0.0
1578,94680.0,94740.0,127,473.3968253968254,45.76480383265365,19.973582552962302,3.1746031746031744
1579,94740.0,94800.0,126,475.024,25.413504157207193,14.327955980552325,2.4
1580,94800.0,94860.0,118,510.46153846153845,20.816744943110706,13.436953677747463,0.0
1581,94860.0,94920.0,117,511.51724137931035,17.99250218653686,9.651312143276504,0.0
1582,94920.0,94980.0,125,481.35483870967744,27.18386463918884,12.180218535692854,0.8064516129032258
1583,94980.0,95040.0,131,457.61538461538464,48.81612146583548,57.15910068132348,2.307692307692308
1584,95040.0,95100.0,122,491.58677685950414,78.85806547435796,101.1876145253624,9.917355371900827
1585,95100.0,95160.0,130,461.51937984496124,98.82837876648794,123.95815826318169,20.155038759689923
1586,95160.0,95220.0,120,493.6470588235294,212.55964619472982,279.05664329933364,31.932773109243694
1587,95220.0,95280.0,125,476.9193548387097,117.08086266692955,173.08853883611926,9.67741935483871
1588,95280.0,95340.0,116,519.1304347826087,163.63376532158048,180.4279513103086,20.869565217391305
1589,95340.0,95400.0,128,466.755905511811,49.830142681012354,53.947358232979866,6.299212598425196
1590,95400.0,95460.0,137,440.0147058823529,14.451956317202717,12.315602870914361,1.4705882352941175
1591,95460.0,95520.0,132,455.55725190839695,10.513844576296322,5.3923022056375025,0.0
1592,95520.0,95580.0,129,461.9375,15.231416972564503,6.425833687754233,0.0
1593,95580.0,95640.0,130,461.92248062015506,16.739554767031578,21.401664654881404,2.3255813953488373
1594,95640.0,95700.0,123,490.1967213114754,115.31270022047254,123.3874499692629,3.278688524590164
1595,95700.0,95760.0,122,490.1487603305785,32.194373513867504,11.063453348751466,0.0
1596,95760.0,95820.0,125,480.4193548387097,16.35833333500336,10.03084673289657,0.0
1597,95820.0,95880.0,126,475.136,17.160224075535282,7.457405931408485,0.0
1598,95880.0,95940.0,124,485.0569105691057,20.72192978425851,8.796422521703233,0.0
1599,95940.0,96000.0,128,467.0866141732283,16.94951589983753,8.096638534327413,0.0
1600,96000.0,96060.0,124,484.8617886178862,16.3267482448292,9.27008232053568,0.0
1601,96060.0,96120.0,124,483.9837398373984,17.025527477848485,8.7328285842542,0.0
1602,96120.0,96180.0,125,482.0967741935484,18.024111833756233,7.08370395969636,0.0
1603,96180.0,96240.0,123,486.344262295082,16.687091310154763,12.634728474975773,0.819672131147541
1604,96240.0,96300.0,121,495.56666666666666,13.629388250748299,9.308891565856483,0.0
1605,96300.0,96360.0,121,497.05,7.9914344901327965,8.819382779142881,0.0
1606,96360.0,96420.0,121,496.6,9.77253912800575,7.411097742433246,0.0
1607,96420.0,96480.0,119,502.76271186440675,9.177897982999909,6.8935743646795835,0.0
1608,96480.0,96540.0,121,494.65,10.234765271762084,7.507978949035463,0.0
1609,96540.0,96600.0,122,491.55371900826447,17.524245306252677,15.415360305011795,2.479338842975207
1610,96600.0,96660.0,126,475.328,34.26833768571122,24.260016222104515,2.4
1611,96660.0,96720.0,124,485.2032520325203,43.77643638740163,59.3149415837356,1.6260162601626018
1612,96720.0,96780.0,127,471.93650793650795,18.521229346561654,7.231044184625067,0.0
1613,96780.0,96840.0,126,476.528,14.730140266068904,6.40060481013192,0.0
1614,96840.0,96900.0,125,479.5,18.00022583417499,6.89998232588758,0.0
1615,96900.0,96960.0,126,476.688,15.838100244500245,7.7895711919744794,0.0
1616,96960.0,97020.0,125,479.43548387096774,22.88971151543637,8.5349591947053,0.0
1617,97020.0,97080.0,128,471.59055118110234,16.697758774952003,7.367883976130073,0.0
1618,97080.0,97140.0,129,465.1875,9.692719891631956,6.289598963217785,0.0
1619,97140.0,97200.0,127,469.5079365079365,17.259777997064052,6.6452990903344595,0.0
1620,97200.0,97260.0,131,460.2769230769231,17.698165010043247,15.32996255500921,2.307692307692308
1621,97260.0,97320.0,132,453.87786259541986,12.195221574145885,4.293107176715861,0.0
1622,97320.0,97380.0,132,454.67175572519085,23.407573642237974,12.96741478297992,2.2900763358778624
1623,97380.0,97440.0,130,462.5736434108527,17.569849527047772,7.697402159170326,0.0
1624,97440.0,97500.0,133,449.57575757575756,12.174382572629764,4.59006560847188,0.0
1625,97500.0,97560.0,130,460.1240310077519,19.480361806805103,12.335163152548896,1.550387596899225
1626,97560.0,97620.0,140,430.31654676258995,15.220617201307554,14.7658046007404,2.877697841726619
1627,97620.0,97680.0,146,410.8,50.39477486142123,67.6385409527898,8.96551724137931
1628,97680.0,97740.0,145,414.5138888888889,124.48242418760945,157.91986991726316,21.52777777777778
1629,97740.0,97800.0,153,392.82894736842104,76.05764425234162,102.84921129936127,13.815789473684212
1630,97800.0,97860.0,117,511.87931034482756,343.54472286980945,475.24551092269553,48.275862068965516
1631,97860.0,97920.0,113,516.1071428571429,552.6819680307634,749.652532123329,10.714285714285714
1632,97920.0,97980.0,136,441.31851851851854,35.18493823194591,23.941470920784006,2.2222222222222223
1633,97980.0,98040.0,128,466.4724409448819,19.43071810045276,10.524348187032999,0.0
1634,98040.0,98100.0,130,463.0077519379845,22.781741635309285,8.798082177383888,0.0
1635,98100.0,98160.0,125,479.33870967741933,19.668342396614783,10.800481771850043,0.0
1636,98160.0,98220.0,124,484.0,25.453268011377563,11.745944539063434,0.0
1637,98220.0,98280.0,125,481.14516129032256,21.392458799065356,16.49537998882141,1.6129032258064515
1638,98280.0,98340.0,122,489.42148760330576,31.44247447485532,28.115239046941547,3.3057851239669422
1639,98340.0,98400.0,126,478.032,20.91917472004433,9.698686309445845,0.0
1640,98400.0,98460.0,127,471.4920634920635,17.191507685713216,7.7500967735893465,0.0
1641,98460.0,98520.0,129,466.359375,19.815580593360583,7.5001312324476705,0.0
1642,98520.0,98580.0,128,466.20472440944883,43.63472815673699,59.31112478961703,3.149606299212598
1643,98580.0,98640.0,129,468.140625,16.78428885482506,8.85935601363767,0.0
1644,98640.0,98700.0,130,459.8139534883721,14.9341091558576,6.59545297913646,0.0
1645,98700.0,98760.0,133,452.030303030303,11.915695847958668,5.481405068658725,0.0
1646,98760.0,98820.0,130,459.6279069767442,20.077611041064596,8.717797887081348,0.0
1647,98820.0,98880.0,133,453.6969696969697,15.783815942572263,8.427508573911911,0.0
1648,98880.0,98940.0,126,474.256,18.181834252192314,15.24213176183572,1.6
1649,98940.0,99000.0,128,467.3228346456693,16.42147349968974,7.617857049836656,0.0
1650,99000.0,99060.0,130,463.0077519379845,18.874791440913576,25.404231930920485,4.651162790697675
1651,99060.0,99120.0,129,466.453125,16.061329003855153,8.490847318670639,0.0
1652,99120.0,99180.0,126,475.808,34.195287356876456,10.651366715273012,0.0
1653,99180.0,99240.0,127,471.2857142857143,21.587350793594716,9.112628599915615,0.0
1654,99240.0,99300.0,131,459.6923076923077,11.521362802846895,6.117708442639882,0.0
1655,99300.0,99360.0,130,458.74418604651163,12.083226409577712,5.367727638395972,0.0
1656,99360.0,99420.0,131,461.2923076923077,14.19217283671081,6.448363772992123,0.0
1657,99420.0,99480.0,125,478.98387096774195,47.03328416175215,57.10238985217053,1.6129032258064515
1658,99480.0,99540.0,127,472.984126984127,17.38734442149652,10.532995775181911,0.0
1659,99540.0,99600.0,126,473.584,18.169978784584703,8.028176187853989,0.0
1660,99600.0,99660.0,133,451.6212121212121,14.6847432396937,5.1689029060244875,0.0
1661,99660.0,99720.0,131,460.7076923076923,26.185813708848425,11.289015035206406,1.5384615384615385
1662,99720.0,99780.0,131,458.0153846153846,12.551898225994762,6.018060672971476,0.0
1663,99780.0,99840.0,130,460.74418604651163,10.452481067436395,4.940268211342376,0.0
1664,99840.0,99900.0,128,468.3937007874016,17.243428690978845,7.521398046336104,0.0
1665,99900.0,99960.0,133,452.3030303030303,17.0557860585612,7.452649510933975,0.0
1666,99960.0,100020.0,130,458.1860465116279,10.220817789153163,6.819090848492928,0.0
1667,100020.0,100080.0,129,465.5625,15.375484116313984,16.523902991688743,2.34375
1668,100080.0,100140.0,130,463.0387596899225,8.817953189352528,5.217159188677302,0.0
1669,100140.0,100200.0,106,568.1333333333333,112.96809170553314,46.75838057339191,11.428571428571429
1670,100200.0,100260.0,118,506.35897435897436,23.923175006408904,17.484968914214132,0.8547008547008548
1671,100260.0,100320.0,122,491.504132231405,81.29177120788857,116.31451614767036,2.479338842975207
1672,100320.0,100380.0,123,488.37704918032784,75.7871451483238,109.495160087762,14.754098360655737
1673,100380.0,100440.0,120,498.78991596638656,23.9847670406214,15.87877807705426,0.8403361344537815
1674,100440.0,100500.0,124,487.0243902439024,26.260193466454922,12.271518403784686,0.0
1675,100500.0,100560.0,121,495.4,18.111883837261484,10.771889966267672,0.0
1676,100560.0,100620.0,119,500.96610169491527,13.500827580451915,10.574925996386916,0.0
1677,100620.0,100680.0,123,490.5245901639344,30.236318021819333,27.83481380401407,3.278688524590164
1678,100680.0,100740.0,127,471.25396825396825,53.595064923246284,75.36641161684693,5.555555555555555
1679,100740.0,100800.0,125,480.4032258064516,15.320913680771051,15.122265929061964,2.4193548387096775
1680,100800.0,100860.0,121,494.9166666666667,14.907887108481056,10.116963041173502,0.0
1681,100860.0,100920.0,122,491.6528925619835,19.409066070525586,16.00937225502612,2.479338842975207
1682,100920.0,100980.0,122,493.8347107438017,17.628739370432406,10.181682899534175,0.0
1683,100980.0,101040.0,118,505.88034188034186,14.652975685294587,11.544516536822385,0.0
1684,101040.0,101100.0,123,488.8524590163934,131.1303478772139,186.91696127752328,6.557377049180328
1685,101100.0,101160.0,122,493.702479338843,45.267840797505684,64.77139286238435,4.958677685950414
1686,101160.0,101220.0,125,479.9193548387097,66.28413791713506,87.11939289208907,8.064516129032258
1687,101220.0,101280.0,127,469.7936507936508,99.30988409702773,107.05572380774416,11.904761904761903
1688,101280.0,101340.0,128,471.65354330708664,20.236842855887954,8.591246929842246,0.0
1689,101340.0,101400.0,130,459.6279069767442,27.017086540119,36.893004079364424,7.751937984496124
1690,101400.0,101460.0,130,462.3410852713178,85.23831445974272,120.82347660947354,5.426356589147287
1691,101460.0,101520.0,129,463.265625,14.662332894376387,6.894023430125409,0.0
1692,101520.0,101580.0,135,446.35820895522386,41.0082337202941,52.32920661219367,1.4925373134328357
1693,101580.0,101640.0,122,491.9669421487603,216.47586216036098,219.24043118609913,26.446280991735538
1694,101640.0,101700.0,128,468.40944881889766,142.69366424187567,176.0340876080539,8.661417322834646
1695,101700.0,101760.0,128,470.96062992125985,11.00606007298746,8.967312775447192,0.0
1696,101760.0,101820.0,130,462.3410852713178,16.47749228305037,7.828234155925588,0.0
1697,101820.0,101880.0,127,471.6507936507937,17.029065722025955,9.898686781588758,0.7936507936507936
1698,101880.0,101940.0,131,455.9846153846154,10.107932731992737,5.404563102192571,0.0
1699,101940.0,102000.0,128,469.3543307086614,15.425976627288037,8.284619522640773,0.7874015748031495
1700,102000.0,102060.0,128,469.9212598425197,13.159344738844544,5.670866790776358,0.0
1701,102060.0,102120.0,125,479.1290322580645,15.454611089701041,6.95864672387112,0.0
1702,102120.0,102180.0,127,472.23809523809524,10.929906547764128,5.452338947644396,0.0
1703,102180.0,102240.0,129,466.0,12.43312821317927,6.537595695690807,0.0
1704,102240.0,102300.0,129,464.15625,13.830490964349769,7.116577076891572,0.0
1705,102300.0,102360.0,130,461.968992248062,14.343954510794852,8.029243426375862,0.0
1706,102360.0,102420.0,129,463.65625,16.54220919464417,6.438075713878938,0.0
1707,102420.0,102480.0,126,476.224,10.647477362903777,6.423244080379402,0.0
1708,102480.0,102540.0,125,480.64516129032256,5.316324832990503,3.3929625877617955,0.0
1709,102540.0,102600.0,126,475.584,11.422377584260614,4.855990646746585,0.0
1710,102600.0,102660.0,124,486.6341463414634,6.580234054189627,5.4742317373996965,0.0
1711,102660.0,102720.0,122,490.94214876033055,6.797422943857911,5.732945723331651,0.0
1712,102720.0,102780.0,121,495.96666666666664,10.121890192272675,8.68496237346895,0.0
1713,102780.0,102840.0,123,487.672131147541,14.589389681835334,20.913833454249033,2.459016393442623
1714,102840.0,102900.0,122,492.54545454545456,8.97403662424738,6.730527468185536,0.0
1715,102900.0,102960.0,120,496.8235294117647,6.711547169154714,7.2952271371802295,0.0
1716,102960.0,103020.0,116,521.0608695652174,48.02581304398156,17.063349458322715,2.608695652173913
1717,103020.0,103080.0,120,500.5042016806723,13.839806228179512,11.057630236206942,0.0
1718,103080.0,103140.0,120,496.84033613445376,13.382244240149156,10.753005098300093,0.0
1719,103140.0,103200.0,123,491.0327868852459,11.876036310574102,9.204741860979738,0.0
1720,103200.0,103260.0,124,482.9268292682927,12.665410966329581,8.046993125426152,0.0
1721,103260.0,103320.0,129,465.28125,49.55279336938193,57.379246707811575,3.90625
1722,103320.0,103380.0,124,481.349593495935,13.228126851422857,7.882331351889719,0.0
1723,103380.0,103440.0,129,467.28125,11.720456240615762,5.659637449783522,0.0
1724,103440.0,103500.0,138,433.3868613138686,12.703779066727073,6.1213224253664436,0.0
1725,103500.0,103560.0,132,454.99236641221376,23.374376563699673,5.854649697199917,0.0
1726,103560.0,103620.0,134,449.4736842105263,23.003154904625326,6.407855028057834,0.0
1727,103620.0,103680.0,126,474.256,54.09667332208265,31.967221114861573,4.8
1728,103680.0,103740.0,126,475.392,27.434642569263154,10.816653826391969,0.0
1729,103740.0,103800.0,129,466.03125,17.747102458409692,7.200174976001581,0.0
1730,103800.0,103860.0,135,446.23880597014926,103.14222453861512,99.06449634500862,6.7164179104477615
1731,103860.0,103920.0,139,429.42028985507244,77.02429340862436,112.56984855155358,9.420289855072465
1732,103920.0,103980.0,134,448.0751879699248,68.78354543147286,93.48456362610693,9.774436090225564
1733,103980.0,104040.0,134,447.74436090225566,19.690658504824345,9.040313751594727,0.0
1734,104040.0,104100.0,136,442.14814814814815,10.31917395059626,6.33163108833782,0.0
1735,104100.0,104160.0,129,463.984375,225.3752071677484,296.2362326114262,22.65625
1736,104160.0,104220.0,142,422.43971631205676,66.74603988192068,92.05914248072114,8.51063829787234
1737,104220.0,104280.0,141,427.45714285714286,138.18949409976068,172.30907482250333,30.714285714285715
1738,104280.0,104340.0,131,458.2153846153846,193.27968988274154,261.85995428647493,39.23076923076923
1739,104340.0,104400.0,145,413.19444444444446,121.06342773667667,156.86045644840766,31.25
1740,104400.0,104460.0,115,521.8421052631579,369.4681319306752,516.6504098688969,54.385964912280706
1741,104460.0,104520.0,88,674.0,447.4021134983503,562.3356607479533,67.81609195402298
1742,104520.0,104580.0,127,468.76190476190476,244.70663018631683,340.24353630892097,11.904761904761903
1743,104580.0,104640.0,131,458.5846153846154,25.46004153506438,13.818311634715311,0.0
1744,104640.0,104700.0,123,490.3606557377049,20.902001001039256,14.161990801828477,0.0
1745,104700.0,104760.0,128,465.7165354330709,26.929330689669506,15.603214971931825,0.7874015748031495
1746,104760.0,104820.0,128,469.25984251968504,18.702012708264384,16.90684091843505,2.3622047244094486
1747,104820.0,104880.0,128,471.7007874015748,22.510778709436885,13.035969773534607,0.7874015748031495
1748,104880.0,104940.0,135,441.46268656716416,18.68804318653033,19.7510825819218,4.477611940298507
1749,104940.0,105000.0,129,465.484375,71.74242909108781,101.58972605999527,8.59375
1750,105000.0,105060.0,122,491.9669421487603,22.472180536646313,17.529974329701684,2.479338842975207
1751,105060.0,105120.0,136,443.037037037037,31.922342198746037,26.092258816538934,5.9259259259259265
1752,105120.0,105180.0,128,469.8897637795276,31.471132740584714,33.873715052066125,11.811023622047244
1753,105180.0,105240.0,125,476.51612903225805,24.514632720359277,8.57676953227473,0.0
1754,105240.0,105300.0,129,465.75,15.625539360769618,6.859673323871642,0.0
1755,105300.0,105360.0,127,474.12698412698415,20.95136620919376,13.726470777297418,1.5873015873015872
1756,105360.0,105420.0,126,474.528,17.859928114582782,8.088223218897317,0.0
1757,105420.0,105480.0,126,476.288,24.293506367194162,29.598387052828272,2.4
1758,105480.0,105540.0,124,483.6585365853659,28.71876900082646,18.23255959837227,4.878048780487805
1759,105540.0,105600.0,127,473.1904761904762,19.313296677973664,7.112805353726475,0.0
1760,105600.0,105660.0,124,483.9674796747967,21.929819117966172,8.659307510267611,0.0
1761,105660.0,105720.0,126,476.864,24.977843084647848,11.036596015660953,0.8
1762,105720.0,105780.0,121,497.76666666666665,153.68880121546795,189.27930542503816,6.666666666666667
1763,105780.0,105840.0,120,497.52941176470586,21.090130846976088,10.740387898180858,0.0
1764,105840.0,105900.0,121,498.53333333333336,22.040045041564085,9.359307594873789,0.0
1765,105900.0,105960.0,121,496.3,25.729883224692305,11.411331534705228,0.8333333333333334
1766,105960.0,106020.0,118,507.35042735042737,22.914878557359973,11.099860204152309,0.0
1767,106020.0,106080.0,120,497.96638655462186,38.21259282477025,17.881910185,2.5210084033613445
1768,106080.0,106140.0,118,508.15384615384613,19.465537798984993,11.307611107812173,0.0
1769,106140.0,106200.0,121,497.98333333333335,29.12793667045215,10.807715886766992,0.0
1770,106200.0,106260.0,113,527.8392857142857,81.97830448778754,69.30699430403442,8.035714285714286
1771,106260.0,106320.0,116,520.8521739130434,18.215206428493936,13.501137054129403,0.0
1772,106320.0,106380.0,119,502.79661016949154,15.319145789732376,10.579774285476223,0.0
1773,106380.0,106440.0,122,491.78512396694214,18.85877629980723,10.0,0.0
1774,106440.0,106500.0,117,513.0172413793103,31.52196825641795,12.622960446534822,0.0
1775,106500.0,106560.0,121,495.8666666666667,8.637356167753387,7.708992893275452,0.0
1776,106560.0,106620.0,121,495.8333333333333,7.206828383563748,7.140840051328377,0.0
1777,106620.0,106680.0,121,493.1333333333333,13.93558610981575,8.317239361004065,0.0
1778,106680.0,106740.0,121,498.55,15.68377098369227,16.041961781999298,0.8333333333333334
1779,106740.0,106800.0,121,496.8666666666667,11.29507465599913,9.664976187548646,0.0
1780,106800.0,106860.0,122,491.53719008264466,10.72927562195607,7.602631123499285,0.0
1781,106860.0,106920.0,120,500.10084033613447,16.174574606295845,9.873779692890094,0.0
1782,106920.0,106980.0,122,491.12396694214874,55.09500434823679,60.60500529384241,6.6115702479338845
1783,106980.0,107040.0,127,472.95238095238096,30.498487081914643,10.539070167714039,0.0
1784,107040.0,107100.0,123,485.2950819672131,13.345806612020768,14.826824027545536,1.639344262295082
1785,107100.0,107160.0,122,493.35537190082647,11.790433625141635,9.82344135219425,0.0
1786,107160.0,107220.0,121,496.9,49.18621792345337,71.08688020876374,2.5
1787,107220.0,107280.0,123,486.6393442622951,17.166691549043694,11.537935991421897,0.819672131147541
1788,107280.0,107340.0,128,469.5748031496063,19.20917426525685,16.18543338833576,2.3622047244094486
1789,107340.0,107400.0,125,481.8225806451613,12.105262167665554,8.214601316968947,0.0
1790,107400.0,107460.0,123,487.72131147540983,17.796490644437547,20.50357759550455,2.459016393442623
1791,107460.0,107520.0,122,488.8264462809917,12.319819862015308,11.428035701729321,0.8264462809917356
1792,107520.0,107580.0,122,491.43801652892563,8.537068741653924,6.8068592855540455,0.0
1793,107580.0,107640.0,127,472.3333333333333,26.24042682579687,18.047936170099895,2.380952380952381
1794,107640.0,107700.0,125,483.35483870967744,29.069637038235438,37.93747530503744,6.451612903225806
1795,107700.0,107760.0,119,502.864406779661,101.7247766047491,68.793261446982,7.627118644067797
1796,107760.0,107820.0,120,501.5798319327731,34.203651256752515,17.36741542786571,2.5210084033613445
1797,107820.0,107880.0,128,467.1023622047244,34.93732134762383,34.591952454337914,2.3622047244094486
1798,107880.0,107940.0,122,492.44628099173553,19.205012545870733,12.216109582568967,0.0
1799,107940.0,108000.0,130,459.47286821705427,19.158091273410044,7.182878949279321,0.0
1800,108000.0,108060.0,131,458.3538461538462,40.491909717056906,42.95662135025818,3.8461538461538463
1801,108060.0,108120.0,138,436.6861313868613,27.615466634185037,6.823402635739135,0.0
1802,108120.0,108180.0,141,423.64285714285717,52.389393103600824,53.49806693206425,5.714285714285714
1803,108180.0,108240.0,136,443.06666666666666,16.92265107490505,9.486832980505138,0.7407407407407408
1804,108240.0,108300.0,131,458.5230769230769,19.033310410641533,9.436856657059673,0.0
1805,108300.0,108360.0,130,460.9922480620155,14.093713206177584,7.329307607134524,0.0
1806,108360.0,108420.0,129,464.09375,18.288776085584878,7.508525338300824,0.0
1807,108420.0,108480.0,122,491.53719008264466,49.94848034430311,12.600264547487354,0.8264462809917356
1808,108480.0,108540.0,127,474.14285714285717,17.20684249278259,8.752599613829025,0.0
1809,108540.0,108600.0,128,469.0551181102362,11.91724579785842,5.6484300389366515,0.0
1810,108600.0,108660.0,133,447.77272727272725,51.91163821165907,61.621846032044076,7.575757575757576
1811,108660.0,108720.0,125,481.0,17.318630412061847,9.872356083232935,0.8064516129032258
1812,108720.0,108780.0,127,473.0952380952381,28.804007657665572,27.506508320759288,2.380952380952381
1813,108780.0,108840.0,127,470.3015873015873,17.182442127367036,8.240388340363577,0.7936507936507936
1814,108840.0,108900.0,126,476.048,12.198529789784427,5.334005334008001,0.0
1815,108900.0,108960.0,131,458.95384615384614,38.90853148477502,38.57178950653488,6.923076923076923
1816,108960.0,109020.0,141,425.5857142857143,79.59845138892403,112.14481901387454,20.0
1817,109020.0,109080.0,144,416.27972027972027,70.45390117992405,91.0823802938856,19.58041958041958
1818,109080.0,109140.0,135,445.7761194029851,134.24714285704135,185.34836130269397,37.3134328358209
1819,109140.0,109200.0,122,485.7190082644628,245.27512522133506,313.6630357565265,51.2396694214876
1820,109200.0,109260.0,134,446.45112781954884,134.6883308124788,146.31245105367256,16.541353383458645
1821,109260.0,109320.0,100,462.7878787878788,106.8070234569818,115.82164331947845,22.22222222222222
1830,109800.0,109860.0,52,471.84313725490193,100.26033563658554,134.7412334810692,19.607843137254903
1831,109860.0,109920.0,117,514.051724137931,170.87223016183688,206.2685459382459,25.0
1832,109920.0,109980.0,97,620.2083333333334,315.30189098091427,401.68067967111966,59.375
1833,109980.0,110040.0,136,440.2518518518518,84.78081648321145,118.92340442235492,23.703703703703706
1834,110040.0,110100.0,133,451.92424242424244,21.545485778625764,10.869103209563919,0.7575757575757576
1835,110100.0,110160.0,133,452.3030303030303,47.727268982077995,59.854275963752485,8.333333333333332
1836,110160.0,110220.0,132,455.51145038167937,82.1024094476586,117.13673798008627,18.3206106870229
1837,110220.0,110280.0,132,449.41984732824426,107.40705851310729,120.0173064443368,18.3206106870229
1838,110280.0,110340.0,135,445.8059701492537,18.574571352562433,13.559115902600375,2.2388059701492535
1839,110340.0,110400.0,134,445.8496240601504,12.937200437522364,5.018148879997303,0.0
1840,110400.0,110460.0,131,459.0,11.614612555148,5.404563102192571,0.0
1841,110460.0,110520.0,128,470.37795275590554,14.43921530529519,5.893229906439993,0.0
1842,110520.0,110580.0,131,456.0615384615385,15.810777330205209,5.5433457559981445,0.0
1843,110580.0,110640.0,131,457.3076923076923,12.586966406384196,7.29234492969466,0.0
1844,110640.0,110700.0,133,452.6212121212121,11.65701328921307,6.917176320166691,0.0
1845,110700.0,110760.0,133,451.4848484848485,11.783339803444216,6.108434914054224,0.0
1846,110760.0,110820.0,135,442.86567164179104,7.769025683560413,4.345942710749048,0.0
1847,110820.0,110880.0,132,455.80152671755724,15.166471039930482,7.45860370516957,0.0
1848,110880.0,110940.0,133,450.1060606060606,6.412365887182985,4.814101423846819,0.0
1849,110940.0,111000.0,131,460.4769230769231,13.23327693226927,8.592406959888544,0.0
1850,111000.0,111060.0,130,460.27906976744185,13.51329018514392,7.958878689865803,0.0
1851,111060.0,111120.0,127,470.7936507936508,13.028164850241932,8.908422980528035,0.0
1852,111120.0,111180.0,128,470.61417322834643,11.28986569302661,6.9670425963734814,0.0
1853,111180.0,111240.0,131,458.33846153846156,19.668789996854656,22.370384630737394,3.8461538461538463
1854,111240.0,111300.0,127,470.25396825396825,38.85726423883936,54.7474200305366,1.5873015873015872
1855,111300.0,111360.0,126,479.072,16.979197898909202,11.871625157111716,0.8
1856,111360.0,111420.0,127,470.8095238095238,14.342504264298778,9.900303025665426,0.0
1857,111420.0,111480.0,125,478.6774193548387,9.86044771085391,6.874011384942944,0.0
1858,111480.0,111540.0,131,457.67692307692306,27.272729766357557,29.344782825397896,7.6923076923076925
1859,111540.0,111600.0,128,469.7795275590551,11.294691396549183,6.683312551921141,0.0
1860,111600.0,111660.0,128,467.4488188976378,8.010616627492288,5.480122811739353,0.0
1861,111660.0,111720.0,132,457.8625954198473,13.098892119200022,15.746061778694427,3.0534351145038165
1862,111720.0,111780.0,125,478.741935483871,44.764582211986415,61.4409624755236,14.516129032258066
1863,111780.0,111840.0,130,460.38759689922483,10.93468540751129,5.291502622129181,0.0
1864,111840.0,111900.0,129,464.515625,10.613454820573104,9.10654346381039,0.0
1865,111900.0,111960.0,134,447.4436090225564,12.985664318215397,6.452624554114677,0.0
1866,111960.0,112020.0,130,463.93798449612405,133.63919194619146,152.97477324709456,26.356589147286826
1867,112020.0,112080.0,140,427.136690647482,8.53653821059795,3.923175288949767,0.0
1868,112080.0,112140.0,136,442.2074074074074,15.194802870490918,17.585611486191873,2.2222222222222223
1869,112140.0,112200.0,141,424.1142857142857,53.42635430214661,69.03882756992775,7.857142857142857
1870,112200.0,112260.0,138,437.08029197080293,165.30916038077405,242.62443744820683,13.138686131386862
1871,112260.0,112320.0,131,457.10769230769233,188.42341590497702,223.09736463823845,20.0
1872,112320.0,112380.0,137,439.3235294117647,278.68710404463343,280.0938467067118,12.5
1873,112380.0,112440.0,149,400.56756756756755,42.01395332880651,53.21730576281612,6.081081081081082
1874,112440.0,112500.0,121,498.76666666666665,150.193641583087,107.82447610379947,16.666666666666664
1875,112500.0,112560.0,22,2826.4761904761904,10111.399604501088,14702.768120323466,42.857142857142854
1876,112560.0,112620.0,135,445.2835820895522,18.90443395509063,13.720080229494265,1.4925373134328357
1877,112620.0,112680.0,134,445.4135338345865,41.29552177268152,27.00841619670701,9.022556390977442
1878,112680.0,112740.0,133,450.92424242424244,17.61055426609573,14.712512201088417,1.5151515151515151
1879,112740.0,112800.0,139,432.95652173913044,71.5428379216703,102.9236837250438,26.811594202898554
1880,112800.0,112860.0,148,406.13605442176873,72.20316080962888,95.88591965998499,17.687074829931973
1881,112860.0,112920.0,127,472.5238095238095,254.06470716841295,339.4371812279851,51.587301587301596
1882,112920.0,112980.0,141,410.5285714285714,116.73288963751543,124.24714289667031,17.142857142857142
1883,112980.0,113040.0,148,404.734693877551,14.439446793662736,13.34782317689457,2.0408163265306123
1884,113040.0,113100.0,145,413.8888888888889,20.238822732806018,23.298608860298394,4.861111111111112
1885,113100.0,113160.0,141,427.2857142857143,12.656096272841019,13.815849515745553,2.142857142857143
1886,113160.0,113220.0,141,424.4714285714286,9.492475518518939,3.240925349696003,0.0
1887,113220.0,113280.0,141,425.3285714285714,8.997555908856068,3.5704623564531417,0.0
1888,113280.0,113340.0,144,416.0839160839161,15.681466814609442,10.471961221804916,2.097902097902098
1889,113340.0,113400.0,145,413.6388888888889,12.193435761912049,14.300471897930379,1.3888888888888888
1890,113400.0,113460.0,147,409.82191780821915,7.197398889835467,3.026321313022656,0.0
1891,113460.0,113520.0,142,422.822695035461,15.103586938180925,4.723799923185328,0.0
1892,113520.0,113580.0,142,420.822695035461,29.243872053558565,28.622668339222724,3.546099290780142
1893,113580.0,113640.0,145,412.75,17.858613326069577,4.450190535718196,0.0
1894,113640.0,113700.0,137,438.8235294117647,28.026940043317627,10.389453341766387,0.7352941176470588
1895,113700.0,113760.0,144,418.7412587412587,117.70808444997857,151.62788030077795,12.587412587412588
1896,113760.0,113820.0,139,430.05797101449275,143.8322100366547,191.47121527104866,30.434782608695656
1897,113820.0,113880.0,145,411.4583333333333,137.42572692032746,170.04738130330585,28.47222222222222
1898,113880.0,113940.0,142,423.13475177304963,203.38525090007863,271.99889705658734,18.439716312056735
1899,113940.0,114000.0,141,425.2142857142857,137.53444490547577,175.0269866139661,37.142857142857146
1900,114000.0,114060.0,149,402.8243243243243,43.305545703246864,54.649159300440274,12.837837837837837
1901,114060.0,114120.0,146,412.9793103448276,19.70915923763381,6.302556800396346,0.0
1902,114120.0,114180.0,133,450.40909090909093,50.92172627475263,63.78709817141528,5.303030303030303
1903,114180.0,114240.0,126,476.624,19.776845372890637,9.245748805139685,0.0
1904,114240.0,114300.0,132,452.67175572519085,39.13417604327481,14.99127951638757,2.2900763358778624
1905,114300.0,114360.0,134,448.09022556390977,30.32437229773711,27.58567920080448,3.7593984962406015
1906,114360.0,114420.0,131,457.3076923076923,23.418950172700168,8.781587502824728,0.0
1907,114420.0,114480.0,128,469.76377952755905,31.09699538717103,23.27407441086626,2.3622047244094486
1908,114480.0,114540.0,131,457.9384615384615,26.12544390666338,25.415615050045375,6.153846153846154
1909,114540.0,114600.0,123,485.60655737704917,41.62138622578763,38.555316062693805,4.098360655737705
1910,114600.0,114660.0,126,476.976,30.979302143371832,16.861867649971675,2.4
1911,114660.0,114720.0,130,462.5426356589147,23.695664078561524,21.080203983832796,3.875968992248062
1912,114720.0,114780.0,130,458.93023255813955,38.25248889911275,44.04330255555321,4.651162790697675
1913,114780.0,114840.0,128,468.2204724409449,36.41840485899185,28.668327748109338,5.511811023622047
1914,114840.0,114900.0,131,459.0,103.93475890445472,134.38888381493186,16.153846153846153
1915,114900.0,114960.0,121,492.75,261.02526520555483,325.9660754632929,43.333333333333336
1916,114960.0,115020.0,140,429.0071942446043,200.6277646485346,271.07221349215456,27.33812949640288
1917,115020.0,115080.0,138,430.56934306569343,209.82611132654154,257.485921945259,27.73722627737226
1918,115080.0,115140.0,134,450.25563909774434,34.62562856564098,15.11972422387593,0.0
1919,115140.0,115200.0,124,482.6341463414634,35.39409701007693,17.046705368910036,1.6260162601626018
1920,115200.0,115260.0,115,521.140350877193,39.74339755774936,19.39710771250754,2.631578947368421
1921,115260.0,115320.0,123,490.0163934426229,47.352028521142195,15.01073995676385,0.0
1922,115320.0,115380.0,117,512.4827586206897,65.67515349891804,69.08646126727568,6.0344827586206895
1923,115380.0,115440.0,128,467.2755905511811,55.93628421260713,20.37972849017703,4.724409448818897
1924,115440.0,115500.0,128,468.20472440944883,66.45147872787977,62.56095440346971,4.724409448818897
1925,115500.0,115560.0,121,498.25,150.363271597083,210.83977747262466,36.666666666666664
1926,115560.0,115620.0,132,451.5419847328244,52.32417584223373,72.36254874960156,16.030534351145036
1927,115620.0,115680.0,128,468.755905511811,101.86543539952036,138.8172259563712,15.748031496062993
1928,115680.0,115740.0,133,452.3636363636364,123.28625368215737,160.75698790505297,18.939393939393938
1929,115740.0,115800.0,121,497.6166666666667,60.53281398239678,82.82227606003536,5.0
1930,115800.0,115860.0,113,526.4821428571429,26.910924853075496,15.014707504358567,0.0
1931,115860.0,115920.0,121,496.7,32.36311833818596,18.450023342655633,1.6666666666666667
1932,115920.0,115980.0,122,495.0082644628099,31.864425270136966,13.2664991614216,0.8264462809917356
1933,115980.0,116040.0,108,556.2429906542056,341.9349723327217,456.4717437368809,44.85981308411215
1934,116040.0,116100.0,111,535.6909090909091,315.6937531661924,364.2495364041555,38.18181818181819
1935,116100.0,116160.0,122,493.3223140495868,225.2353663347164,288.55288365682065,48.760330578512395
1936,116160.0,116220.0,119,495.1694915254237,262.3508874029336,347.95131794278296,45.76271186440678
1937,116220.0,116280.0,118,512.3418803418804,259.04017669988895,304.5994543432521,46.15384615384615
1938,116280.0,116340.0,128,469.4803149606299,250.60323571789922,341.89068149810413,29.92125984251969
1939,116340.0,116400.0,104,578.3883495145631,82.0975308326494,27.277082242906307,6.796116504854369
1940,116400.0,116460.0,103,578.5882352941177,94.02278562485245,48.94490740001496,13.725490196078432
1941,116460.0,116520.0,106,567.7142857142857,77.48718433562892,65.6262728814283,21.904761904761905
1942,116520.0,116580.0,116,517.1130434782609,41.81932005819406,23.934120106307603,3.4782608695652173
1943,116580.0,116640.0,115,519.859649122807,38.71540755534779,23.700192299731405,5.263157894736842
1944,116640.0,116700.0,113,534.5714285714286,25.125886398496817,18.663448886106885,0.8928571428571428
1945,116700.0,116760.0,116,514.7826086956521,101.19832730473048,135.05268627530307,5.217391304347826
1946,116760.0,116820.0,115,523.1578947368421,26.305078397734256,16.3252342812066,0.8771929824561403
1947,116820.0,116880.0,114,526.3362831858407,21.585217585301383,13.739931378493646,0.0
1948,116880.0,116940.0,116,516.6782608695652,39.310627067723885,35.49944402826316,6.086956521739131
1949,116940.0,117000.0,115,523.1578947368421,26.991830605248875,15.645407027685375,0.0
1950,117000.0,117060.0,124,483.6910569105691,28.190258194463297,8.162288332304374,0.0
1951,117060.0,117120.0,123,487.60655737704917,24.176539880892452,11.135528725660043,0.819672131147541
1952,117120.0,117180.0,124,482.260162601626,43.08357060076438,54.08372380234065,7.317073170731707
1953,117180.0,117240.0,118,507.4017094017094,23.025121149503374,11.901897849242074,0.8547008547008548
1954,117240.0,117300.0,122,494.5123966942149,15.223948076675851,10.111050060865752,0.0
1955,117300.0,117360.0,121,493.03333333333336,20.93283911707632,10.001680531059675,0.0
1956,117360.0,117420.0,123,487.72131147540983,41.62589433582843,37.079320827893426,3.278688524590164
1957,117420.0,117480.0,117,512.8103448275862,19.017572557164506,14.23284627344363,0.0
1958,117480.0,117540.0,131,458.81538461538463,24.105319498930065,10.261692140256175,0.0
1959,117540.0,117600.0,124,482.5040650406504,23.02898173461953,11.745944539063434,0.8130081300813009
1960,117600.0,117660.0,122,495.0413223140496,17.070635945103156,10.207840124139876,0.0
1961,117660.0,117720.0,119,502.3898305084746,8.991005855621127,7.01158991687286,0.0
1962,117720.0,117780.0,120,499.546218487395,16.532324730742083,8.772066606129531,0.0
1963,117780.0,117840.0,122,491.27272727272725,29.055120030727803,9.192388155425117,0.0
1964,117840.0,117900.0,120,502.453781512605,19.436880852490006,8.750786889556887,0.0
1965,117900.0,117960.0,120,497.0924369747899,25.172958182777045,18.690158744598858,2.5210084033613445
1966,117960.0,118020.0,119,504.91525423728814,10.726256841612868,7.957150200683617,0.0
1967,118020.0,118080.0,117,512.9655172413793,10.18262034652374,8.38217570593801,0.0
1968,118080.0,118140.0,118,511.28205128205127,10.720465566516447,11.454557894206312,0.0
1969,118140.0,118200.0,118,506.4957264957265,21.12508883132677,11.79128842657242,0.8547008547008548
1970,118200.0,118260.0,124,484.5853658536585,18.54145856521837,5.43516178292398,0.0
1971,118260.0,118320.0,117,514.7758620689655,26.77152484877609,12.206911798328598,0.0
1972,118320.0,118380.0,121,492.3666666666667,23.64724417057398,9.556554352507863,0.0
1973,118380.0,118440.0,127,472.53968253968253,29.149449612272488,10.65232369016263,0.0
1974,118440.0,118500.0,126,476.096,30.862709516659056,18.083141320025124,4.8
1975,118500.0,118560.0,145,414.06944444444446,22.610614741530117,20.8645314188618,4.861111111111112
1976,118560.0,118620.0,128,470.81889763779526,22.566099494467377,12.719189352225941,0.7874015748031495
1977,118620.0,118680.0,124,483.7723577235772,18.78472217038426,9.986876634765887,0.0
1978,118680.0,118740.0,122,489.1735537190083,26.542631647329927,17.093858546273278,2.479338842975207
1979,118740.0,118800.0,122,492.6280991735537,21.386963408972985,10.233930492891446,0.0
1980,118800.0,118860.0,123,490.1475409836066,17.035049979015696,10.132999849522017,0.0
1981,118860.0,118920.0,130,460.29457364341084,21.21187871098674,9.285405214636569,0.0
1982,118920.0,118980.0,132,454.25954198473283,25.784189486600425,7.21323569771356,0.0
1983,118980.0,119040.0,130,459.70542635658916,21.3118229734017,9.352472935004945,0.0
1984,119040.0,119100.0,126,476.448,13.170994524871443,6.902547449335106,0.0
1985,119100.0,119160.0,126,479.056,20.95090420714042,8.473868751220026,0.0
1986,119160.0,119220.0,126,475.632,12.711143193683352,7.474688471229786,0.0
1987,119220.0,119280.0,124,484.2113821138211,15.56333018459608,8.702741230097146,0.0
1988,119280.0,119340.0,134,447.4436090225564,36.196729622455265,35.20717901998759,9.022556390977442
1989,119340.0,119400.0,140,427.0791366906475,90.95348904942453,127.48242277248275,15.107913669064748
1990,119400.0,119460.0,135,444.95522388059703,48.57903654926437,57.756554163767255,8.208955223880597
1991,119460.0,119520.0,136,441.15555555555557,43.2117083820292,50.42121088850095,2.2222222222222223
1992,119520.0,119580.0,117,515.5172413793103,79.05028479541919,27.63236917252946,6.896551724137931
1993,119580.0,119640.0,132,452.29007633587787,24.490025771767172,9.88861038693584,0.0
1994,119640.0,119700.0,126,476.224,24.458280476578228,11.247938879290643,0.0
1995,119700.0,119760.0,124,485.4308943089431,25.87551577083577,11.423300892416716,0.0
1996,119760.0,119820.0,122,490.8429752066116,16.861696368032298,10.549881515922348,0.0
1997,119820.0,119880.0,129,466.234375,32.06550489748616,18.590489482867266,2.34375
1998,119880.0,119940.0,122,492.0495867768595,36.20171525394651,18.0849845636281,2.479338842975207
1999,119940.0,120000.0,123,488.1639344262295,22.28528798165769,8.765069667777418,0.0
2000,120000.0,120060.0,120,500.6218487394958,24.43496785715742,12.654469298249492,0.8403361344537815
2001,120060.0,120120.0,122,488.3636363636364,20.971409108593537,8.536197436017202,0.0
2002,120120.0,120180.0,127,472.95238095238096,23.555502845104247,17.19348713903029,2.380952380952381
2003,120180.0,120240.0,130,461.86046511627904,85.12571073363779,112.42817151408272,12.4031007751938
2004,120240.0,120300.0,121,496.48333333333335,32.948134269192366,14.316940661886058,0.8333333333333334
2005,120300.0,120360.0,132,456.36641221374043,75.58461444041173,111.65661646315458,7.633587786259542
2006,120360.0,120420.0,135,444.43283582089555,157.082682493221,208.55997496618266,43.28358208955223
2007,120420.0,120480.0,128,467.4173228346457,119.91004835933394,112.95567328374493,21.25984251968504
2008,120480.0,120540.0,125,478.7903225806452,253.1992137760417,345.34323682318177,37.096774193548384
2009,120540.0,120600.0,134,447.7293233082707,58.77836231177057,76.14340537313906,3.007518796992481
2010,120600.0,120660.0,118,510.78632478632477,61.1656638324642,29.321640825329933,11.965811965811966
2011,120660.0,120720.0,119,503.2881355932203,26.72880634824478,15.86804561988879,0.847457627118644
2012,120720.0,120780.0,120,501.47899159663865,19.767225373696355,13.844169059541008,0.0
2013,120780.0,120840.0,122,491.0082644628099,14.104665816535435,8.715885879626159,0.0
2014,120840.0,120900.0,123,487.73770491803276,16.522363146513424,7.868758184866328,0.0
2015,120900.0,120960.0,119,504.1694915254237,15.172120791500884,9.397217264046432,0.0
2016,120960.0,121020.0,120,499.2436974789916,9.502868778760945,5.971684598934587,0.0
2017,121020.0,121080.0,123,488.0655737704918,14.570284321359578,6.785984584189645,0.0
2018,121080.0,121140.0,121,495.75,8.582031257470558,6.403780396089839,0.0
2019,121140.0,121200.0,120,500.33613445378154,14.022546802532935,7.387575460625812,0.0
2020,121200.0,121260.0,119,504.40677966101697,11.678190124480523,7.393691004272944,0.0
2021,121260.0,121320.0,118,507.94871794871796,8.806195070405671,7.308474061214713,0.0
2022,121320.0,121380.0,119,503.1186440677966,7.851364399393175,5.791240069144219,0.0
2023,121380.0,121440.0,122,493.900826446281,11.80353404612201,7.620148729957092,0.0
2024,121440.0,121500.0,119,502.5762711864407,19.599584323021524,9.646752254506646,0.0
2025,121500.0,121560.0,121,496.5833333333333,15.223590347918341,7.236694542341804,0.0
2026,121560.0,121620.0,121,495.21666666666664,17.032437334939104,10.427823157223147,0.8333333333333334
2027,121620.0,121680.0,122,490.1818181818182,12.569805089976535,7.309810759064377,0.0
2028,121680.0,121740.0,122,493.78512396694214,16.67893212587377,7.685484153042453,0.0
2029,121740.0,121800.0,126,475.104,29.047742680606177,8.324080885037409,0.0
2030,121800.0,121860.0,128,470.8503937007874,9.45673417583158,5.922783558375663,0.0
2031,121860.0,121920.0,130,460.93023255813955,7.83839313741944,4.993746088859544,0.0
2032,121920.0,121980.0,132,452.80916030534354,8.671007841179527,4.310987750459909,0.0
2033,121980.0,122040.0,109,551.7037037037037,700.7455476868739,986.2263204458635,33.33333333333333
2034,122040.0,122100.0,130,463.08527131782944,218.2986783846758,270.29202957172083,44.18604651162791
2035,122100.0,122160.0,129,464.203125,80.00938521474181,67.75244424216297,3.125
2036,122160.0,122220.0,126,474.496,22.75770837150746,13.741859760506195,0.8
2037,122220.0,122280.0,131,459.2153846153846,81.38929177565312,101.09202193657423,16.923076923076923
2038,122280.0,122340.0,101,594.48,409.31330717965113,558.3902187213135,53.0
2039,122340.0,122400.0,86,702.7058823529412,424.3594282795516,512.170219100382,74.11764705882354
2040,122400.0,122460.0,120,495.8151260504202,210.9799559274813,269.52682958178167,16.80672268907563
2041,122460.0,122520.0,120,499.2436974789916,45.93436112514794,57.47187963824172,1.680672268907563
2042,122520.0,122580.0,115,517.0350877192982,198.1904389353595,232.74901975022422,50.877192982456144
2043,122580.0,122640.0,80,737.2405063291139,435.47372422690216,622.9253978463644,79.74683544303798
2044,122640.0,122700.0,113,528.0714285714286,306.45534378580794,402.7666035521527,37.5
2045,122700.0,122760.0,95,633.8297872340426,194.14652698899798,123.01184487070594,37.234042553191486
2046,122760.0,122820.0,105,570.1923076923077,185.10233731657672,245.46148334479128,32.69230769230769
2047,122820.0,122880.0,112,537.7117117117117,48.626103612133605,30.334498812108603,7.207207207207207
2048,122880.0,122940.0,114,523.858407079646,41.63336300729371,32.877478179272984,4.424778761061947
2049,122940.0,123000.0,122,494.6115702479339,41.61077022054636,34.23789323736689,9.917355371900827
2050,123000.0,123060.0,118,505.3162393162393,37.66381451295622,14.19932004200104,0.0
2051,123060.0,123120.0,117,516.051724137931,33.88621492906651,20.996894180268455,3.4482758620689653
2052,123120.0,123180.0,119,504.1525423728813,37.11857348760321,20.862594834963918,3.389830508474576
2053,123180.0,123240.0,125,478.98387096774195,60.20965860866372,66.57644301273268,18.548387096774192
2054,123240.0,123300.0,127,471.12698412698415,56.496935722495124,63.92896057343651,7.936507936507936
2055,123300.0,123360.0,122,493.702479338843,173.06678116785338,246.17283901085975,35.53719008264463
2056,123360.0,123420.0,116,516.3826086956522,26.059171065937292,29.839923804051157,2.608695652173913
2057,123420.0,123480.0,114,527.3982300884956,67.4901500515616,63.016154391439294,7.964601769911504
2058,123480.0,123540.0,115,520.719298245614,29.22979107398557,14.28781274094653,0.0
2059,123540.0,123600.0,122,493.68595041322317,36.25742063308127,20.849460424672866,2.479338842975207
2060,123600.0,123660.0,118,507.47008547008545,46.191798915625675,53.60391133438704,5.128205128205128
2061,123660.0,123720.0,121,498.26666666666665,105.88052037007343,109.28507167383981,5.0
2062,123720.0,123780.0,126,476.192,22.543755304425357,13.586045972294158,0.0
2063,123780.0,123840.0,125,479.43548387096774,27.242435195366095,32.53316006884423,2.4193548387096775
2064,123840.0,123900.0,122,490.2314049586777,23.113041171085825,17.996295915178397,2.479338842975207
2065,123900.0,123960.0,121,494.3333333333333,22.10187768491355,10.169983846032963,0.0
2066,123960.0,124020.0,122,492.7603305785124,47.20752496396248,48.40110191583108,6.6115702479338845
2067,124020.0,124080.0,120,499.61344537815125,34.65889697788558,14.557891447247108,0.8403361344537815
2068,124080.0,124140.0,123,488.8360655737705,25.12229942091312,10.648400337706416,0.0
2069,124140.0,124200.0,122,492.1652892561983,26.578922447256964,13.951105093623706,1.6528925619834711
2070,124200.0,124260.0,120,501.1932773109244,29.71539500301416,15.536725218284404,0.8403361344537815
2071,124260.0,124320.0,119,500.47457627118644,25.934405048189074,17.48943515040843,0.847457627118644
2072,124320.0,124380.0,120,500.2857142857143,20.359956901632177,11.21439752569913,0.0
2073,124380.0,124440.0,120,501.5966386554622,27.578645425779452,12.74655154428783,0.8403361344537815
2074,124440.0,124500.0,122,491.09090909090907,40.75454984824803,47.44259689350911,4.132231404958678
2075,124500.0,124560.0,115,524.2105263157895,55.89077111022679,51.43567165483572,12.280701754385964
2076,124560.0,124620.0,127,465.8253968253968,77.15170296138167,78.83166876325782,7.936507936507936
2077,124620.0,124680.0,121,495.5833333333333,145.80610950377715,207.68447302611347,30.833333333333336
2078,124680.0,124740.0,120,500.3193277310924,23.068039660567443,14.521754574850911,0.0
2079,124740.0,124800.0,115,524.1578947368421,196.55675750129387,241.57470124825952,28.947368421052634
2080,124800.0,124860.0,106,562.0380952380953,85.56777833182704,36.22260237858295,10.476190476190476
2081,124860.0,124920.0,121,499.76666666666665,29.763418224823745,18.04848744797369,3.3333333333333335
2082,124920.0,124980.0,120,498.38655462184875,21.004079201753083,14.210285126971609,0.8403361344537815
2083,124980.0,125040.0,127,473.1746031746032,101.06386728124582,137.5110177403978,16.666666666666664
2084,125040.0,125100.0,127,468.015873015873,188.04314331033646,205.85462831814104,37.301587301587304
2085,125100.0,125160.0,129,468.296875,214.63964891835636,247.23262022624968,28.90625
2086,125160.0,125220.0,130,458.6511627906977,45.22869857091408,56.306083152710954,1.550387596899225
2087,125220.0,125280.0,123,489.8360655737705,20.675517783891852,13.11109554714178,0.819672131147541
2088,125280.0,125340.0,127,470.73015873015873,19.493758056737114,9.58331884056875,0.0
2089,125340.0,125400.0,121,499.31666666666666,28.815840453896637,19.355150444765233,2.5
2090,125400.0,125460.0,123,486.57377049180326,20.380641452036723,12.048112914203138,0.0
2091,125460.0,125520.0,122,489.9669421487603,40.08073807626666,15.595939642526618,1.6528925619834711
2092,125520.0,125580.0,123,487.62295081967216,30.12297875496282,12.548089314893542,0.0
2093,125580.0,125640.0,121,497.15,15.687413999228593,10.619468406831741,0.0
2094,125640.0,125700.0,128,468.86614173228344,21.813918014025123,7.586537784494028,0.0
2095,125700.0,125760.0,123,488.73770491803276,11.92317229869103,9.041684915750077,0.0
2096,125760.0,125820.0,120,499.15966386554624,14.721126979517331,11.321196558907708,0.0
2097,125820.0,125880.0,121,495.76666666666665,11.245715025847714,11.508126467410582,0.0
2098,125880.0,125940.0,122,490.54545454545456,11.512312249645305,9.539392014169456,0.0
2099,125940.0,126000.0,122,491.73553719008265,8.744301568298944,9.402127418834526,0.0
2100,126000.0,126060.0,125,483.14516129032256,8.26855493945478,5.699807442190374,0.0
2101,126060.0,126120.0,127,471.2063492063492,8.352549273430201,7.369124778425183,0.0
2102,126120.0,126180.0,128,468.8503937007874,14.502369122361692,14.844164050198527,1.574803149606299
2103,126180.0,126240.0,128,468.48818897637796,12.6559266132589,13.677695898043833,1.574803149606299
2104,126240.0,126300.0,126,475.968,11.897367559200212,6.488202693623896,0.0
2105,126300.0,126360.0,126,474.64,6.606936726140625,5.3911516514592925,0.0
2106,126360.0,126420.0,127,475.58730158730157,15.86002261853108,16.827596382133724,2.380952380952381
2107,126420.0,126480.0,126,475.648,11.054305831636597,5.418010585969487,0.0
2108,126480.0,126540.0,130,460.031007751938,12.298334481048723,6.299801584177076,0.0
2109,126540.0,126600.0,136,443.15555555555557,10.777163990660625,4.171688516012056,0.0
2110,126600.0,126660.0,128,466.9133858267717,14.676957224364635,10.060136639546663,0.0
2111,126660.0,126720.0,128,470.99212598425197,16.251737910969993,9.392668535736915,0.0
2112,126720.0,126780.0,129,464.109375,8.366820838579125,6.0183446595342875,0.0
2113,126780.0,126840.0,130,461.06976744186045,7.754218656753508,6.237487474937325,0.0
2114,126840.0,126900.0,129,466.5625,20.786030287626115,15.092366532756058,2.34375
2115,126900.0,126960.0,128,467.90551181102364,9.765043803790066,6.751836904672801,0.0
2116,126960.0,127020.0,129,465.890625,11.300640616640134,6.811292152550908,0.0
2117,127020.0,127080.0,126,475.424,18.25414844587035,11.167348719340453,0.0
2118,127080.0,127140.0,129,465.78125,10.476022491580213,6.757905839724513,0.0
2119,127140.0,127200.0,131,455.89230769230767,19.656447017758726,7.518452751926139,0.0
2120,127200.0,127260.0,131,460.6307692307692,15.483994467675803,10.745830271182133,0.7692307692307693
2121,127260.0,127320.0,127,471.12698412698415,21.66138836805587,12.630122723077555,0.0
2122,127320.0,127380.0,131,458.67692307692306,17.324184549470562,7.900544579404814,0.0
2123,127380.0,127440.0,129,463.65625,26.365223306469453,15.268721566251594,1.5625
2124,127440.0,127500.0,132,456.7175572519084,12.309017838191957,6.54217089351845,0.0
2125,127500.0,127560.0,129,463.265625,9.42394702654122,6.307101359503835,0.0
2126,127560.0,127620.0,132,454.7480916030534,10.399218544198687,5.409393539163005,0.0
2127,127620.0,127680.0,137,439.1470588235294,14.2644491587976,7.9461148205107595,0.0
2128,127680.0,127740.0,132,451.63358778625957,23.67706001333203,15.166765285675428,2.2900763358778624
2129,127740.0,127800.0,136,442.63703703703703,17.29058384389599,6.824013788021276,0.0
2130,127800.0,127860.0,139,432.15942028985506,10.513978444298644,5.924094066686392,0.0
2131,127860.0,127920.0,135,443.4029850746269,17.58678562490363,7.7769661827423935,0.0
2132,127920.0,127980.0,142,423.36170212765956,8.78739080057709,4.2895221179054435,0.0
2133,127980.0,128040.0,140,428.9352517985611,13.673845039372639,14.036185121094093,2.158273381294964
2134,128040.0,128100.0,137,438.6029411764706,11.177543234847475,6.502421201481912,0.0
2135,128100.0,128160.0,135,443.67164179104475,14.376660345775344,5.893796917545018,0.0
2136,128160.0,128220.0,137,436.8529411764706,17.016997781854037,6.085806194501846,0.0
2137,128220.0,128280.0,143,421.53521126760563,39.74861824117549,51.77036036928811,1.4084507042253522
2138,128280.0,128340.0,136,440.0148148148148,16.49151079001231,7.847425664014843,0.0
2139,128340.0,128400.0,137,439.36764705882354,17.32427490803943,19.33869657410202,4.411764705882353
2140,128400.0,128460.0,137,437.55882352941177,10.147624940792689,5.612156118311063,0.0
2141,128460.0,128520.0,135,442.5970149253731,15.86224505200954,15.597377840160242,2.2388059701492535
2142,128520.0,128580.0,134,448.796992481203,13.649153264056368,7.300892431958596,0.0
2143,128580.0,128640.0,137,436.47058823529414,43.65333828420365,51.23569357680538,2.2058823529411766
2144,128640.0,128700.0,138,436.3795620437956,47.57503846662556,49.19558803747488,3.64963503649635
2145,128700.0,128760.0,137,438.47058823529414,174.41002949314458,194.2924866544519,19.11764705882353
2146,128760.0,128820.0,149,399.3783783783784,108.25061658905356,154.05679666486466,22.972972972972975
2147,128820.0,128880.0,134,446.796992481203,128.19160371730115,43.56117259183639,6.015037593984962
2148,128880.0,128940.0,118,508.017094017094,125.72506833851331,34.627575218563045,11.965811965811966
2149,128940.0,129000.0,122,490.198347107438,24.600006719074536,21.319005605327842,3.3057851239669422
2150,129000.0,129060.0,129,467.1875,23.878217926356704,12.27377974754878,0.0
2151,129060.0,129120.0,135,445.089552238806,58.1528272622664,16.356001864529155,1.4925373134328357
2152,129120.0,129180.0,130,460.8062015503876,39.607069586632,23.94590257225649,6.2015503875969
2153,129180.0,129240.0,126,474.56,14.11382301150188,12.381046909718304,0.8
2154,129240.0,129300.0,130,463.6744186046512,14.73895921035984,7.211102550927978,0.0
2155,129300.0,129360.0,134,445.09774436090225,29.47877116534884,15.19070688801465,2.2556390977443606
2156,129360.0,129420.0,130,463.5348837209302,17.623690780996643,10.700467279516348,0.0
2157,129420.0,129480.0,133,448.95454545454544,13.441341965652565,5.994908781433619,0.0
2158,129480.0,129540.0,139,433.231884057971,29.216855912591214,12.832440642633626,1.4492753623188406
2159,129540.0,129600.0,138,433.1240875912409,23.204793259746257,15.700318468107582,1.4598540145985401
2160,129600.0,129660.0,135,445.95522388059703,17.537871233222965,9.447918177817632,0.0
2161,129660.0,129720.0,134,448.7518796992481,27.263697145582146,27.300793639257694,1.5037593984962405
2162,129720.0,129780.0,142,422.73758865248226,38.80089199822803,49.97199215560652,2.127659574468085
2163,129780.0,129840.0,143,419.9577464788732,21.171998515179443,15.843203343976292,2.112676056338028
2164,129840.0,129900.0,138,433.53284671532845,19.189860640334224,9.983810424293686,0.0
2165,129900.0,129960.0,143,418.5633802816901,22.15018524128307,15.940492174965673,2.112676056338028
2166,129960.0,130020.0,151,397.5466666666667,51.62338925015848,73.46441406713994,9.333333333333334
2167,130020.0,130080.0,143,420.7464788732394,32.837108531866704,8.021248377398301,0.0
2168,130080.0,130140.0,139,431.0144927536232,13.24722006769137,18.394699331700142,3.6231884057971016
2169,130140.0,130200.0,150,400.6308724832215,63.867721089816584,88.11417654445911,16.778523489932887
2170,130200.0,130260.0,155,387.94805194805195,92.18025763763667,115.88782044764055,17.532467532467532
2171,130260.0,130320.0,140,428.7913669064748,207.97597669310596,260.62639149178466,19.424460431654676
2172,130320.0,130380.0,140,429.10791366906477,23.55895800194526,16.429912628663224,2.158273381294964
2173,130380.0,130440.0,137,436.75,18.940745810338406,10.084090880634152,0.0
2174,130440.0,130500.0,135,444.1194029850746,18.125313490104865,8.608441389583525,0.0
2175,130500.0,130560.0,141,426.6857142857143,18.216557301471102,11.101882658412089,0.7142857142857143
2176,130560.0,130620.0,141,424.48571428571427,58.223025151219225,75.53702222499048,9.285714285714286
2177,130620.0,130680.0,143,418.90140845070425,35.53967114299951,32.785137611834884,7.746478873239436
2178,130680.0,130740.0,135,445.65671641791045,40.88680587182349,56.28498911788115,5.223880597014925
2179,130740.0,130800.0,124,482.3089430894309,53.26397762848931,25.009506389292564,5.691056910569105
2180,130800.0,130860.0,130,462.8992248062016,22.907369502397692,11.277743568639961,0.0
2181,130860.0,130920.0,134,449.3233082706767,23.7459881371316,23.421694165362112,2.2556390977443606
2182,130920.0,130980.0,131,457.1384615384615,14.552633074386712,6.661238099877215,0.0
2183,130980.0,131040.0,145,413.0138888888889,28.409588185235997,34.60546866520466,3.4722222222222223
2184,131040.0,131100.0,130,462.1860465116279,34.1059396041081,33.20344485140058,2.3255813953488373
2185,131100.0,131160.0,132,453.00763358778624,20.876743108506066,8.512434344036873,0.0
2186,131160.0,131220.0,132,454.3206106870229,19.70211514438625,8.723090489746607,0.0
2187,131220.0,131280.0,144,418.0839160839161,22.33657283391388,15.625908424296714,4.895104895104895
2188,131280.0,131340.0,132,453.37404580152673,97.82624595741656,115.76248894246291,8.396946564885496
2189,131340.0,131400.0,134,450.2706766917293,18.71926888446561,10.313274764284929,0.0
2190,131400.0,131460.0,134,445.4887218045113,43.88943003512787,55.417971048672605,4.511278195488721
2191,131460.0,131520.0,135,447.2835820895522,17.894264188045184,15.77091641317264,1.4925373134328357
2192,131520.0,131580.0,137,437.52941176470586,25.805236671098683,7.282653159188418,0.0
2193,131580.0,131640.0,140,428.9064748201439,56.575829848004034,78.55691189066115,10.071942446043165
2194,131640.0,131700.0,134,446.25563909774434,17.88585615885998,6.4830782064003385,0.0
2195,131700.0,131760.0,132,453.17557251908397,19.792570834700165,8.364761249983813,0.0
2196,131760.0,131820.0,138,433.94160583941607,28.45320369208879,22.11799905852564,2.18978102189781
2197,131820.0,131880.0,129,468.21875,60.04734844369158,49.379456342303094,3.90625
2198,131880.0,131940.0,132,453.3893129770992,13.077033608043807,7.159716367394624,0.0
2199,131940.0,132000.0,118,506.6666666666667,129.84154799680607,56.541714841711155,10.256410256410255
2200,132000.0,132060.0,135,444.8805970149254,58.05649889807813,52.87977568685149,6.7164179104477615
2201,132060.0,132120.0,131,460.4,19.684960615114388,11.729509595410937,0.0
2202,132120.0,132180.0,133,449.6818181818182,16.65790424297776,14.520320060401167,2.272727272727273
2203,132180.0,132240.0,132,453.57251908396944,19.03358591637875,8.416101783531925,0.0
2204,132240.0,132300.0,139,432.81159420289856,42.68071082201049,37.889582182391564,8.695652173913043
2205,132300.0,132360.0,130,461.48837209302326,75.73856310929371,107.0721135497007,9.30232558139535
2206,132360.0,132420.0,132,453.48091603053433,15.447355335031983,8.465313843062079,0.0
2207,132420.0,132480.0,134,449.3233082706767,20.539521722980666,8.814588458740982,0.0
2208,132480.0,132540.0,128,468.1102362204724,19.873100726445273,9.894683517160209,0.0
2209,132540.0,132600.0,129,463.171875,29.162080160567054,10.216552880297028,0.0
2210,132600.0,132660.0,133,452.3636363636364,20.82250424082381,8.420259102829238,0.0
2211,132660.0,132720.0,141,426.15714285714284,20.830342916587103,27.55504628084606,8.571428571428571
2212,132720.0,132780.0,129,465.8125,27.537733596894704,10.49934381151703,0.0
2213,132780.0,132840.0,128,468.31496062992125,21.083997086258535,20.82657033085457,2.3622047244094486
2214,132840.0,132900.0,133,449.030303030303,19.407222781497556,8.590781496322512,0.0
2215,132900.0,132960.0,135,446.95522388059703,19.232986103587216,7.308456323642255,0.0
2216,132960.0,133020.0,124,483.8211382113821,20.795661795517063,12.632251204429213,0.0
2217,133020.0,133080.0,128,467.5748031496063,14.183894110697599,7.904188160474829,0.0
2218,133080.0,133140.0,130,463.37984496124034,26.796453181359194,12.399596767637245,0.0
2219,133140.0,133200.0,133,448.77272727272725,18.15900546638239,9.954093101114177,0.7575757575757576
2220,133200.0,133260.0,129,464.6875,13.500510343226253,9.877995907551608,0.0
2221,133260.0,133320.0,134,449.98496240601503,20.813014926710764,7.72638141027025,0.0
2222,133320.0,133380.0,128,467.496062992126,12.988318326418607,9.545214042184236,0.7874015748031495
2223,133380.0,133440.0,130,460.6356589147287,19.032840854894783,24.931155207891994,5.426356589147287
2224,133440.0,133500.0,139,433.9710144927536,23.848653584540344,21.68924520734259,4.3478260869565215
2225,133500.0,133560.0,130,459.5968992248062,23.03581429665723,18.054604675816083,3.10077519379845
2226,133560.0,133620.0,130,462.1085271317829,12.753210570086312,7.707545004733998,0.0
2227,133620.0,133680.0,131,460.12307692307695,11.785561646666244,6.737607055714165,0.0
2228,133680.0,133740.0,132,454.01526717557255,16.989582660163542,7.105793952283425,0.0
2229,133740.0,133800.0,129,462.296875,20.07715800660161,7.602320408306347,0.0
2230,133800.0,133860.0,129,468.046875,9.00905876125689,6.7741983864902835,0.0
2231,133860.0,133920.0,127,469.5238095238095,17.575307353540893,7.96190931875012,0.0
2232,133920.0,133980.0,127,472.23809523809524,13.613186884152334,7.745966692414834,0.0
2233,133980.0,134040.0,129,467.015625,6.259461342576739,5.575537119706795,0.0
2234,134040.0,134100.0,128,468.34645669291336,8.552710470543879,4.714045207910317,0.0
2235,134100.0,134160.0,129,465.546875,11.526661579371295,6.020960762530928,0.0
2236,134160.0,134220.0,125,479.241935483871,48.749295757722,61.58132965925327,1.6129032258064515
2237,134220.0,134280.0,131,457.6,33.70404709671636,37.42693139703614,4.615384615384616
2238,134280.0,134340.0,123,489.39344262295083,45.38604973297907,19.602664686463353,1.639344262295082
2239,134340.0,134400.0,124,482.8943089430894,29.742284578299607,18.928684105537105,0.8130081300813009
2240,134400.0,134460.0,135,444.8805970149254,18.628963130299717,6.153426822034641,0.0
2241,134460.0,134520.0,126,474.832,22.99113994844606,12.315738684903911,0.8
2242,134520.0,134580.0,135,445.1194029850746,19.65187426295284,7.557299911667342,0.0
2243,134580.0,134640.0,135,446.4925373134328,13.550099890682334,14.634391464418142,2.2388059701492535
2244,134640.0,134700.0,131,456.03076923076924,16.8550309750869,16.09468109935461,2.307692307692308
2245,134700.0,134760.0,134,446.6766917293233,21.526428039132416,13.038404810405298,0.7518796992481203
2246,134760.0,134820.0,132,455.0687022900763,13.682774594748208,7.5528904299052195,0.0
2247,134820.0,134880.0,134,448.6766917293233,15.199456166597207,8.144527815247077,0.0
2248,134880.0,134940.0,133,452.1969696969697,19.35582417977762,8.998727645430838,0.0
2249,134940.0,135000.0,135,444.7164179104478,23.864785754375276,14.136818031655864,2.2388059701492535
2250,135000.0,135060.0,132,453.3587786259542,41.37949486665887,29.600415797495405,6.106870229007633
2251,135060.0,135120.0,132,454.412213740458,19.30439177971512,8.251806329059578,0.0
2252,135120.0,135180.0,133,452.1818181818182,19.00494840415391,8.50145923711367,0.0
2253,135180.0,135240.0,134,446.3308270676692,36.582973727336864,42.437119257898395,4.511278195488721
2254,135240.0,135300.0,136,443.57037037037037,12.043169080586434,6.149869553282253,0.0
2255,135300.0,135360.0,131,455.0,18.23405111748453,8.246211251235321,0.0
2256,135360.0,135420.0,132,454.0763358778626,16.303665619264272,19.28730152198591,2.2900763358778624
2257,135420.0,135480.0,131,459.3076923076923,26.25776995491747,9.22080559462965,0.0
2258,135480.0,135540.0,129,467.09375,26.665450677656278,13.467955552779848,0.78125
2259,135540.0,135600.0,140,426.0431654676259,73.16190805266908,100.31125473289104,21.58273381294964
2260,135600.0,135660.0,138,435.95620437956205,93.7890207901834,139.51860512659445,17.51824817518248
2261,135660.0,135720.0,132,455.0229007633588,40.12853687241594,55.51049796764018,1.5267175572519083
2262,135720.0,135780.0,134,447.4736842105263,28.32484158327639,35.08474588677242,8.270676691729323
2263,135780.0,135840.0,81,745.55,951.7309467158818,1359.561340276592,42.5
2264,135840.0,135900.0,127,469.6666666666667,69.21676097593704,82.49547866398497,7.142857142857142
2265,135900.0,135960.0,132,454.7480916030534,57.81526861298445,80.72460305545972,8.396946564885496
2266,135960.0,136020.0,118,511.14529914529913,313.9916884732742,418.08388862886653,49.572649572649574
2267,136020.0,136080.0,149,402.52702702702703,55.25616854732037,65.60259659702587,6.756756756756757
2268,136080.0,136140.0,142,415.63120567375887,54.66187119105415,64.61247115357396,13.47517730496454
2269,136140.0,136200.0,133,453.42424242424244,49.028753241948394,60.07069626380504,3.0303030303030303
2270,136200.0,136260.0,129,464.5625,23.163829392524548,14.040436541208985,0.78125
2271,136260.0,136320.0,132,455.0534351145038,30.78394011296231,22.771101794227633,6.106870229007633
2272,136320.0,136380.0,128,469.21259842519686,179.55750858050754,216.33373688420795,8.661417322834646
2273,136380.0,136440.0,131,458.2,125.7332848323334,180.53495012615775,14.615384615384617
2274,136440.0,136500.0,133,450.09090909090907,86.19235142077315,116.16808038684016,9.848484848484848
2275,136500.0,136560.0,127,473.3333333333333,191.07175615459235,259.0072740291284,37.301587301587304
2276,136560.0,136620.0,117,514.2758620689655,335.39343765343637,447.62247291760224,46.55172413793103
2277,136620.0,136680.0,126,476.56,147.71651140592064,177.71860686435298,11.200000000000001
2278,136680.0,136740.0,94,640.516129032258,154.33416686888748,78.00083611592,32.25806451612903
2279,136740.0,136800.0,124,483.5772357723577,158.70009906977197,145.88520076854502,21.951219512195124
2280,136800.0,136860.0,128,467.81102362204723,53.04770723221387,60.70642339382087,6.299212598425196
2281,136860.0,136920.0,117,510.9655172413793,32.36045118041002,13.790986344269436,0.0
2282,136920.0,136980.0,120,500.03361344537814,31.125751715953903,16.604063215196373,0.0
2283,136980.0,137040.0,133,453.06060606060606,27.94590127555683,32.9283283687512,7.575757575757576
2284,137040.0,137100.0,115,518.421052631579,264.1384021343129,372.54537052196093,42.98245614035088
2285,137100.0,137160.0,124,484.4390243902439,54.41162881094496,51.54116610321005,11.38211382113821
2286,137160.0,137220.0,91,643.8666666666667,529.203921953755,764.359348397824,63.33333333333333
2287,137220.0,137280.0,112,536.3423423423424,338.6621672913341,318.5678748855429,42.34234234234234
2288,137280.0,137340.0,137,436.0735294117647,56.2946786976638,72.9878731682848,5.147058823529411
2289,137340.0,137400.0,121,499.6333333333333,23.955116761302147,13.7186617668149,0.0
2290,137400.0,137460.0,127,469.5079365079365,36.14432094406998,11.814567279422468,0.0
2291,137460.0,137520.0,97,609.7708333333334,564.0205946065719,685.0658977138814,46.875
2292,137520.0,137580.0,104,576.504854368932,440.8838465544805,595.140220748809,50.48543689320388
2293,137580.0,137640.0,138,435.4014598540146,214.90043727044772,245.52404937913803,29.1970802919708
2294,137640.0,137700.0,121,493.95,322.1181434184168,442.36298263231896,29.166666666666668
2295,137700.0,137760.0,106,565.0857142857143,306.26170666120333,385.727584223334,49.523809523809526
2296,137760.0,137820.0,125,481.85483870967744,187.82177564726314,240.76551356106881,45.96774193548387
2297,137820.0,137880.0,124,485.8373983739837,218.64074785520717,278.3312097036226,30.081300813008134
2298,137880.0,137940.0,133,451.3636363636364,175.7300702750945,253.97854089792946,18.181818181818183
2299,137940.0,138000.0,136,441.02222222222224,92.64854685223533,126.28432738579868,8.148148148148149
2300,138000.0,138060.0,128,468.15748031496065,54.192839859279374,75.440294904236,7.086614173228346
2301,138060.0,138120.0,135,441.85074626865674,130.89871579366766,163.11396449579,11.194029850746269
2302,138120.0,138180.0,131,461.0153846153846,234.44703157470778,279.54276066240686,42.30769230769231
2303,138180.0,138240.0,134,439.2481203007519,208.0300971091879,283.9362391079868,33.83458646616541
2304,138240.0,138300.0,115,522.3333333333334,349.44952074888073,433.9757344058506,42.10526315789473
2305,138300.0,138360.0,118,508.3931623931624,36.409774470353724,28.942273103780103,2.564102564102564
2306,138360.0,138420.0,121,495.8,36.166189698541984,16.97848366501041,0.8333333333333334
2307,138420.0,138480.0,117,514.2758620689655,36.219520609243546,21.814235479732435,2.586206896551724
2308,138480.0,138540.0,128,468.3937007874016,29.502799834934944,21.74527863369754,3.937007874015748
2309,138540.0,138600.0,132,455.9236641221374,49.84431428428857,68.59356327729974,9.923664122137405
2310,138600.0,138660.0,126,473.712,42.24559835823327,57.595362716555684,3.2
2311,138660.0,138720.0,120,502.92436974789916,220.7060764856569,303.03487520947215,22.689075630252102
2312,138720.0,138780.0,126,474.112,81.21151356478879,102.0949905567075,11.200000000000001
2313,138780.0,138840.0,124,483.4146341463415,15.501944261596483,7.276731386558882,0.0
2314,138840.0,138900.0,126,478.096,27.99868199662954,21.13474436454907,2.4
2315,138900.0,138960.0,123,487.88524590163934,22.648297957070763,8.806458936954424,0.0
2316,138960.0,139020.0,124,481.9024390243902,18.91283484492083,10.297222289785042,0.0
2317,139020.0,139080.0,126,478.416,19.789694287684185,8.54400374531753,0.0
2318,139080.0,139140.0,123,488.62295081967216,55.34509733919677,80.56864020897937,2.459016393442623
2319,139140.0,139200.0,121,493.3,27.226593524676993,10.038581037362675,0.0
2320,139200.0,139260.0,119,504.4237288135593,33.90066100751344,23.671541570879587,2.5423728813559325
2321,139260.0,139320.0,124,484.2926829268293,34.1622770834994,30.538876056915914,7.317073170731707
2322,139320.0,139380.0,120,501.05882352941177,22.910028193446784,10.705613924083263,0.0
2323,139380.0,139440.0,117,513.6724137931035,29.23124470778514,13.373562498939595,0.8620689655172413
2324,139440.0,139500.0,118,504.9230769230769,26.939956815287385,15.026413525797693,0.0
2325,139500.0,139560.0,122,493.6363636363636,27.0801280154532,12.712198865656562,0.0
2326,139560.0,139620.0,120,501.21008403361344,30.52114408788695,14.975686509829123,0.8403361344537815
2327,139620.0,139680.0,119,504.0169491525424,26.883090688604828,17.28790892131824,2.5423728813559325
2328,139680.0,139740.0,122,492.0495867768595,31.08747101316687,10.69423520718834,0.0
2329,139740.0,139800.0,128,468.09448818897636,42.689620512925124,20.276657938202174,1.574803149606299
2330,139800.0,139860.0,117,514.5344827586207,40.516111885752686,16.59753779539499,1.7241379310344827
2331,139860.0,139920.0,116,516.104347826087,30.228188863761236,13.903173940292739,0.0
2332,139920.0,139980.0,122,492.26446280991735,26.917085217088832,16.133815419794537,0.8264462809917356
2333,139980.0,140040.0,118,507.43589743589746,22.345015881578846,12.798167972341817,0.0
2334,140040.0,140100.0,122,491.6528925619835,20.5939759573043,12.869861434115494,0.0
2335,140100.0,140160.0,123,488.26229508196724,12.91536549089675,9.408981114862263,0.0
2336,140160.0,140220.0,124,484.5365853658537,16.073750459008394,8.585156843808207,0.0
2337,140220.0,140280.0,123,488.62295081967216,14.52289606893082,10.604848415576498,0.0
2338,140280.0,140340.0,125,479.61290322580646,34.58151902634442,17.16869906668168,2.4193548387096775
2339,140340.0,140400.0,116,517.3217391304348,83.03703969832485,41.50628783479151,6.086956521739131
2340,140400.0,140460.0,123,488.11475409836066,17.03336381918979,9.444050118705857,0.0
2341,140460.0,140520.0,124,481.3170731707317,15.383255253135689,9.555703815514379,0.0
2342,140520.0,140580.0,123,488.6885245901639,10.792622187075022,7.086245552692755,0.0
2343,140580.0,140640.0,120,500.10084033613447,13.347630373065714,13.497017875272439,0.8403361344537815
2344,140640.0,140700.0,123,489.24590163934425,14.70666991842201,10.629757077995249,0.0
2345,140700.0,140760.0,122,492.1322314049587,10.993135849823387,9.086620200419222,0.0
2346,140760.0,140820.0,122,491.6363636363636,15.334057953892481,7.773887916180251,0.0
2347,140820.0,140880.0,124,481.5447154471545,12.49475433047892,9.326500230921406,0.8130081300813009
2348,140880.0,140940.0,131,458.9846153846154,47.26586270219456,61.94145773265682,6.153846153846154
2349,140940.0,141000.0,123,486.8524590163934,23.50019241389402,13.748628782116045,0.819672131147541
2350,141000.0,141060.0,131,459.95384615384614,24.293381731351037,10.147745768693976,0.0
2351,141060.0,141120.0,127,472.3809523809524,19.414986847425737,8.422826129037688,0.0
2352,141120.0,141180.0,130,459.6744186046512,17.40472403126953,9.081230643475585,0.0
2353,141180.0,141240.0,135,443.5970149253731,17.164011748219256,9.585389885034427,0.0
2354,141240.0,141300.0,134,450.406015037594,16.167230977647986,9.32087913658298,0.0
2355,141300.0,141360.0,147,406.90410958904107,17.467340467134772,10.793356832984719,1.36986301369863
2356,141360.0,141420.0,147,408.3424657534247,38.35036993143782,49.464163272776204,5.47945205479452
2357,141420.0,141480.0,134,447.38345864661653,18.25771808757388,8.181649829917799,0.0
2358,141480.0,141540.0,139,431.30434782608694,49.59494451155694,53.58423343664347,2.1739130434782608
2359,141540.0,141600.0,127,473.1904761904762,38.16442621829167,15.560976833091168,1.5873015873015872
2360,141600.0,141660.0,132,455.3893129770992,22.414134455082635,9.04518571480899,0.0
2361,141660.0,141720.0,128,468.4409448818898,18.862768208747568,9.823845301506763,0.0
2362,141720.0,141780.0,128,467.00787401574803,11.751052680296906,8.455297954067822,0.0
2363,141780.0,141840.0,136,443.2,25.986448822185377,8.318294888421923,0.0
2364,141840.0,141900.0,139,429.536231884058,47.247316290415554,54.03486303635519,4.3478260869565215
2365,141900.0,141960.0,137,440.3382352941176,32.01810149789353,16.62483639574192,2.2058823529411766
2366,141960.0,142020.0,130,459.86046511627904,13.933292069965976,7.359093014767513,0.0
2367,142020.0,142080.0,134,447.8496240601504,19.55043835848991,15.212634302586862,3.007518796992481
2368,142080.0,142140.0,131,457.67692307692306,48.210008190042444,39.938324544751005,11.538461538461538
2369,142140.0,142200.0,127,474.41269841269843,14.414031964038287,10.025567315618604,0.0
2370,142200.0,142260.0,136,441.9555555555556,18.42688928593806,12.273013715939609,0.7407407407407408
2371,142260.0,142320.0,124,482.3252032520325,27.139438345106893,11.20889576462798,0.0
2372,142320.0,142380.0,133,449.3939393939394,68.65643613333457,101.40358486217715,12.121212121212121
2373,142380.0,142440.0,124,485.8373983739837,20.15284789854686,12.694390138309384,0.8130081300813009
2374,142440.0,142500.0,127,471.2857142857143,51.31328984079773,77.32011381264256,2.380952380952381
2375,142500.0,142560.0,125,481.2258064516129,121.13063825364165,151.13758336592213,8.870967741935484
2376,142560.0,142620.0,124,482.3739837398374,15.384364200986203,9.610445137333906,0.0
2377,142620.0,142680.0,131,460.2153846153846,30.979108893501447,22.327373959043566,3.8461538461538463
2378,142680.0,142740.0,92,652.2417582417582,208.1612270791476,160.47914367778623,29.67032967032967
2379,142740.0,142800.0,104,577.9417475728155,98.13014819692948,81.36531033241498,27.184466019417474
2380,142800.0,142860.0,114,528.1238938053098,52.54337200680752,30.77162422009695,6.1946902654867255
2381,142860.0,142920.0,123,488.57377049180326,25.384943162924497,15.253234313574069,0.0
2382,142920.0,142980.0,120,499.6470588235294,23.802360029440077,14.692324757493656,0.8403361344537815
2383,142980.0,143040.0,131,458.6923076923077,128.49895762578132,181.41280178411554,24.615384615384617
2384,143040.0,143100.0,120,498.2352941176471,30.432115585725082,13.92838827718412,0.0
2385,143100.0,143160.0,122,493.40495867768595,26.3408992862167,12.873745893613611,0.8264462809917356
2386,143160.0,143220.0,122,491.9669421487603,18.489606938447665,10.04987562112089,0.0
2387,143220.0,143280.0,121,495.0833333333333,28.187721068713927,17.475072281982246,0.8333333333333334
2388,143280.0,143340.0,131,457.84615384615387,100.99493129797716,137.89761396769887,17.692307692307693
2389,143340.0,143400.0,129,465.34375,26.951235490941578,16.465664585318763,2.34375
2390,143400.0,143460.0,133,451.8636363636364,18.700031729275743,12.292863938757067,0.7575757575757576
2391,143460.0,143520.0,127,472.06349206349205,19.302951497321246,10.138244423962169,0.0
2392,143520.0,143580.0,123,488.04918032786884,18.599676731846618,9.354364341386589,0.0
2393,143580.0,143640.0,126,474.128,48.6168323433024,61.16292362049456,2.4
2394,143640.0,143700.0,123,489.42622950819674,13.599901575231403,10.241706985823754,0.0
2395,143700.0,143760.0,124,485.6260162601626,12.719804085242295,8.581336974055679,0.0
2396,143760.0,143820.0,122,488.44628099173553,20.092266511116136,20.34862812738654,3.3057851239669422
2397,143820.0,143880.0,126,476.896,25.069523973503454,9.433981132056603,0.0
2398,143880.0,143940.0,126,478.192,12.545205998642954,6.995390187185254,0.0
2399,143940.0,144000.0,124,484.1951219512195,11.174956292565254,6.8664067010050145,0.0
2400,144000.0,144060.0,126,475.84,19.521039105076746,12.869067690621822,1.6
2401,144060.0,144120.0,128,466.7244094488189,26.995201562251335,28.477783041945646,5.511811023622047
2402,144120.0,144180.0,129,467.1875,49.74735382508727,18.63448669773839,1.5625
2403,144180.0,144240.0,124,482.3577235772358,19.779161944694206,20.24197877970513,2.4390243902439024
2404,144240.0,144300.0,127,472.6507936507937,43.20802100727456,59.47772692361402,3.968253968253968
2405,144300.0,144360.0,131,459.4307692307692,28.646181195372545,24.645706577681604,3.076923076923077
2406,144360.0,144420.0,131,457.0923076923077,12.683656182984363,7.945551141723048,0.0
2407,144420.0,144480.0,137,438.4264705882353,24.039976690979387,5.87272414547873,0.0
2408,144480.0,144540.0,141,426.5857142857143,16.585503644472233,7.080218669142762,0.0
2409,144540.0,144600.0,141,424.04285714285714,18.225553816602968,6.8404215445011,0.0
2410,144600.0,144660.0,135,443.64179104477614,12.781214472208065,5.78824320485035,0.0
2411,144660.0,144720.0,137,440.4117647058824,17.73904276854381,5.732299648418535,0.0
2412,144720.0,144780.0,133,449.8939393939394,12.635378404153402,7.448551270585063,0.0
2413,144780.0,144840.0,134,447.96992481203006,16.55474840314022,6.50174801670499,0.0
2414,144840.0,144900.0,136,439.8222222222222,16.6804321263089,8.090901468140876,0.0
2415,144900.0,144960.0,134,448.4812030075188,20.83288539049078,10.01211387482305,0.7518796992481203
2416,144960.0,145020.0,134,447.69924812030075,12.349693262296777,5.348463387372171,0.0
2417,145020.0,145080.0,131,459.81538461538463,20.22883988342433,10.288851496463494,0.0
2418,145080.0,145140.0,130,461.61240310077517,15.390901369355868,7.719698828322255,0.0
2419,145140.0,145200.0,128,467.6062992125984,17.71205198168255,8.104476521191216,0.7874015748031495
2420,145200.0,145260.0,130,462.15503875968994,36.153848691305306,22.805564014073408,5.426356589147287
2421,145260.0,145320.0,131,458.6,21.469502436799065,8.88514132887646,0.0
2422,145320.0,145380.0,135,441.95522388059703,43.078851582985585,58.271338342108216,8.208955223880597
2423,145380.0,145440.0,130,463.7674418604651,15.915063436444308,7.106335201775948,0.0
2424,145440.0,145500.0,124,483.5772357723577,47.27336062819419,28.639076823659583,4.0650406504065035
2425,145500.0,145560.0,126,475.472,12.580435399409263,9.964452949391912,0.0
2426,145560.0,145620.0,132,456.21374045801525,29.09427848420949,7.49769195255344,0.0
2427,145620.0,145680.0,131,455.81538461538463,19.0835716577182,14.792623344976935,2.307692307692308
2428,145680.0,145740.0,132,456.0458015267176,15.595789666257733,23.53001356696461,2.2900763358778624
2429,145740.0,145800.0,126,474.64,51.432135053184716,59.32469430885177,6.4
2430,145800.0,145860.0,119,505.45762711864404,45.721311881148765,30.39961763142346,4.23728813559322
2431,145860.0,145920.0,124,485.219512195122,41.18700586616017,39.22110505795589,2.4390243902439024
2432,145920.0,145980.0,123,486.1803278688525,17.984390106281598,11.61930567903306,0.0
2433,145980.0,146040.0,131,456.7230769230769,25.29945165463166,8.642781636637862,0.0
2434,146040.0,146100.0,127,473.14285714285717,17.88394331716103,9.551544377743319,0.0
2435,146100.0,146160.0,124,485.9837398373984,25.29108692212045,11.741756787594282,0.8130081300813009
2436,146160.0,146220.0,123,485.37704918032784,21.202030102726013,9.905337070455444,0.0
2437,146220.0,146280.0,126,475.92,13.773279413649156,7.295601856708801,0.0
2438,146280.0,146340.0,123,489.24590163934425,26.225125633056255,12.504544628399563,0.819672131147541
2439,146340.0,146400.0,123,488.1311475409836,17.786126462499787,9.430038167192684,0.0
2440,146400.0,146460.0,127,471.57142857142856,25.5106028376998,15.916783594683945,2.380952380952381
2441,146460.0,146520.0,122,494.11570247933884,23.531960565241416,11.59597631364719,0.0
2442,146520.0,146580.0,125,477.4516129032258,23.11419330923627,12.827815306140609,3.225806451612903
2443,146580.0,146640.0,124,482.8130081300813,28.70292999080948,39.99795076718019,4.878048780487805
2444,146640.0,146700.0,126,477.84,45.31580938971698,50.56519266924056,6.4
2445,146700.0,146760.0,124,482.2926829268293,36.60303931376735,41.90348003858704,3.2520325203252036
2446,146760.0,146820.0,132,456.4732824427481,114.94395478762513,148.99550845062927,22.900763358778626
2447,146820.0,146880.0,127,473.2857142857143,27.952490305618824,13.45213737664019,0.7936507936507936
2448,146880.0,146940.0,124,482.130081300813,34.4832958728662,17.809557205861477,3.2520325203252036
2449,146940.0,147000.0,126,476.912,44.11166475822394,43.740067997056165,3.2
2450,147000.0,147060.0,121,496.4166666666667,15.754195564075893,10.919106683071767,0.0
2451,147060.0,147120.0,125,477.4516129032258,16.936684982321697,5.722583986249114,0.0
2452,147120.0,147180.0,125,483.2258064516129,32.850199219719244,22.109851389262765,4.838709677419355
2453,147180.0,147240.0,120,497.8151260504202,12.078813491619638,9.88407381873675,0.0
2454,147240.0,147300.0,127,474.5079365079365,26.21259118263466,21.277593848929442,5.555555555555555
2455,147300.0,147360.0,119,505.1864406779661,25.37275918362975,28.174668867831716,5.084745762711865
2456,147360.0,147420.0,127,469.53968253968253,37.33794869430313,45.91156716994095,14.285714285714285
2457,147420.0,147480.0,121,497.5833333333333,31.401863492670703,12.519564521113317,0.0
2458,147480.0,147540.0,127,471.4920634920635,75.52310862582351,78.21386066420709,15.873015873015872
2459,147540.0,147600.0,125,481.6290322580645,44.217766311658565,23.732246252622655,4.838709677419355
2460,147600.0,147660.0,122,491.05785123966945,36.11100882940943,12.767145334803704,0.0
2461,147660.0,147720.0,119,503.22033898305085,15.035078978312963,11.547005383792516,0.0
2462,147720.0,147780.0,122,491.1900826446281,29.25585811696146,13.037126472757203,0.0
2463,147780.0,147840.0,122,492.21487603305786,32.78597429073654,14.961060568466841,0.8264462809917356
2464,147840.0,147900.0,126,479.536,121.67199057434122,173.63801798662232,12.8
2465,147900.0,147960.0,117,509.05172413793105,29.449985554757273,13.499114302668962,0.0
2466,147960.0,148020.0,121,497.01666666666665,41.73384724180411,26.76320062255307,4.166666666666666
2467,148020.0,148080.0,125,477.98387096774195,45.816527686895135,16.366732071467016,1.6129032258064515
2468,148080.0,148140.0,118,510.94017094017096,33.35862877523042,16.180021738189225,0.8547008547008548
2469,148140.0,148200.0,126,476.976,30.0425676493828,19.451345421581443,2.4
2470,148200.0,148260.0,138,435.007299270073,29.368975314688438,28.51418635573198,10.218978102189782
2471,148260.0,148320.0,131,457.12307692307695,62.930996464703696,76.33991711900423,11.538461538461538
2472,148320.0,148380.0,98,613.7731958762887,148.41604705709884,128.04084634730174,21.649484536082475
2473,148380.0,148440.0,114,523.3097345132743,41.94194108825098,34.78864757359791,7.079646017699115
2474,148440.0,148500.0,127,472.5238095238095,42.229982578393624,20.114074674217555,3.968253968253968
2475,148500.0,148560.0,126,477.104,114.97726451276664,141.34686230642322,22.400000000000002
2476,148560.0,148620.0,116,517.0608695652174,33.24372700528832,24.447580872681776,2.608695652173913
2477,148620.0,148680.0,120,502.0504201680672,26.83213629134952,17.667359542963375,2.5210084033613445
2478,148680.0,148740.0,127,470.3174603174603,99.87845820144808,123.07851152821112,19.047619047619047
2479,148740.0,148800.0,127,473.0952380952381,105.75401106881412,123.3882976622986,19.841269841269842
2480,148800.0,148860.0,121,498.15,32.14166384339567,15.058429616696703,0.8333333333333334
2481,148860.0,148920.0,120,496.2857142857143,20.216264159377797,11.232519375697677,0.0
2482,148920.0,148980.0,123,489.59016393442624,25.611126875005212,12.549406492172652,0.819672131147541
2483,148980.0,149040.0,123,486.6393442622951,14.573306047470194,12.106961319699266,0.0
2484,149040.0,149100.0,127,475.1111111111111,42.6089609771883,47.075088953713085,7.142857142857142
2485,149100.0,149160.0,129,464.625,155.1565630423609,216.13177665926352,16.40625
2486,149160.0,149220.0,124,483.1219512195122,38.790015904436714,24.47146213482949,4.0650406504065035
2487,149220.0,149280.0,121,497.71666666666664,21.353048050908935,11.227217828476796,0.0
2488,149280.0,149340.0,124,481.9837398373984,21.2687655771947,9.828029504149152,0.8130081300813009
2489,149340.0,149400.0,114,527.1681415929204,301.6437972253883,435.1094279439533,41.5929203539823
2490,149400.0,149460.0,119,504.5762711864407,80.22025308349838,91.93568915372822,19.491525423728813
2491,149460.0,149520.0,124,485.0406504065041,91.45574925451463,128.38671092049833,8.94308943089431
2492,149520.0,149580.0,126,475.424,154.37633447248737,205.43250991270165,28.799999999999997
2493,149580.0,149640.0,120,502.1512605042017,208.00100385413978,276.1932509392776,31.932773109243694
2494,149640.0,149700.0,127,472.8095238095238,20.200876925802717,15.121904641942429,1.5873015873015872
2495,149700.0,149760.0,116,518.0,195.60199475178464,234.59468593015202,50.43478260869565
2496,149760.0,149820.0,124,479.7723577235772,136.18146120960245,171.94699907763228,21.138211382113823
2497,149820.0,149880.0,122,492.57851239669424,182.04860853016314,188.60328735205013,27.27272727272727
2498,149880.0,149940.0,125,478.0,173.56519826503379,213.38601991680468,29.03225806451613
2499,149940.0,150000.0,133,451.57575757575756,120.52354755270387,158.9181939439667,22.727272727272727
2500,150000.0,150060.0,127,472.6825396825397,64.12945043190696,67.2770986294742,3.968253968253968
2501,150060.0,150120.0,120,497.66386554621846,183.9167680814914,258.1299764571382,24.369747899159663
2502,150120.0,150180.0,131,459.7692307692308,52.399558916058595,58.323343552138496,7.6923076923076925
2503,150180.0,150240.0,129,464.5,108.23421672138316,143.2838710969781,26.5625
2504,150240.0,150300.0,130,463.4573643410853,172.20114545531928,213.560222771002,24.8062015503876
2505,150300.0,150360.0,123,488.26229508196724,234.1223739940427,286.48984231917564,33.60655737704918
2506,150360.0,150420.0,132,455.63358778625957,141.2639213619926,178.48585378118906,28.24427480916031
2507,150420.0,150480.0,127,472.93650793650795,98.00757081219764,90.80792916920856,11.904761904761903
2508,150480.0,150540.0,130,461.1007751937984,28.398900991400705,33.185087012090236,9.30232558139535
2509,150540.0,150600.0,122,489.3719008264463,98.49061987751296,124.61433839383545,23.140495867768596
2510,150600.0,150660.0,126,477.744,95.74697030496917,125.36887507954148,18.4
2511,150660.0,150720.0,123,486.9836065573771,169.22677745668045,211.56301446828812,27.86885245901639
2512,150720.0,150780.0,126,479.072,48.98883612126469,47.26896274205388,7.199999999999999
2513,150780.0,150840.0,127,472.41269841269843,156.10546536704064,200.92896257135257,12.698412698412698
2514,150840.0,150900.0,130,461.27131782945736,106.20114699960169,137.85363615081033,27.131782945736433
2515,150900.0,150960.0,116,515.5130434782609,243.22577646529822,296.43229456852015,40.869565217391305
2516,150960.0,151020.0,127,474.5238095238095,124.40351855382318,144.30068606905513,19.841269841269842
2517,151020.0,151080.0,126,474.496,159.69379085834763,212.06412602886678,32.800000000000004
2518,151080.0,151140.0,123,490.672131147541,153.03121502042413,165.11553680943464,31.147540983606557
2519,151140.0,151200.0,127,471.1587301587302,181.2393516959675,189.57341585781484,30.952380952380953
2520,151200.0,151260.0,122,487.3884297520661,196.40211183100968,247.61960073198298,33.88429752066116
2521,151260.0,151320.0,131,459.3692307692308,60.20483619884102,42.23412045056175,7.6923076923076925
2522,151320.0,151380.0,126,474.384,184.190766466761,250.22331961154092,36.8
2523,151380.0,151440.0,117,515.1206896551724,115.70766425875121,130.3346862304222,10.344827586206897
2524,151440.0,151500.0,118,507.96581196581195,54.87099787054329,25.263439577981952,5.128205128205128
2525,151500.0,151560.0,114,528.8849557522124,31.151631524685996,21.013601037695288,0.8849557522123894
2526,151560.0,151620.0,124,483.9674796747967,53.564108205571664,44.68542139496842,6.504065040650407
2527,151620.0,151680.0,118,508.20512820512823,83.15394307750458,113.52365696036739,9.401709401709402
2528,151680.0,151740.0,127,471.26984126984127,41.67424388245818,40.961640592144256,7.936507936507936
2529,151740.0,151800.0,127,475.06349206349205,113.94305567478844,133.75870812773275,19.841269841269842
2530,151800.0,151860.0,121,494.65,171.1853214668661,224.10531737848373,30.0
2531,151860.0,151920.0,125,478.7741935483871,217.77869122805126,292.84680642363224,33.87096774193548
2532,151920.0,151980.0,131,458.8615384615385,142.91319823645725,175.87098865692087,39.23076923076923
2533,151980.0,152040.0,127,474.53968253968253,145.36935857565862,198.23452776950842,28.57142857142857
2534,152040.0,152100.0,125,478.5967741935484,112.67363614525138,155.6306864635175,6.451612903225806
2535,152100.0,152160.0,130,461.2093023255814,114.94629686419088,140.89856723898933,31.007751937984494
2536,152160.0,152220.0,128,471.90551181102364,47.3023763742232,54.3991713288892,1.574803149606299
2537,152220.0,152280.0,125,478.8709677419355,89.41116931936335,112.60695006637926,19.35483870967742
2538,152280.0,152340.0,128,468.2834645669291,124.96544904319826,164.80560939752291,23.62204724409449
2539,152340.0,152400.0,129,465.15625,178.75714566412233,247.71904329188908,26.5625
2540,152400.0,152460.0,139,432.07246376811594,104.98005633891627,150.6672264916499,30.434782608695656
2541,152460.0,152520.0,120,502.84033613445376,74.4232038712546,36.501218925548876,8.403361344537815
2542,152520.0,152580.0,119,503.8305084745763,61.09909354661391,69.196116683688,11.016949152542372
2543,152580.0,152640.0,121,494.9,46.410553711395416,19.267249174604622,2.5
2544,152640.0,152700.0,121,493.3833333333333,63.82159790026741,22.882968603326805,5.0
2545,152700.0,152760.0,122,494.08264462809916,127.22274343167182,155.91226165165244,17.355371900826448
2546,152760.0,152820.0,124,478.6666666666667,76.60658134919564,105.22699896640316,14.634146341463413
2547,152820.0,152880.0,137,437.80882352941177,48.73382196226876,62.17847668577096,9.558823529411764
2548,152880.0,152940.0,132,454.9618320610687,143.41426839110605,199.86949588322724,15.267175572519085
2549,152940.0,153000.0,114,525.3982300884956,240.28537868777025,323.43419511769093,51.32743362831859
2550,153000.0,153060.0,114,522.7433628318585,267.8807296821086,337.0854597025169,39.823008849557525
2551,153060.0,153120.0,122,494.41322314049586,68.14685972484811,81.13034779497333,14.049586776859504
2552,153120.0,153180.0,113,527.7142857142857,183.65888026061876,219.4627346313991,32.142857142857146
2553,153180.0,153240.0,107,561.3396226415094,209.0063059788002,275.34103528948555,48.113207547169814
2554,153240.0,153300.0,119,507.9491525423729,44.63294698471785,53.2036885810794,13.559322033898304
2555,153300.0,153360.0,125,480.2258064516129,33.86170792461583,28.35661406049054,5.64516129032258
2556,153360.0,153420.0,121,493.53333333333336,26.298523246181944,18.112626173218402,0.0
2557,153420.0,153480.0,124,485.0081300813008,24.26138263698815,15.501454188791874,0.0
2558,153480.0,153540.0,121,497.5833333333333,26.340875776911403,16.90209076620131,0.8333333333333334
2559,153540.0,153600.0,119,502.3728813559322,36.52976695351492,21.49855888630757,3.389830508474576
2560,153600.0,153660.0,124,484.2926829268293,22.443638591696892,11.599886941224053,0.0
2561,153660.0,153720.0,123,488.7704918032787,21.753611606764263,11.799985992427601,0.0
2562,153720.0,153780.0,125,479.30645161290323,21.554309330647015,8.98055713773177,0.0
2563,153780.0,153840.0,120,499.8655462184874,25.736251676083487,14.581158029852274,0.0
2564,153840.0,153900.0,123,487.1311475409836,23.44677490013757,10.299642936922579,0.0
2565,153900.0,153960.0,126,476.32,19.08115097630762,11.190433702569928,0.0
2566,153960.0,154020.0,125,480.69354838709677,20.4041193909365,9.475685615625862,0.0
2567,154020.0,154080.0,129,465.625,14.463094494685594,7.521098931263853,0.0
2568,154080.0,154140.0,130,460.7751937984496,26.828518032961885,19.252434910940487,2.3255813953488373
2569,154140.0,154200.0,130,462.17054263565893,13.095874846091656,8.212033852828421,0.0
2570,154200.0,154260.0,128,465.87401574803147,17.97661272805178,10.592000575456753,0.7874015748031495
2571,154260.0,154320.0,132,456.21374045801525,10.85074094144145,6.211651582680357,0.0
2572,154320.0,154380.0,131,455.95384615384614,10.107838341858269,7.616790917175618,0.0
2573,154380.0,154440.0,130,462.3720930232558,17.740785357933824,7.927404997853963,0.0
2574,154440.0,154500.0,131,460.0923076923077,13.082591636812612,7.845405508761114,0.0
2575,154500.0,154560.0,133,451.07575757575756,6.664960457120532,4.312240699141022,0.0
2576,154560.0,154620.0,130,460.015503875969,8.179609266458758,5.25,0.0
2577,154620.0,154680.0,127,471.55555555555554,21.30898610654409,9.664781425360845,0.0
2578,154680.0,154740.0,133,453.92424242424244,5.818660704904277,4.354518579713342,0.0
2579,154740.0,154800.0,130,458.7751937984496,7.843429087137923,5.226136240091718,0.0
2580,154800.0,154860.0,132,457.60305343511453,11.962556576066183,13.346275769782254,2.2900763358778624
2581,154860.0,154920.0,132,454.19847328244276,8.692543088389694,4.948970366885185,0.0
2582,154920.0,154980.0,131,455.3538461538462,6.246687852248957,4.7479085562924155,0.0
2583,154980.0,155040.0,132,457.23664122137404,7.707969962286989,6.596036105699567,0.0
2584,155040.0,155100.0,132,451.8167938931298,7.031578799319492,3.945786457631833,0.0
2585,155100.0,155160.0,132,457.2519083969466,13.106277715689345,17.172428706863442,2.2900763358778624
2586,155160.0,155220.0,132,452.59541984732823,5.52306858124553,4.550570547490975,0.0
2587,155220.0,155280.0,127,472.95238095238096,33.29164631383846,13.05005747113782,0.0
2588,155280.0,155340.0,131,457.7076923076923,11.078609988822448,8.274365007604496,0.0
2589,155340.0,155400.0,132,454.67175572519085,9.8374815007873,5.873015213015176,0.0
2590,155400.0,155460.0,133,450.42424242424244,7.704584946166165,5.514726986937614,0.0
2591,155460.0,155520.0,131,460.3692307692308,9.87922294086559,5.393076238829695,0.0
2592,155520.0,155580.0,132,454.7480916030534,9.095513273841188,5.632324291362929,0.0
2593,155580.0,155640.0,132,451.89312977099235,7.978096850750374,4.09878030638384,0.0
2594,155640.0,155700.0,131,457.7230769230769,7.103897155803885,6.317196905605052,0.0
2595,155700.0,155760.0,132,455.9541984732824,7.348325393134293,4.5302402721132715,0.0
2596,155760.0,155820.0,132,455.31297709923666,16.296806657211974,15.737265914431848,1.5267175572519083
2597,155820.0,155880.0,131,457.8,9.813295837474708,7.88482990530924,0.0
2598,155880.0,155940.0,134,448.2706766917293,8.9435331466194,6.476063151282108,0.0
2599,155940.0,156000.0,137,437.02941176470586,26.168666923255852,10.796432881417962,0.0
2600,156000.0,156060.0,129,463.1875,16.29924398034181,12.73348861402344,0.78125
2601,156060.0,156120.0,139,432.7971014492754,17.82238378556168,6.137119322340274,0.0
2602,156120.0,156180.0,136,440.962962962963,13.311092561663944,7.190374992815982,0.0
2603,156180.0,156240.0,136,441.97037037037035,10.800732935840713,6.279556976482937,0.0
2604,156240.0,156300.0,135,444.8059701492537,14.044225320081114,7.283723744002608,0.0
2605,156300.0,156360.0,132,454.80916030534354,21.703992721587426,10.7374255616655,0.0
2606,156360.0,156420.0,138,434.8029197080292,15.470008658149215,13.237646849710377,1.4598540145985401
2607,156420.0,156480.0,135,445.17910447761193,21.119370984263647,10.445706388506581,0.0
2608,156480.0,156540.0,128,465.90551181102364,62.5271284705739,37.86986907987647,6.299212598425196
2609,156540.0,156600.0,139,432.3623188405797,17.682083814256366,7.485265331322061,0.0
2610,156600.0,156660.0,136,441.2,20.543655737107166,9.79643553818078,0.7407407407407408
2611,156660.0,156720.0,145,413.56944444444446,18.296949486959857,5.9060239485730905,0.0
2612,156720.0,156780.0,141,424.3857142857143,29.498344232105058,14.353201332427851,1.4285714285714286
2613,156780.0,156840.0,139,432.3188405797101,12.63351209454492,6.2851928876555965,0.0
2614,156840.0,156900.0,138,435.82481751824815,17.287320162060205,7.118740800748072,0.0
2615,156900.0,156960.0,141,425.4428571428571,20.15489351956989,12.352147164292747,0.7142857142857143
2616,156960.0,157020.0,146,409.29655172413794,21.322303182977674,9.454569735788557,0.0
2617,157020.0,157080.0,141,427.7142857142857,20.828275508001248,8.646536296578969,0.7142857142857143
2618,157080.0,157140.0,147,408.28767123287673,47.52755409946291,66.52186573367929,2.73972602739726
2619,157140.0,157200.0,130,459.48837209302326,37.68477732268648,13.310005634859815,0.7751937984496124
2620,157200.0,157260.0,139,434.04347826086956,11.368974021218644,5.931482255880465,0.0
2621,157260.0,157320.0,137,435.8529411764706,13.711595207606404,6.863753427324667,0.0
